cohort,subject,label,V_hippocampus,n_hippocampus,V_amygdala,n_amygdala,V_parahippocampal,n_parahippocampal,V_latventricle,n_latventricle,V_brainstem,n_brainstem,V_mtl,n_mtl,V_brain,n_brain,frac_hippocampus,frac_amygdala,frac_parahippocampal,frac_latventricle,frac_mtl,frac_brainstem
ADNI,ADNI-1632_S_PC91AF5_CN_M_Sagittal_3D_Accelerated_MPRAGE,0.0,12375.07421875,11263,5671.8359375,5324,16080.75390625,15654,35487.19921875,17582,38556.578125,38610,33635.51171875,31764,1775048.625,1735619,0.6971681814491139,0.31953129945947256,0.9059331490848597,1.9992240617492945,1.8949064969276546,2.172142080051469
ADNI,ADNI-1634_S_PE1AF4D_CN_F_Sagittal_3D_Accelerated_MPRAGE,0.0,12063.484375,11263,5951.9677734375,5324,15488.1904296875,15654,37597.1875,17582,42489.36328125,38610,33015.0625,31764,1740941.125,1735619,0.6929289107924312,0.3418821973912242,0.889644698908902,2.159589831046125,1.896391671487455,2.4405973683486857
ADNI,ADNI-0027_S_PEB2688_CN_M_Accelerated_Sagittal_MPRAGE,0.0,14448.044921875,11263,7001.9296875,5324,15909.48046875,15654,37256.41015625,17582,43737.43359375,38610,36760.234375,31764,1790201.625,1735619,0.8070624403480251,0.3911252000734834,0.8886976889404846,2.0811292781755797,2.0534130827302763,2.4431568479751546
ADNI,ADNI-1794_S_PEB9872_CN_M_Accelerated_Sagittal_MPRAGE_ND,0.0,12454.521484375,11263,6340.498046875,5324,13933.6640625,15654,26404.619140625,17582,49180.046875,38610,32272.46875,31764,1773768.5,1735619,0.7021503360993839,0.3574591637451561,0.7855401684323517,1.4886169835931238,1.819429578888113,2.7726305250657006
ADNI,ADNI-2080_S_P19E73A_CN_F_Accelerated_Sagittal_MPRAGE,0.0,14614.48046875,11263,5955.54638671875,5324,14801.4208984375,15654,61155.296875,17582,43801.73828125,38610,34905.48046875,31764,1745756.375,1735619,0.8371431820634193,0.34114418666915935,0.8478514591383062,3.503083119200982,1.9994474010584666,2.5090407177376055
ADNI,ADNI-2081_S_P8CB0D6_CN_M_Accelerated_Sagittal_MPRAGE,0.0,14244.3369140625,11263,6481.99609375,5324,15075.5302734375,15654,49400.54296875,17582,41487.15625,38610,35296.07421875,31764,1755491.25,1735619,0.8114160018776795,0.3692411508032296,0.858764193409537,2.81405805746682,2.010609521337688,2.363279010932125
ADNI,ADNI-0176_S_P48A98E_CN_M_Accelerated_Sag_IR-FSPGR,0.0,16395.8828125,11263,6536.9765625,5324,15709.5400390625,15654,72260.453125,17582,37728.984375,38610,38116.515625,31764,1736645.0,1735619,0.94411251651892,0.3764140951374633,0.9045913263253285,4.160922533102621,2.1948363439275154,2.17252140621716
ADNI,ADNI-0136_S_P2C503C_CN_M_Sagittal_3D_Accelerated_MPRAGE,0.0,12440.125,11263,6351.21240234375,5324,17852.86328125,15654,30118.669921875,17582,38687.46875,38610,36108.85546875,31764,1797175.25,1735619,0.6922043356650944,0.3533997256162831,0.9933846619159705,1.6758894226856842,2.0092005756672866,2.1526820353218197
ADNI,ADNI-0476_S_P0E1221_CN_M_Accelerated_Sag_IR-FSPGR_(MSV21),0.0,13183.37109375,11263,6319.3623046875,5324,15521.701171875,15654,47550.45703125,17582,43785.8671875,38610,34487.4140625,31764,1763240.75,1735619,0.7476784491142233,0.3583947515214527,0.8802939231001212,2.6967648649936202,1.955910675414007,2.4832608472495887
ADNI,ADNI-0478_S_P6C9374_CN_M_Accelerated_Sag_IR-FSPGR_(MSV21),0.0,10675.0703125,11263,5152.27001953125,5324,13533.4169921875,15654,42130.3125,17582,40127.59375,38610,28949.05078125,31764,1792136.625,1735619,0.5956616344749943,0.2874931491080514,0.7551554275158848,2.3508426708259478,1.615337267115447,2.239092332036906
ADNI,ADNI-0244_S_PEF89F6_CN_M_Accelerated_Sagittal_MPRAGE_(MSV21),0.0,13489.30078125,11263,5928.7529296875,5324,15020.9150390625,15654,25895.326171875,17582,44953.578125,38610,33969.5390625,31764,1786771.0,1735619,0.7549540921164491,0.33181380992234033,0.8406737650802761,1.4492806393138795,1.9011691516428237,2.515911559175742
ADNI,ADNI-1163_S_PE0CBDE_CN_F_Accelerated_Sagittal_MPRAGE_ND,0.0,11463.0341796875,11263,5483.65771484375,5324,14362.134765625,15654,20555.24609375,17582,42208.7421875,38610,30870.970703125,31764,1777474.875,1735619,0.644905553429412,0.30850831097366427,0.8080077511995774,1.1564296285060007,1.736788020878495,2.374646346970165
ADNI,ADNI-1660_S_PB29B52_CN_F_Sagittal_3D_Accelerated_MPRAGE,0.0,13623.111328125,11263,7138.7294921875,5324,15381.115234375,15654,58995.01171875,17582,41160.921875,38610,35596.6640625,31764,1731245.875,1735619,0.7868963920636056,0.41234636831625665,0.8884419859989559,3.4076622258377944,2.05612989908207,2.3775318381625024
ADNI,ADNI-0452_S_P814F44_CN_F_Accelerated_Sag_IR-FSPGR_(MSV21),0.0,11758.693359375,11263,5691.6025390625,5324,15199.53125,15654,21656.166015625,17582,42339.65625,38610,32159.259765625,31764,1791845.875,1735619,0.6562335256303782,0.31763906809577025,0.8482610843971166,1.2085953550901802,1.7947559114494152,2.3629072589739337
ADNI,ADNI-0305_S_PEA2100_CN_F_Accelerated_Sagittal_MPRAGE_ND,0.0,12682.044921875,11263,6271.67626953125,5324,14102.6962890625,15654,26806.689453125,17582,44903.86328125,38610,32545.193359375,31764,1750562.75,1735619,0.7244553171187379,0.3582662929124506,0.8056092984420296,1.5313183976481277,1.8591274925377568,2.5651101784983146
ADNI,ADNI-0908_S_PE00A59_CN_F_Accelerated_Sagittal_MPRAGE_(MSV21),0.0,12026.54296875,11263,6083.060546875,5324,14906.244140625,15654,19685.3828125,17582,41861.83984375,38610,32552.08203125,31764,1785966.25,1735619,0.6733913907247687,0.3406033314949261,0.8346319053131603,1.102225913423616,1.822659416506331,2.343932302402131
ADNI,ADNI-0776_S_P5F8316_CN_F_Accelerated_Sagittal_MPRAGE_(MSV21),0.0,13400.107421875,11263,6351.736328125,5324,15736.10546875,15654,31671.50390625,17582,41392.68359375,38610,34936.97265625,31764,1786715.75,1735619,0.7499854088080323,0.35549786406287626,0.880727976386283,1.772610103551726,1.955373855984087,2.3166910345839846
ADNI,ADNI-2085_S_PB4C923_CN_M_Accelerated_Sagittal_MPRAGE,0.0,12869.85546875,11263,6496.64990234375,5324,17162.51953125,15654,27637.56640625,17582,43315.20703125,38610,35982.5625,31764,1795297.75,1735619,0.7168646798978053,0.3618703305534556,0.9559706478354357,1.5394419341443502,2.004267119479206,2.412703242749009
ADNI,ADNI-0034_S_P02801C_CN_F_Accelerated_Sagittal_MPRAGE_(MSV21),0.0,11977.818359375,11263,5891.4248046875,5324,17053.484375,15654,13637.5029296875,17582,43213.625,38610,34461.578125,31764,1791680.5,1735619,0.668524235173347,0.32882117122374777,0.9518150348234521,0.7611570773744258,1.9234220679970562,2.4119046336665493
ADNI,ADNI-0446_S_PD340B0_CN_M_Accelerated_Sagittal_MPRAGE,0.0,13121.1552734375,11263,6253.21337890625,5324,15087.4169921875,15654,40724.83984375,17582,42216.640625,38610,33981.92578125,31764,1753369.25,1735619,0.7483395339251843,0.3566398451955428,0.8604814412131101,2.322661917548172,1.9380929476919935,2.4077438694102797
ADNI,ADNI-0401_S_PC01846_CN_F_Sagittal_3D_Accelerated_MPRAGE_(MSV21),0.0,13283.302734375,11263,6127.763671875,5324,15200.9951171875,15654,47889.23046875,17582,41186.61328125,38610,34097.828125,31764,1736496.0,1735619,0.7649486514437696,0.3528809552037551,0.8753832497850558,2.7578082799355714,1.9635995778279938,2.3718231013057327
ADNI,ADNI-0736_S_PBEDFB5_CN_M_Accelerated_Sagittal_MPRAGE_(MSV21),0.0,11788.2939453125,11263,5970.04541015625,5324,14269.5400390625,15654,30503.044921875,17582,44116.6171875,38610,31566.71875,31764,1777369.0,1735619,0.6632440391000687,0.3358922885543886,0.8028462316526562,1.7161908934990426,1.7760363070358491,2.4821304516676053
ADNI,ADNI-1010_S_P19A578_CN_F_Accelerated_Sagittal_MPRAGE,0.0,11523.9091796875,11263,5270.99169921875,5324,14217.154296875,15654,27225.474609375,17582,42817.8671875,38610,30573.5078125,31764,1767864.125,1735619,0.6518549144543277,0.2981559286531,0.8041994911161513,1.5400207642866786,1.729403712658064,2.4220112044810005
ADNI,ADNI-0454_S_P48B645_CN_F_Accelerated_Sag_IR-FSPGR_(MSV21),0.0,12687.4248046875,11263,5208.703125,5324,14098.630859375,15654,23238.990234375,17582,43407.96875,38610,31534.02734375,31764,1796565.125,1735619,0.706204558250428,0.28992565048261193,0.7847547891911237,1.293523397008778,1.7552398688441644,2.4161644989073245
ADNI,ADNI-0381_S_PF4AABB_CN_M_MPRAGE,0.0,14490.158203125,11263,7412.29296875,5324,18571.275390625,15654,56394.109375,17582,43315.62109375,38610,39857.703125,31764,1749861.625,1735619,0.8280745172136111,0.42359309232522885,1.061299655087013,3.222775365166374,2.277763141699847,2.4753740795790065
ADNI,ADNI-0792_S_PE2EA56_CN_M_Accelerated_Sagittal_MPRAGE,0.0,16955.69921875,11263,5511.21875,5324,14227.2392578125,15654,70401.609375,17582,44847.14453125,38610,36243.640625,31764,1716055.75,1735619,0.9880622595594577,0.32115615999072294,0.829066261851487,4.1025246047513315,2.112031653109172,2.613385056473253
ADNI,ADNI-2038_S_P301B42_CN_M_Accelerated_Sagittal_MPRAGE_(MSV21),0.0,11762.314453125,11263,5628.34765625,5324,15201.15625,15654,24611.580078125,17582,47113.90234375,38610,32132.46484375,31764,1793827.25,1735619,0.6557105458803237,0.3137619665578165,0.8474147245784118,1.3720150632188801,1.7912797814700385,2.6264459046293336
ADNI,ADNI-1335_S_PF70AB9_CN_F_CS_Sagittal_MPRAGE_(MSV22),0.0,11374.7880859375,11263,5474.37353515625,5324,15169.1484375,15654,30475.890625,17582,40782.30078125,38610,31607.546875,31764,1798480.5,1735619,0.6324665786444447,0.3043888179580624,0.8434424747724538,1.6945355051111202,1.7574584142002094,2.267597607049395
ADNI,ADNI-1338_S_PCBE587_CN_F_CS_Sagittal_MPRAGE_(MSV22),0.0,12585.763671875,11263,6085.1171875,5324,16411.328125,15654,32068.708984375,17582,38810.48046875,38610,34602.671875,31764,1777059.25,1735619,0.7082354553949172,0.34242624085268963,0.9235104639870617,1.804594246611361,1.9471872913072539,2.183972226516927
ADNI,ADNI-1667_S_PADA5CB_CN_M_MPRAGE_Repeat,0.0,14349.060546875,11263,6445.29150390625,5324,15117.25,15654,54340.9921875,17582,43943.62890625,38610,35399.79296875,31764,1750865.375,1735619,0.8195410539131257,0.3681203361455617,0.8634158979813054,3.1036647913321147,2.021845509895357,2.50982340125665
ADNI,ADNI-1795_S_P210121_CN_F_Accelerated_Sagittal_MPRAGE_ND,0.0,12205.728515625,11263,5827.03759765625,5324,14519.0078125,15654,30198.576171875,17582,42742.01953125,38610,32076.43359375,31764,1754538.875,1735619,0.6956658920210589,0.33211219658249236,0.8275113204601978,1.7211688268733858,1.8281973714461015,2.436082787350608
ADNI,ADNI-0298_S_PDE84C7_CN_F_Accelerated_Sagittal_MPRAGE_ND,0.0,12998.2099609375,11263,6906.91943359375,5324,14489.40625,15654,21880.25390625,17582,43166.234375,38610,33866.15625,31764,1802423.125,1735619,0.7211519748415067,0.3832018873811192,0.8038848397487133,1.2139354851125759,1.878923754376487,2.39490016391129
ADNI,ADNI-0167_S_P2B5F99_CN_M_Accelerated_Sagittal_MPRAGE,0.0,12650.0302734375,11263,6511.2880859375,5324,14648.9599609375,15654,24242.890625,17582,44894.69140625,38610,33293.8125,31764,1778851.125,1735619,0.7111348496596364,0.3660389559546474,0.8235067991391072,1.3628397724964194,1.8716469316677637,2.5238026260488775
ADNI,ADNI-0036_S_PA784DE_CN_M_Accelerated_Sagittal_MPRAGE_(MSV21),0.0,11382.7080078125,11263,5066.59375,5324,15256.712890625,15654,34290.71484375,17582,39710.11328125,38610,31294.958984375,31764,1737904.625,1735619,0.6549673580512222,0.2915346260730505,0.8778797565272031,1.9731068293664273,1.800729368815334,2.284942033642957
ADNI,ADNI-0742_S_P5D78F5_CN_M_Accelerated_Sagittal_MPRAGE_(MSV21),0.0,12307.224609375,11263,5962.36083984375,5324,13797.037109375,15654,23933.478515625,17582,43615.296875,38610,31609.92578125,31764,1769778.75,1735619,0.6954103505522936,0.3368986569560602,0.7795910708824478,1.352342970307729,1.7860947749118357,2.4644491225244964
ADNI,ADNI-1188_S_P48B597_CN_M_Accelerated_Sagittal_MPRAGE_(MSV21),0.0,12984.3935546875,11263,6661.24267578125,5324,15474.900390625,15654,29654.78515625,17582,46020.91796875,38610,34570.54296875,31764,1787155.5,1735619,0.7265396634309381,0.3727287679097454,0.8658955748744304,1.6593287576962386,1.9343891994149363,2.5750931001107626
ADNI,ADNI-0491_S_P18E89E_CN_M_Accelerated_Sagittal_MPRAGE_(MSV21),0.0,12212.80859375,11263,5985.52001953125,5324,14685.728515625,15654,27358.158203125,17582,39962.734375,38610,32370.59375,31764,1768691.875,1735619,0.6904995022804636,0.3384150797623385,0.8303158239829084,1.5468018251129807,1.8301997203441667,2.2594514590055437
ADNI,ADNI-1349_S_P5833E2_CN_F_Accelerated_Sagittal_MPRAGE_(MSV21),0.0,13261.3759765625,11263,6378.9345703125,5324,14851.2666015625,15654,47672.06640625,17582,40602.84765625,38610,33978.7265625,31764,1757581.5,1735619,0.7545240989713706,0.3629381949179882,0.8449830976010215,2.7123673301209643,1.9332660569367623,2.3101544739888307
ADNI,ADNI-0323_S_P392573_CN_M_Accelerated_Sagittal_MPRAGE_(MSV21),0.0,17031.451171875,11263,6618.94873046875,5324,15194.607421875,15654,60400.875,17582,46730.02734375,38610,38332.9609375,31764,1731145.125,1735619,0.9838257304900998,0.382345109886079,0.8777200248809297,3.489070565357714,2.21431238686589,2.6993708770516855
ADNI,ADNI-0236_S_P6B2394_CN_F_Accelerated_Sagittal_MPRAGE_(MSV21),0.0,13141.447265625,11263,6315.8310546875,5324,16108.076171875,15654,29456.26171875,17582,44098.48046875,38610,35028.5859375,31764,1777227.75,1735619,0.7394351830048231,0.35537544665772297,0.9063597038632218,1.6574275142142023,1.9709677579308562,2.481307219558664
ADNI,ADNI-1029_S_P33E311_CN_M_Accelerated_Sagittal_MPRAGE_(MSV21),0.0,13580.396484375,11263,6444.45556640625,5324,15986.943359375,15654,30036.234375,17582,42130.921875,38610,35503.90625,31764,1773956.125,1735619,0.7655429744281302,0.36328156461063826,0.9012028614504206,1.6931779738915471,2.001397089231843,2.3749697797627323
ADNI,ADNI-0638_S_P25F12C_CN_M_Accelerated_Sagittal_MPRAGE_(MSV22),0.0,12173.427734375,11263,5883.8671875,5324,15318.2197265625,15654,49504.265625,17582,38910.78515625,38610,32938.375,31764,1773621.625,1735619,0.6863599069150389,0.3317430902151974,0.8636689759893121,2.7911401692004065,1.8571252478949676,2.1938605510772344
ADNI,ADNI-0494_S_P36F1B9_CN_F_Accelerated_Sagittal_MPRAGE_(MSV21),0.0,11953.75,11263,5507.52099609375,5324,14550.20703125,15654,22367.587890625,17582,45969.9296875,38610,31574.84375,31764,1782586.5,1735619,0.6705845691078666,0.3089623418607596,0.8162412893427612,1.254782749147096,1.7712937773286177,2.578833043305332
ADNI,ADNI-0490_S_P788FAF_CN_F_Accelerated_Sagittal_MPRAGE_(MSV21),0.0,12381.337890625,11263,5844.71630859375,5324,15142.01171875,15654,32807.65234375,17582,41398.76171875,38610,32898.703125,31764,1767208.75,1735619,0.7006154700527032,0.3307315170657541,0.856832092912057,1.8564672873960137,1.8616195242921925,2.342607330274366
ADNI,ADNI-1342_S_PCCA664_CN_F_CS_Sagittal_MPRAGE_(MSV22),0.0,11791.0751953125,11263,5550.5048828125,5324,14973.31640625,15654,36975.2890625,17582,40317.19140625,38610,31836.44921875,31764,1729039.0,1735619,0.6819438540896128,0.3210167545562882,0.8659906691665139,2.138487857272161,1.8412799953471264,2.331768769024296
ADNI,ADNI-1034_S_P3FA537_CN_M_Accelerated_Sagittal_MPRAGE_(MSV21),0.0,13198.466796875,11263,6464.1689453125,5324,15775.828125,15654,37476.47265625,17582,39783.5390625,38610,34945.703125,31764,1768319.125,1735619,0.7463848923126362,0.36555443267699206,0.8921369396488318,2.1193274520655314,1.9762102117738507,2.2497940841136352
ADNI,ADNI-1035_S_P0D5D09_CN_M_Accelerated_Sagittal_MPRAGE_(MSV21),0.0,12941.078125,11263,6036.76953125,5324,14229.5107421875,15654,47440.91796875,17582,42942.38671875,38610,32738.744140625,31764,1733556.75,1735619,0.7465044409420113,0.3482302803903016,0.8208275121185101,2.736623301703276,1.8885302797629784,2.4771261003569687
ADNI,ADNI-1592_S_P82089B_CN_M_Accelerated_Sagittal_MPRAGE_(MSV21),0.0,12060.3779296875,11263,6432.78466796875,5324,15106.0625,15654,35002.1171875,17582,41872.44921875,38610,33104.5546875,31764,1801183.25,1735619,0.6695808396889933,0.35714215463466864,0.8386743825204903,1.9432846262311176,1.8379337409172551,2.3247189989552703
ADNI,ADNI-0633_S_PC654CB_CN_M_Accelerated_Sagittal_MPRAGE_(MSV22),0.0,13139.015625,11263,6039.625,5324,15823.400390625,15654,50326.078125,17582,42319.703125,38610,34471.9140625,31764,1759334.5,1735619,0.7468173690108391,0.3432903180151358,0.899396924838625,2.8605178904295916,1.959372368500703,2.4054381429455285
ADNI,ADNI-1192_S_PA90059_CN_M_Accelerated_Sagittal_MPRAGE_(MSV21),0.0,12177.4091796875,11263,6202.2578125,5324,15741.7822265625,15654,21617.98828125,17582,46418.3203125,38610,33587.14453125,31764,1764289.75,1735619,0.6902159455207116,0.3515441730872154,0.8922447249133822,1.2253082738393735,1.9037204365807827,2.630991894188582
ADNI,ADNI-1039_S_PED2F66_CN_M_Accelerated_Sagittal_MPRAGE_(MSV21),0.0,12340.28515625,11263,5327.2705078125,5324,14204.587890625,15654,28035.572265625,17582,42360.9609375,38610,31442.759765625,31764,1766685.125,1735619,0.698499408956647,0.3015404631208688,0.8040248762849012,1.5869026047086348,1.779760259521345,2.3977651896231365
ADNI,ADNI-0814_S_P837C07_CN_M_Accelerated_Sagittal_MPRAGE_(MSV21),0.0,14273.7197265625,11263,7103.251953125,5324,16595.955078125,15654,45527.22265625,17582,45456.59375,38610,37365.47265625,31764,1756427.875,1735619,0.8126561830250216,0.40441466764611667,0.9448697162202006,2.5920348512033264,2.1273559357653666,2.5880136837386507
ADNI,ADNI-1040_S_PB8AEC4_CN_F_Accelerated_Sagittal_MPRAGE_(MSV21),0.0,12160.294921875,11263,5677.69287109375,5324,15169.419921875,15654,23400.4765625,17582,44165.53125,38610,32544.12109375,31764,1796111.25,1735619,0.6770346169745889,0.3161103117133613,0.8445701746968624,1.3028411554406778,1.8119212322594158,2.4589529880178636
ADNI,ADNI-1042_S_PED3A60_CN_F_Accelerated_Sagittal_MPRAGE_(MSV21),0.0,13441.609375,11263,6147.96875,5324,14634.4033203125,15654,32239.3359375,17582,40319.7109375,38610,33703.0546875,31764,1759549.625,1735619,0.7639232894610745,0.34940581741194143,0.8317130197627988,1.8322493142243717,1.9154364394525103,2.2914790446731503
ADNI,ADNI-1456_S_P24037A_CN_M_CS_Sagittal_MPRAGE_(MSV22),0.0,13982.232421875,11263,6552.203125,5324,17211.45703125,15654,40082.40234375,17582,44072.26953125,38610,37226.0078125,31764,1758348.0,1735619,0.7951914195526142,0.3726340363227302,0.9788424720959674,2.279548891559009,2.1171012684917887,2.5064588768122125
ADNI,ADNI-1298_S_P275ECE_CN_M_Accelerated_Sagittal_MPRAGE_(MSV22),0.0,13285.80078125,11263,6620.0146484375,5324,15198.1484375,15654,54801.00390625,17582,42159.50390625,38610,34577.69921875,31764,1777498.125,1735619,0.7474438703697648,0.3724344096530341,0.8550303498913676,3.083041446597869,1.9453015861127843,2.37184519709409
ADNI,ADNI-1594_S_PDB9117_CN_F_CS_Sagittal_MPRAGE_(MSV22),0.0,13014.287109375,11263,6521.5185546875,5324,15651.55859375,15654,18067.5078125,17582,45444.90625,38610,34649.17578125,31764,1797822.25,1735619,0.7238917590087118,0.3627454579943874,0.8705843190977306,1.0049663036765732,1.9272859584005038,2.5277752708867633
ADNI,ADNI-0248_S_P951D03_CN_F_Accelerated_Sagittal_MPRAGE_(MSV21),0.0,14375.3544921875,11263,6522.38916015625,5324,16479.1875,15654,31363.9765625,17582,43390.1015625,38610,36818.99609375,31764,1797730.5,1735619,0.7996390166483519,0.3628123993088091,0.9166661799418767,1.744642846216382,2.04808207313332,2.4136043507355525
ADNI,ADNI-0979_S_P5A257D_CN_M_Accelerated_Sagittal_MPRAGE_(MSV21),0.0,12323.052734375,11263,6460.318359375,5324,15756.53125,15654,24777.78515625,17582,47132.98828125,38610,34033.33984375,31764,1787274.875,1735619,0.6894883885376053,0.36146193569553764,0.8815952974217242,1.3863444007878196,1.9042028912172784,2.6371426656601993
ADNI,ADNI-0284_S_P494AA6_CN_F_Accelerated_Sagittal_MPRAGE_(MSV21),0.0,13051.0205078125,11263,6053.103515625,5324,14093.890625,15654,30946.00390625,17582,44603.96484375,38610,32719.365234375,31764,1768804.25,1735619,0.7378442531338615,0.34221443755718023,0.7968032994606385,1.7495437330756074,1.8498013691664865,2.5217015870325956
ADNI,ADNI-0407_S_PDD8341_CN_M_Sagittal_3D_Accelerated_MPRAGE_(MSV21),0.0,12114.51171875,11263,6241.9697265625,5324,14814.392578125,15654,39838.1328125,17582,43964.02734375,38610,32645.431640625,31764,1780229.75,1735619,0.6805027114477781,0.3506272000320464,0.8321618363093303,2.2378085082838326,1.8337763224451786,2.4695704216688883
ADNI,ADNI-1151_S_P8D9A64_CN_F_Accelerated_Sagittal_MPRAGE_(MSV21),0.0,13009.71875,11263,5999.6591796875,5324,14740.03515625,15654,33631.234375,17582,46576.3125,38610,33222.8359375,31764,1795997.375,1735619,0.7243729267700071,0.3340572354504416,0.820715851895385,1.872565898098821,1.8498265309268618,2.5933396756774214
ADNI,ADNI-1278_S_PADE190_CN_M_HS_Sagittal_MPRAGE_(MSV22),0.0,11669.6259765625,11263,6253.384765625,5324,14716.4384765625,15654,24465.611328125,17582,47056.3046875,38610,32169.853515625,31764,1775112.375,1735619,0.6574020969552702,0.3522810642129065,0.8290426388674407,1.37825704291679,1.8122713789105886,2.650891591440795
ADNI,ADNI-1279_S_PC069DA_CN_M_HS_Sagittal_MPRAGE_(MSV22),0.0,12214.4345703125,11263,5891.236328125,5324,16078.619140625,15654,33962.96484375,17582,43398.7421875,38610,33636.4765625,31764,1776677.0,1735619,0.6874876283259422,0.33158735820438945,0.9049826806237149,1.9116004115407585,1.8932240673178071,2.4426917322338277
ADNI,ADNI-0752_S_P584A3D_CN_F_Accelerated_Sagittal_MPRAGE_(MSV21),0.0,12126.771484375,11263,6193.3525390625,5324,14671.44140625,15654,32156.982421875,17582,41313.71875,38610,32539.044921875,31764,1763621.5,1735619,0.6876062400223063,0.35117243348771265,0.8318928639875391,1.8233494217367503,1.845012941942191,2.342550187214207
ADNI,ADNI-0151_S_P7E0B1C_CN_F_Accelerated_Sagittal_MPRAGE_(MSV21),0.0,13006.185546875,11263,6076.3408203125,5324,15300.6435546875,15654,26826.50390625,17582,41273.58203125,38610,33907.01953125,31764,1770568.375,1735619,0.7345768585116065,0.3431858891251517,0.864165641425031,1.5151351557518924,1.9150358726615118,2.331092242131005
ADNI,ADNI-2047_S_P5F8544_CN_M_Accelerated_Sagittal_MPRAGE_(MSV21),0.0,12946.67578125,11263,6083.2158203125,5324,14109.640625,15654,18192.59375,17582,44453.76953125,38610,32656.12109375,31764,1774549.5,1735619,0.7295753531389234,0.34280338870865534,0.7951111324310761,1.025195056548155,1.8402485303312195,2.5050735147850203
ADNI,ADNI-0085_S_PADD6F2_CN_M_Accelerated_Sagittal_MPRAGE_(MSV21),0.0,11459.189453125,11263,5320.4765625,5324,15111.388671875,15654,15708.078125,17582,41179.82421875,38610,31450.642578125,31764,1758013.5,1735619,0.6518260214227592,0.30264139396540474,0.8595718219385118,0.8935129408846973,1.7889875463484781,2.3424065980579787
ADNI,ADNI-1998_S_PB39E65_CN_F_Accelerated_Sagittal_MPRAGE_(MSV21),0.0,15569.0859375,11263,6528.94873046875,5324,16074.0205078125,15654,57891.90234375,17582,47361.2734375,38610,37643.40625,31764,1748508.5,1735619,0.890420946623937,0.3734010289608973,0.9192989629625763,3.310930564177984,2.152886660259301,2.7086670403661177
ADNI,ADNI-0920_S_PC84B90_CN_F_Accelerated_Sagittal_MPRAGE_(MSV21),0.0,14142.0693359375,11263,6540.201171875,5324,14257.5849609375,15654,42837.69921875,17582,45621.8828125,38610,34408.828125,31764,1763321.375,1735619,0.8020131517964216,0.3709023927572477,0.8085641768470878,2.4293755991445405,1.9513645449344137,2.587269879405846
ADNI,ADNI-2015_S_P95CD2E_CN_F_Accelerated_Sagittal_MPRAGE_(MSV21),0.0,11789.833984375,11263,5675.837890625,5324,14653.9892578125,15654,23622.890625,17582,49415.96875,38610,31655.77734375,31764,1768559.75,1735619,0.6666347565794709,0.32092994826015914,0.8285832162477124,1.335713459779914,1.7899184544796973,2.7941362314730953
ADNI,ADNI-0482_S_PD5ED61_CN_M_Accelerated_Sag_IR-FSPGR_(MSV21),0.0,14586.345703125,11263,6450.28564453125,5324,15315.103515625,15654,35967.375,17582,46445.1171875,38610,35823.4765625,31764,1781339.375,1735619,0.8188414800590706,0.3621031306587073,0.859752146646677,2.019119742412925,2.0110416389633783,2.6073143522974114
ADNI,ADNI-1048_S_P519F0F_CN_M_Accelerated_Sagittal_MPRAGE_(MSV21),0.0,13425.4375,11263,6545.23828125,5324,16061.564453125,15654,40515.62890625,17582,42325.8984375,38610,35532.0859375,31764,1766319.0,1735619,0.7600800025363482,0.37055810877027306,0.9093241058452636,2.293788885600506,2.011646024160981,2.396277141190238
ADNI,ADNI-1050_S_P03BAD5_CN_M_Accelerated_Sagittal_MPRAGE_(MSV21),0.0,14101.9189453125,11263,6840.8759765625,5324,15242.130859375,15654,25582.32421875,17582,40489.44140625,38610,35655.890625,31764,1786571.375,1735619,0.789328606886053,0.3829052716442689,0.8531498417954334,1.4319228762270975,1.9957719643302805,2.2663209526823413
ADNI,ADNI-1343_S_P736740_CN_F_CS_Sagittal_MPRAGE_(MSV22),0.0,12464.6015625,11263,5969.2978515625,5324,13896.201171875,15654,17943.40234375,17582,44469.8359375,38610,31876.232421875,31764,1822893.125,1735619,0.6837812591179748,0.3274628539488567,0.762315737620383,0.9843364977170562,1.7486616184300436,2.4395196475108767
ADNI,ADNI-0500_S_PCA1501_CN_F_Accelerated_Sagittal_MPRAGE_(MSV21),0.0,12790.814453125,11263,6329.5703125,5324,15702.25,15654,25712.466796875,17582,41902.28125,38610,34266.41796875,31764,1758641.5,1735619,0.7273122153164815,0.3599124842954064,0.8928624736764144,1.4620641442201268,1.9484595336087545,2.3826505430470055
ADNI,ADNI-2016_S_PFD0602_CN_F_Accelerated_Sagittal_MPRAGE_(MSV21),0.0,12596.541015625,11263,6347.35546875,5324,16376.5859375,15654,18811.54296875,17582,43941.98828125,38610,34766.9375,31764,1796474.375,1735619,0.7011812242312112,0.3533229060809732,0.9115958549367007,1.047136726831965,1.935287137062559,2.4460125283584966
ADNI,ADNI-0287_S_P74E760_CN_F_Accelerated_Sagittal_MPRAGE_(MSV21),0.0,12205.646484375,11263,6479.8984375,5324,15690.1337890625,15654,20030.07421875,17582,46879.76953125,38610,33878.5,31764,1794486.5,1735619,0.680174884813845,0.3611004283119433,0.8743522890287835,1.1162008863677715,1.8879216979342002,2.612433670091695
ADNI,ADNI-1389_S_PE8FDF4_CN_M_Accelerated_Sagittal_MPRAGE_(MSV21),0.0,14279.3623046875,11263,6378.33203125,5324,15726.2578125,15654,47342.53515625,17582,42162.83984375,38610,35853.02734375,31764,1747766.5,1735619,0.8170062937290249,0.3649418861873139,0.8997916948574081,2.7087448555771036,2.0513625443530357,2.412384025197302
ADNI,ADNI-1055_S_P366316_CN_M_Accelerated_Sagittal_MPRAGE_(MSV21),0.0,14995.69140625,11263,6640.26318359375,5324,16927.3984375,15654,34429.71875,17582,46141.51953125,38610,38035.4765625,31764,1774746.875,1735619,0.8449481792297845,0.3741526905685494,0.9537922661506307,1.9399791167402394,2.143149375174981,2.5998929864998352
ADNI,ADNI-0286_S_PE822CC_CN_M_Accelerated_Sagittal_MPRAGE_(MSV21),0.0,13066.4501953125,11263,6084.2021484375,5324,14709.693359375,15654,25180.75390625,17582,44525.30859375,38610,33364.7421875,31764,1770869.875,1735619,0.7378549028235347,0.3435713845681349,0.8306478961010616,1.421942643089459,1.8840877389424224,2.514318483945637
ADNI,ADNI-1282_S_PC3F1F2_CN_M_Accelerated_Sagittal_MPRAGE_(MSV22),0.0,12156.658203125,11263,5912.69140625,5324,14968.69140625,15654,30955.544921875,17582,46478.97265625,38610,32599.234375,31764,1778191.125,1735619,0.6836530692461419,0.3325115800614515,0.8417931681134669,1.7408446418758838,1.833280681512793,2.613834474978048
ADNI,ADNI-0602_S_P230EA0_CN_F_HS_Sagittal_MPRAGE_(MSV22),0.0,12670.83203125,11263,6076.3203125,5324,16052.6298828125,15654,20417.337890625,17582,41423.1328125,38610,34272.71484375,31764,1774696.25,1735619,0.7139718715949279,0.3423864964215707,0.9045283035230677,1.150469433325562,1.9311876521827327,2.3340970497063935
ADNI,ADNI-0506_S_PD863E9_CN_M_Accelerated_Sagittal_MPRAGE_(MSV21),0.0,14498.5927734375,11263,6042.3046875,5324,16060.607421875,15654,46939.3515625,17582,42233.96875,38610,36100.03515625,31764,1748596.125,1735619,0.8291561765549207,0.34555176012985844,0.9184858179801239,2.684402126448725,2.0645153354809134,2.4153072368269144
ADNI,ADNI-1461_S_PDAF695_CN_F_CS_Sagittal_MPRAGE_(MSV22),0.0,11918.640625,11263,6037.44775390625,5324,15983.80859375,15654,15253.845703125,17582,43035.8671875,38610,33416.875,31764,1766530.75,1735619,0.6746919421017721,0.3417686193068674,0.9048134935522635,0.8634916603135836,1.8916667598342116,2.4361799072843766
ADNI,ADNI-1562_S_PA11CDE_CN_F_Accelerated_Sag_IR-FSPGR_(MSV21),0.0,12998.642578125,11263,6180.6728515625,5324,15682.2265625,15654,27704.6015625,17582,44140.703125,38610,34347.75,31764,1792878.625,1735619,0.725015201635582,0.3447345941537175,0.8746953833810139,1.5452580657823394,1.9157878018652825,2.462001750118472
ADNI,ADNI-1561_S_P2C440C_CN_M_Accelerated_Sag_IR-FSPGR_(MSV21),0.0,12847.6171875,11263,6221.9306640625,5324,14191.51953125,15654,26716.205078125,17582,44631.36328125,38610,32739.58203125,31764,1785782.0,1735619,0.7194392813624507,0.34841490529429126,0.7946949589171578,1.4960507541304033,1.8333470732289832,2.4992615717511995
ADNI,ADNI-0497_S_P783FA4_CN_F_Accelerated_Sagittal_MPRAGE_(MSV21),0.0,11526.80078125,11263,5778.935546875,5324,13420.271484375,15654,43701.59765625,17582,41556.51953125,38610,30254.169921875,31764,1735764.0,1735619,0.664076497798664,0.33293325284284037,0.7731622204617102,2.5177154069476035,1.7429886736834617,2.3941341986151343
ADNI,ADNI-0129_S_P80F747_CN_F_CS_Sagittal_MPRAGE_(MSV22),0.0,9798.546875,11263,4489.68359375,5324,13059.44921875,15654,26128.490234375,17582,37373.3671875,38610,26961.71875,31764,1702829.125,1735619,0.5754274889443179,0.26366025385841346,0.7669265827685441,1.5344164514672016,1.5833484613437063,2.1947808290805457
ADNI,ADNI-1563_S_P7D9CC2_CN_M_Accelerated_Sag_IR-FSPGR_(MSV21),0.0,13421.3232421875,11263,6537.31103515625,5324,14493.26171875,15654,31269.8828125,17582,46979.375,38610,33914.1875,31764,1795964.625,1735619,0.7473044321342075,0.36399998887262325,0.80699037815124,1.7411190831500927,1.888354983606651,2.615829640853867
ADNI,ADNI-0496_S_PF87CC0_CN_M_Accelerated_Sagittal_MPRAGE_(MSV21),0.0,14452.9580078125,11263,6814.4541015625,5324,15948.9404296875,15654,47779.62109375,17582,49706.72265625,38610,36692.453125,31764,1776540.0,1735619,0.8135453188677148,0.3835801108650804,0.8977529596680908,2.6894762343516048,2.0653885150348428,2.7979512229530434
ADNI,ADNI-1285_S_P1A0040_CN_F_HS_Sagittal_MPRAGE_(MSV22),0.0,12914.93359375,11263,5555.701171875,5324,16353.71484375,15654,18149.515625,17582,38100.703125,38610,34339.46875,31764,1789038.0,1735619,0.7218926369227484,0.31054126138600746,0.9141066228749753,1.0144846350384955,1.9194376391110755,2.129675452673448
ADNI,ADNI-0371_S_PD405BC_CN_M_Accelerated_Sagittal_MPRAGE_(MSV21),0.0,12254.947265625,11263,6660.56787109375,5324,14373.1484375,15654,44428.2578125,17582,43909.7890625,38610,32780.98046875,31764,1758233.25,1735619,0.6970034985759141,0.37882163081000486,0.8174767732040104,2.5268693907648485,1.864427286240321,2.497381337914068
ADNI,ADNI-0152_S_PDBFA5B_CN_M_Accelerated_Sagittal_MPRAGE_(MSV21),0.0,12852.94140625,11263,6276.015625,5324,16786.73828125,15654,23150.798828125,17582,45624.0625,38610,35384.546875,31764,1821282.5,1735619,0.705708280085599,0.34459319874868394,0.9216987634400484,1.2711261887227818,1.9428368127953792,2.505051385493464
ADNI,ADNI-1965_S_P041330_CN_M_Accelerated_Sagittal_MPRAGE_(MSV21),0.0,13022.3662109375,11263,6457.3203125,5324,15025.857421875,15654,23582.578125,17582,44780.8671875,38610,33995.9375,31764,1775800.125,1735619,0.7333238706094527,0.3636287790271442,0.846145757641221,1.3279973231784743,1.9144011210158012,2.5217290255287033
ADNI,ADNI-1193_S_PAE09D3_CN_F_Accelerated_Sagittal_MPRAGE_(MSV21),0.0,12224.5615234375,11263,6472.6552734375,5324,15971.921875,15654,22926.51171875,17582,40697.3515625,38610,34141.33984375,31764,1784187.25,1735619,0.6851613541929246,0.36277892207992746,0.8951931404621348,1.2849834970376568,1.9135513855818667,2.281002263775845
ADNI,ADNI-0580_S_P7BB158_CN_F_Accelerated_Sagittal_MPRAGE_(MSV21),0.0,13059.5595703125,11263,5701.25537109375,5324,14948.3642578125,15654,23157.796875,17582,39361.703125,38610,33209.8359375,31764,1778342.75,1735619,0.7343668463412073,0.32059373093818666,0.8405783563271197,1.302212235239804,1.8674597985961932,2.213392391596052
ADNI,ADNI-0981_S_PA3372C_CN_F_Accelerated_Sagittal_MPRAGE_(MSV21),0.0,12959.9609375,11263,6726.2216796875,5324,15474.947265625,15654,23623.798828125,17582,43428.015625,38610,34629.61328125,31764,1770730.25,1735619,0.7318992227924044,0.3798558069297963,0.8739302480219672,1.334127478091313,1.955668475266066,2.452548355403089
ADNI,ADNI-1529_S_P9A4613_CN_M_HS_Sagittal_MPRAGE_(MSV22),0.0,12729.8544921875,11263,6090.04541015625,5324,14762.7646484375,15654,36340.6640625,17582,43994.8671875,38610,33092.875,31764,1754948.25,1735619,0.7253692234051631,0.34702136716317705,0.8412079757017051,2.070754169674234,1.885689506798847,2.5069039607008357
ADNI,ADNI-1225_S_P962B85_CN_F_Accelerated_Sagittal_MPRAGE_(MSV21),0.0,12251.3095703125,11263,5906.84228515625,5324,14926.392578125,15654,15096.64453125,17582,46392.44921875,38610,32578.376953125,31764,1727845.0,1735619,0.7090514236122164,0.34186181544966415,0.8638733554297405,0.8737267828566798,1.8854918672175456,2.684989059710217
ADNI,ADNI-0601_S_P6182CC_CN_F_Accelerated_Sagittal_MPRAGE_(MSV22),0.0,10629.4765625,11263,4839.4736328125,5324,12109.474609375,15654,35094.078125,17582,39830.59765625,38610,27198.75,31764,1782662.625,1735619,0.5962696706282267,0.271474454276647,0.6792914396449525,1.9686326303610029,1.5257373783780317,2.234331785367969
ADNI,ADNI-0865_S_P5646D5_CN_F_Accelerated_Sagittal_MPRAGE_(MSV21),0.0,13491.837890625,11263,5898.93505859375,5324,12844.6171875,15654,59592.37109375,17582,43079.625,38610,31791.857421875,31764,1739882.75,1735619,0.7754452356415971,0.3390421026125899,0.7382461368445661,3.425079712627187,1.82724137140132,2.4760073631398436
ADNI,ADNI-0583_S_PB4566D_CN_F_Accelerated_Sagittal_MPRAGE_(MSV21),0.0,12860.486328125,11263,5712.2490234375,5324,15865.41796875,15654,27212.810546875,17582,41414.97265625,38610,33909.8359375,31764,1771031.625,1735619,0.7261579153407269,0.32253794583919415,0.8958291735050186,1.5365513615193065,1.9146939816786162,2.3384660144761673
ADNI,ADNI-1418_S_P6B4D13_CN_F_Accelerated_Sagittal_MPRAGE_(MSV21),0.0,13828.8154296875,11263,6484.021484375,5324,16644.15234375,15654,26024.857421875,17582,44241.2578125,38610,36379.90234375,31764,1794420.0,1735619,0.7706565592050635,0.3613435808993992,0.9275505368726384,1.4503214086933383,2.0273905966133903,2.465490677349784
ADNI,ADNI-1462_S_P43B7A4_CN_M_CS_Sagittal_MPRAGE_(MSV22),0.0,11580.0,11263,5683.35302734375,5324,16190.3759765625,15654,29754.96875,17582,41834.19140625,38610,33001.44921875,31764,1780491.125,1735619,0.650382348858942,0.3192014241207605,0.9093207907207345,1.6711663614723156,1.853502595737454,2.349587190795461
ADNI,ADNI-1983_S_P1F3DD2_CN_F_Accelerated_Sagittal_MPRAGE_(MSV21),0.0,12355.2333984375,11263,5889.640625,5324,14640.3154296875,15654,20891.74609375,17582,38624.890625,38610,32376.63671875,31764,1784030.0,1735619,0.6925462799637618,0.33013125479952693,0.8206316838667231,1.1710423083552408,1.8148033787968814,2.16503593689568
ADNI,ADNI-0676_S_P26375E_CN_F_Accelerated_Sagittal_MPRAGE_(MSV21),0.0,12904.5009765625,11263,6373.580078125,5324,15154.875,15654,33999.51953125,17582,44738.07421875,38610,33908.68359375,31764,1840708.25,1735619,0.7010617232015176,0.3462569409424334,0.8233176007115739,1.8470889958389656,1.8421541596149198,2.4304815398502178
ADNI,ADNI-1231_S_P0034DC_CN_F_Accelerated_Sagittal_MPRAGE_(MSV21),0.0,13532.04296875,11263,6578.919921875,5324,15100.9970703125,15654,18174.947265625,17582,43155.6484375,38610,34700.76171875,31764,1765963.875,1735619,0.7662695234210269,0.37253989252045144,0.8551135889069361,1.0291800145472965,1.964975739877465,2.4437446908419913
ADNI,ADNI-1747_S_P572AED_CN_F_Accelerated_Sagittal_MPRAGE_(MSV21),0.0,12358.583984375,11263,6311.5185546875,5324,15365.83984375,15654,23331.3359375,17582,45818.0,38610,33521.83203125,31764,1792717.5,1735619,0.6893771039985386,0.3520643132388399,0.8571255562435243,1.3014507828199369,1.8698892620421232,2.5557847234714894
ADNI,ADNI-1683_S_PC34EAA_CN_F_Accelerated_Sagittal_MPRAGE_(MSV22),0.0,11739.6845703125,11263,5145.61962890625,5324,13356.736328125,15654,26528.609375,17582,45607.95703125,38610,29825.396484375,31764,1800830.625,1735619,0.6519038718764848,0.28573590194837173,0.7416986440979145,1.473131842979403,1.656202203045886,2.5326066981590785
ADNI,ADNI-1230_S_P5DC2A0_CN_M_Accelerated_Sagittal_MPRAGE_(MSV21),0.0,14812.677734375,11263,6639.4150390625,5324,14322.94140625,15654,41894.07421875,17582,46307.77734375,38610,35245.11328125,31764,1751098.125,1735619,0.8459079204584836,0.3791572239312689,0.8179405369559174,2.3924458384506577,2.0127434766826675,2.6444992820576516
ADNI,ADNI-0043_S_P624179_CN_F_Sag_IR-SPGR,0.0,12378.8935546875,11263,5604.109375,5324,16664.625,15654,38018.08984375,17582,38127.7109375,38610,34194.1875,31764,1777629.5,1735619,0.6963708441318902,0.3152574467851709,0.9374633465522484,2.1386959343187093,1.923583485760109,2.1448626351835407
ADNI,ADNI-0928_S_P1D5FEB_CN_M_Accelerated_Sagittal_MPRAGE_(MSV21),0.0,14339.341796875,11263,6573.76220703125,5324,16056.4443359375,15654,38513.51953125,17582,42464.32421875,38610,36414.69921875,31764,1729351.375,1735619,0.8291745682322657,0.3801287755665762,0.9284662774757096,2.227049984636581,2.1056853884740456,2.455505852230291
ADNI,ADNI-1912_S_P3BFA4A_CN_F_CS_Sagittal_MPRAGE_(MSV22),0.0,13060.2177734375,11263,5979.00390625,5324,16074.8125,15654,21499.634765625,17582,41880.74609375,38610,34637.21875,31764,1799109.875,1735619,0.7259266348831251,0.3323312260875673,0.8934869806103422,1.195015105212793,1.925241989458815,2.3278592750623415
ADNI,ADNI-0868_S_PC641EE_CN_M_Accelerated_Sagittal_MPRAGE_(MSV21),0.0,13032.99609375,11263,6210.9638671875,5324,14304.6591796875,15654,32990.7109375,17582,40750.50390625,38610,33024.09375,31764,1775222.5,1735619,0.734161272389799,0.34986960041276516,0.8057952836721876,1.8583986479159653,1.8602791340240448,2.2955152892806394
ADNI,ADNI-1906_S_PCC0BAE_CN_F_CS_Sagittal_MPRAGE_(MSV22),0.0,11590.630859375,11263,5436.31787109375,5324,13378.091796875,15654,26464.41796875,17582,43358.484375,38610,30003.3984375,31764,1796022.0,1735619,0.6453501604866199,0.30268659688432265,0.7448734924669631,1.4735018818672598,1.6705473784563885,2.41413993676024
ADNI,ADNI-0916_S_P95A5DE_CN_F_Accelerated_Sagittal_MPRAGE_(MSV21),0.0,12391.431640625,11263,5736.3876953125,5324,14246.1318359375,15654,36737.83203125,17582,44906.63671875,38610,31915.0859375,31764,1781862.25,1735619,0.6954202908010987,0.3219321636850716,0.7995080335720396,2.061766111900625,1.7911084842557274,2.520208097946404
ADNI,ADNI-1888_S_P50F420_CN_F_Accelerated_Sagittal_MPRAGE_(MSV21),0.0,12782.958984375,11263,5655.01025390625,5324,14992.6962890625,15654,41675.1875,17582,40211.66796875,38610,32944.5625,31764,1733197.5,1735619,0.737536200252712,0.3262761603283094,0.8650310359357488,2.4045261720029023,1.9007967932102372,2.320085735685056
ADNI,ADNI-0606_S_PA424AE_CN_F_HS_Sagittal_MPRAGE_(MSV22),0.0,11091.2216796875,11263,5203.2333984375,5324,12613.037109375,15654,27634.81640625,17582,39972.67578125,38610,28525.484375,31764,1791886.875,1735619,0.6189688553685901,0.29037733748886907,0.7038969527233688,1.542218808106957,1.5919243995243841,2.2307588910293235
ADNI,ADNI-0681_S_P990517_CN_M_CS_Sagittal_MPRAGE_(MSV22),0.0,12699.244140625,11263,6668.3359375,5324,15283.3134765625,15654,28479.08203125,17582,41361.65625,38610,34119.5078125,31764,1788558.0,1735619,0.7100269681287943,0.37283308327155174,0.8545047729267097,1.5922928991539556,1.9076545358048216,2.3125700284810446
ADNI,ADNI-0984_S_PD78A41_CN_M_Accelerated_Sagittal_MPRAGE_(MSV21),0.0,13894.68359375,11263,6197.74267578125,5324,16201.98046875,15654,35311.75390625,17582,44034.30859375,38610,35765.8515625,31764,1757059.125,1735619,0.7907920340330039,0.3527338714786419,0.9221078698048936,2.009707778402164,2.035551965987485,2.5061369857858367
ADNI,ADNI-0694_S_P218393_CN_M_Accelerated_Sagittal_MPRAGE_(MSV21),0.0,16194.1142578125,11263,6199.09375,5324,15359.890625,15654,59224.95703125,17582,39892.97265625,38610,37250.953125,31764,1753561.125,1735619,0.9234987036914668,0.35351455170973867,0.875925589705349,3.377410469865999,2.124303087809386,2.2749690380054473
ADNI,ADNI-0544_S_PC5C3A5_CN_M_Accelerated_Sagittal_MPRAGE_(MSV21),0.0,12918.41015625,11263,6674.22265625,5324,16764.0859375,15654,21594.8515625,17582,46262.765625,38610,35804.18359375,31764,1790489.5,1735619,0.7215015869263685,0.372759664675498,0.9362850738582941,1.2060864675553808,1.999686878574267,2.58380546911892
ADNI,ADNI-0682_S_PA85078_CN_F_CS_Sagittal_3D_Accelerated_MPRAGE,0.0,12415.7939453125,11263,6024.9365234375,5324,15439.9677734375,15654,27763.958984375,17582,44442.5859375,38610,33403.76953125,31764,1776369.5,1735619,0.6989420807614913,0.3391713561529569,0.8691867189476907,1.5629608020389338,1.880451647658328,2.5018773367534175
ADNI,ADNI-0985_S_P81041B_CN_F_Accelerated_Sagittal_MPRAGE_(MSV21),0.0,11463.98046875,11263,5709.181640625,5324,14913.37890625,15654,20340.638671875,17582,42006.1796875,38610,31581.94140625,31764,1782806.875,1735619,0.6430298553089212,0.32023556340756204,0.8365111844349377,1.1409333763016254,1.7714729424212032,2.3561822806802897
ADNI,ADNI-0988_S_PC224F5_CN_F_Accelerated_Sagittal_MPRAGE_(MSV21),0.0,11283.9169921875,11263,5340.017578125,5324,14133.494140625,15654,26136.607421875,17582,43199.1015625,38610,30353.40625,31764,1756999.125,1735619,0.6422266711252631,0.3039283003698138,0.804410994833307,1.4875708843551643,1.7275709371796073,2.458686572339642
ADNI,ADNI-0759_S_P7AE196_CN_M_Accelerated_Sagittal_MPRAGE_(MSV21),0.0,12510.361328125,11263,5602.43359375,5324,14986.0546875,15654,32224.390625,17582,43149.15625,38610,32667.935546875,31764,1792978.25,1735619,0.6977419457333071,0.3124652289424035,0.8358191008451998,1.7972549653070249,1.8219928516631476,2.406563283743124
ADNI,ADNI-0330_S_P219879_CN_F_Accelerated_Sagittal_MPRAGE_(MSV21),0.0,14049.21484375,11263,6090.72021484375,5324,14501.845703125,15654,42273.59375,17582,43083.80859375,38610,34163.0703125,31764,1762338.375,1735619,0.7971916768679567,0.34560447081246526,0.8228752156137439,2.398721740936953,1.9385079958041542,2.4446955933618595
ADNI,ADNI-1382_S_P574860_CN_F_Accelerated_Sagittal_MPRAGE_(MSV21),0.0,13804.357421875,11263,5770.67138671875,5324,13899.9833984375,15654,27101.3125,17582,48167.109375,38610,33008.14453125,31764,1802317.25,1735619,0.7659227265274746,0.3201806666788963,0.7712284503983692,1.5036926767471153,1.8314280979805304,2.6725100353447764
ADNI,ADNI-0758_S_P30CBE9_CN_M_Accelerated_Sagittal_MPRAGE_(MSV21),0.0,13579.96484375,11263,6351.4462890625,5324,16699.41015625,15654,25983.494140625,17582,44525.21875,38610,36092.41015625,31764,1768749.5,1735619,0.7677720809956412,0.35909247120988586,0.9441365301446021,1.469031886122088,2.040560868356429,2.5173275667357076
ADNI,ADNI-1662_S_P0A0AD9_CN_M_Sagittal_3D_Accelerated_MPRAGE,0.0,11399.802734375,11263,5708.3046875,5324,14773.169921875,15654,34024.15234375,17582,40118.1484375,38610,31399.140625,31764,1768303.875,1735619,0.644674419116737,0.32281242880271355,0.835442942286998,1.9241122990668107,1.77566430006268,2.2687361038271776
ADNI,ADNI-1530_S_P87CEDA_CN_F_Accelerated_Sagittal_MPRAGE_(MSV22),0.0,14190.623046875,11263,5791.119140625,5324,14574.8837890625,15654,61969.484375,17582,37870.390625,38610,34051.4140625,31764,1775606.625,1735619,0.7991985863915663,0.32614876848778374,0.820839682835859,3.4900457963204548,1.9177341187550478,2.1328142220127164
ADNI,ADNI-0243_S_P4BDD5D_CN_F_Accelerated_Sagittal_MPRAGE_(MSV21),0.0,12493.33203125,11263,5709.96240234375,5324,14350.1572265625,15654,33985.3828125,17582,48728.609375,38610,32076.197265625,31764,1766658.375,1735619,0.70717305666128,0.3232069359388031,0.8122768628973046,1.92370994264808,1.8156423290170631,2.758236117664797
ADNI,ADNI-0353_S_PD8CF74_CN_M_Accelerated_Sagittal_MPRAGE_(MSV21),0.0,13567.3369140625,11263,6035.6123046875,5324,15442.2060546875,15654,65527.94921875,17582,38934.296875,38610,34499.21484375,31764,1733067.0,1735619,0.7828512639189658,0.34826191397606093,0.8910334138661402,3.7810395800479726,1.9906451881981484,2.246554626855165
ADNI,ADNI-0029_S_PADB525_CN_M_Accelerated_Sagittal_MPRAGE,0.0,12958.734375,11263,6729.8251953125,5324,15135.25390625,15654,20337.08984375,17582,41876.77734375,38610,34274.328125,31764,1780441.375,1735619,0.7278383077903927,0.3779863403428546,0.850084373390278,1.1422499010252445,1.9250467106786933,2.35204471945896
ADNI,ADNI-0240_S_PEB6965_CN_F_Accelerated_Sagittal_MPRAGE,0.0,13726.42578125,11263,5733.345703125,5324,15198.609375,15654,15036.9384765625,17582,43965.0234375,38610,34198.55859375,31764,1788583.25,1735619,0.7674468482945929,0.32055235355273515,0.8497568885876572,0.8407178405904505,1.9120473477401736,2.4580920925822154
ADNI,ADNI-2072_S_PBF0BCC_CN_M_Accelerated_Sagittal_MPRAGE,0.0,13901.572265625,11263,6830.70361328125,5324,16924.55078125,15654,30002.22265625,17582,45576.109375,38610,37097.3671875,31764,1740340.0,1735619,0.7987848504099773,0.39249247924435743,0.97248530639128,1.7239288102468484,2.131616074301573,2.6188049102474227
ADNI,ADNI-0831_S_P0E4E9F_CN_F_Accelerated_Sagittal_MPRAGE,0.0,14022.9267578125,11263,6047.47802734375,5324,14264.333984375,15654,54923.39453125,17582,43760.4453125,38610,33887.83984375,31764,1734977.375,1735619,0.8082483933147832,0.34856235674795183,0.8221625359451734,3.1656547988846255,1.953215086954664,2.5222487591516867
ADNI,ADNI-0705_S_P0717F0_CN_M_Accelerated_Sagittal_MPRAGE,0.0,12252.966796875,11263,5866.1474609375,5324,14479.7890625,15654,33611.27734375,17582,44699.6015625,38610,32127.455078125,31764,1792818.875,1735619,0.6834469988985921,0.32720245992152996,0.8076548760398342,1.8747726171585515,1.7920078556806245,2.4932580856780637
ADNI,ADNI-0830_S_P5C40A9_CN_M_Accelerated_Sagittal_MPRAGE,0.0,13048.64453125,11263,5718.810546875,5324,14450.24609375,15654,29547.580078125,17582,49436.3515625,38610,32797.59765625,31764,1743762.0,1735619,0.7483042141788845,0.32795820455285757,0.8286822452691365,1.6944732181412945,1.8808528719085518,2.835040077860396
ADNI,ADNI-0069_S_PA788CC_CN_M_Accelerated_Sagittal_MPRAGE,0.0,12358.4169921875,11263,6374.296875,5324,16651.84375,15654,28842.486328125,17582,39138.06640625,38610,34838.3125,31764,1779875.375,1735619,0.6943417031199445,0.35813164025599264,0.9355623423915284,1.6204778566659477,1.9573456090991763,2.1989217310369273
ADNI,ADNI-0824_S_P7D0C71_CN_F_Accelerated_Sagittal_MPRAGE,0.0,12176.4287109375,11263,5705.923828125,5324,14048.916015625,15654,24395.146484375,17582,46024.31640625,38610,31473.857421875,31764,1762709.375,1735619,0.6907791428145947,0.32370190509283475,0.7970069380055915,1.3839573800630067,1.7855386638466708,2.6109985604546977
ADNI,ADNI-2067_S_P761434_CN_F_Accelerated_Sagittal_MPRAGE,0.0,12987.685546875,11263,5638.552734375,5324,16067.7197265625,15654,36254.08203125,17582,43329.1796875,38610,34203.14453125,31764,1767100.625,1735619,0.7349714760513426,0.31908498331129276,0.9092702192079469,2.0516138989679775,1.9355516062504927,2.451992777010081
ADNI,ADNI-0571_S_PC250C5_CN_F_Accelerated_Sagittal_MPRAGE,0.0,13126.892578125,11263,5776.16015625,5324,16062.1201171875,15654,23659.52734375,17582,42867.5078125,38610,34490.1796875,31764,1726908.0,1735619,0.7601385006106289,0.3344799002755213,0.9301086170883162,1.3700514065456875,1.9972216057543308,2.482327246877077
ADNI,ADNI-0693_S_P0903A1_CN_M_Accelerated_Sagittal_MPRAGE,0.0,13580.2421875,11263,5963.9287109375,5324,15472.990234375,15654,40656.34375,17582,43438.3046875,38610,34491.62890625,31764,1757400.75,1735619,0.7727458968877758,0.33936076964445927,0.8804474582348392,2.3134361214993224,1.962650175621582,2.471735868298679
ADNI,ADNI-0673_S_P93D50B_CN_M_Sagittal_3D_Accelerated_MPRAGE,0.0,12864.228515625,11263,5505.38720703125,5324,14399.306640625,15654,26098.138671875,17582,39200.7890625,38610,32331.919921875,31764,1763219.375,1735619,0.7295875203064282,0.31223495414637503,0.8166486170006497,1.4801413279544413,1.8336867425742187,2.223250811459578
ADNI,ADNI-0363_S_PEC892F_CN_F_Accelerated_Sagittal_MPRAGE,0.0,13201.755859375,11263,6371.201171875,5324,15087.0498046875,15654,19569.017578125,17582,46791.7421875,38610,34148.875,31764,1785050.75,1735619,0.7395731387118826,0.3569198899176956,0.8451888443332775,1.0962723372500753,1.913047850320222,2.621311589460412
ADNI,ADNI-0162_S_P3749E1_CN_M_Accelerated_Sagittal_MPRAGE,0.0,13732.0654296875,11263,6273.4306640625,5324,14848.208984375,15654,52309.46484375,17582,47675.3125,38610,34347.62109375,31764,1738234.375,1735619,0.790000797774322,0.3609082155024405,0.8542121360576015,3.009344746375183,1.976006319271531,2.742743624547179
ADNI,ADNI-1322_S_P8D522E_CN_M_Accelerated_Sag_IR-FSPGR,0.0,12328.8203125,11263,5384.4375,5324,14691.271484375,15654,39793.734375,17582,40902.55078125,38610,31969.564453125,31764,1773092.375,1735619,0.6953287085507883,0.3036749565853838,0.828567743650412,2.2443125319401362,1.8030399827941845,2.306848270172613
ADNI,ADNI-0438_S_P8E90D9_CN_M_Accelerated_Sagittal_MPRAGE,0.0,13276.3232421875,11263,7073.7578125,5324,16512.185546875,15654,33404.97265625,17582,42540.9375,38610,36269.375,31764,1786208.625,1735619,0.7432683425872216,0.39602080705998155,0.9244264816420871,1.8701607521489825,2.030522890348265,2.3816331924833247
ADNI,ADNI-0768_S_PF8459B_CN_M_Accelerated_Sagittal_MPRAGE,0.0,15470.8818359375,11263,6911.0107421875,5324,15970.56640625,15654,49481.625,17582,42171.7421875,38610,37810.01953125,31764,1730373.5,1735619,0.8940775986188819,0.39939416213826096,0.9229548653079811,2.859592163194825,2.1850785123125154,2.4371467886846396
ADNI,ADNI-0538_S_P951D74_CN_M_MPRAGE,0.0,14921.2421875,11263,6824.796875,5324,15524.1982421875,15654,44500.76953125,17582,42365.73046875,38610,36727.59765625,31764,1752703.5,1735619,0.8513272317593934,0.38938684580706323,0.885728718073964,2.5389787566037265,2.095482644739969,2.4171647097612348
ADNI,ADNI-0582_S_PBB7D41_CN_F_Accelerated_Sagittal_MPRAGE,0.0,13935.720703125,11263,6164.03076171875,5324,15516.1337890625,15654,32555.984375,17582,40304.8203125,38610,35139.96484375,31764,1785224.625,1735619,0.7806144116528193,0.34528040199528115,0.8691418195658431,1.8236351840038059,1.968377780121087,2.257689018405737
ADNI,ADNI-0524_S_PB32189_CN_F_MPRAGE_Repeat,0.0,13645.763671875,11263,5948.3583984375,5324,15507.1708984375,15654,34750.07421875,17582,40988.21484375,38610,34567.71875,31764,1754839.5,1735619,0.7776075060924376,0.33896880019155595,0.8836802965990622,1.9802423081284641,1.9698507327878134,2.3357244262936865
ADNI,ADNI-1790_S_PD60510_CN_F_Accelerated_Sagittal_MPRAGE,0.0,13328.669921875,11263,5969.8818359375,5324,15373.4013671875,15654,28952.21484375,17582,41277.875,38610,34209.19921875,31764,1761688.625,1735619,0.7565848886533509,0.33887270152167215,0.8726514520798192,1.6434354194544452,1.941841409048662,2.3430857425216103
ADNI,ADNI-1588_S_P0E37DF_CN_M_MPRAGE_SENSE,0.0,12317.84375,11263,6294.83251953125,5324,17454.763671875,15654,33808.875,17582,42388.19921875,38610,35550.16796875,31764,1797158.125,1735619,0.6854067863394047,0.3502659244039113,0.9712425094411212,1.8812409731614461,1.9781324455659683,2.358623797711178
ADNI,ADNI-1798_S_P94C40A_CN_F_Accelerated_Sagittal_MPRAGE_ND,0.0,12327.7177734375,11263,5874.4814453125,5324,15251.0419921875,15654,22996.05078125,17582,47163.5390625,38610,33008.5859375,31764,1788249.375,1735619,0.68937352618605,0.32850459938298593,0.852847606457992,1.285953240232504,1.8458603368727586,2.637413982739404
ADNI,ADNI-0445_S_P9BBE13_CN_F_Accelerated_Sagittal_MPRAGE,0.0,12648.03515625,11263,6446.6376953125,5324,15064.2158203125,15654,42627.1171875,17582,41085.21875,38610,33609.6484375,31764,1776222.5,1735619,0.7120749318427168,0.3629408869278764,0.8481040984624674,2.399874857316581,1.8921981022929277,2.3130671270068923
ADNI,ADNI-1792_S_PB8E7B6_CN_F_Accelerated_Sagittal_MPRAGE_ND,0.0,12401.666015625,11263,5368.65234375,5324,13270.1201171875,15654,53547.9140625,17582,43723.07421875,38610,30616.3515625,31764,1747013.875,1735619,0.709877934748801,0.30730450516599356,0.7595887077420893,3.065110977581675,1.7524961879595833,2.5027319384483997
ADNI,ADNI-0696_S_P2B12FE_CN_F_MPRAGE,0.0,11691.572265625,11263,4784.0810546875,5324,15656.220703125,15654,27514.310546875,17582,40047.546875,38610,31714.91015625,31764,1742950.0,1735619,0.670792177952609,0.27448182992555725,0.8982598871525287,1.5786058433618289,1.8196110132964227,2.2976876488137927
ADNI,ADNI-0306_S_P4F5CDF_CN_M_Accelerated_Sagittal_MPRAGE,0.0,13618.5341796875,11263,6873.056640625,5324,16777.064453125,15654,26281.951171875,17582,44656.1953125,38610,36698.0546875,31764,1747230.125,1735619,0.7794356327096581,0.3933687121280032,0.9602092027302356,1.5042066179962985,2.10035611007451,2.555827917201233
ADNI,ADNI-0885_S_P884BF8_CN_F_Accelerated_Sagittal_MPRAGE,0.0,12184.564453125,11263,6150.11279296875,5324,16295.1796875,15654,17566.84765625,17582,41803.84765625,38610,34077.12109375,31764,1781406.375,1735619,0.6839856769416243,0.3452391817655166,0.9147368010008384,0.986122420059825,1.9129335996538126,2.3466766619295387
ADNI,ADNI-1139_S_P34C830_CN_M_Accelerated_Sagittal_MPRAGE,0.0,13807.0712890625,11263,6584.29443359375,5324,15575.0185546875,15654,66755.53125,17582,41877.3984375,38610,35364.73046875,31764,1709848.875,1735619,0.8075024343342917,0.38508049043771486,0.9109003013314554,3.904177277070758,2.0682956830760846,2.4491871211425047
ADNI,ADNI-1723_S_P90A20B_CN_F_MPRAGE_3dtferepeat,0.0,13190.7890625,11263,6611.64794921875,5324,18199.087890625,15654,15776.6552734375,17582,48757.9921875,38610,37433.98046875,31764,1814294.25,1735619,0.7270479450893922,0.36441982601326933,1.0030946132704217,0.8695753334078802,2.0632805548906967,2.6874357446428547
ADNI,ADNI-0474_S_PE72900_CN_M_Accelerated_Sag_IR-FSPGR,0.0,12064.40625,11263,5210.2529296875,5324,12873.654296875,15654,20792.751953125,17582,41788.171875,38610,29721.79296875,31764,1808656.75,1735619,0.6670368078409571,0.28807306470326666,0.7117798497075246,1.1496239932272942,1.6433075523451313,2.3104534276611637
ADNI,ADNI-0475_S_P4152F6_CN_F_Accelerated_Sag_IR-FSPGR,0.0,13834.046875,11263,6185.12255859375,5324,17059.0625,15654,34902.55078125,17582,46229.51171875,38610,36586.25,31764,1782109.125,1735619,0.7762738364857427,0.34706755449634713,0.9572400623895576,1.9584968334220274,2.0529747301529584,2.5940898382836126
ADNI,ADNI-0477_S_PDA6FD4_CN_M_Accelerated_Sag_IR-FSPGR,0.0,12822.6826171875,11263,6322.9482421875,5324,17265.353515625,15654,17722.5078125,17582,41121.484375,38610,35841.53125,31764,1820216.875,1735619,0.7044590561323908,0.3473733448486736,0.9485327684166757,0.9736481435762978,1.9690802641306138,2.2591530130166495
ADNI,ADNI-1726_S_P0CF21A_CN_F_MPRAGE_3dtfe,0.0,12163.6513671875,11263,6354.33056640625,5324,17562.6796875,15654,40527.5078125,17582,40230.04296875,38610,35539.7421875,31764,1753912.0,1735619,0.6935154880739456,0.3622947198266646,1.001343265083995,2.31069220191777,2.026312733335538,2.29373212388934
ADNI,ADNI-0964_S_PB9FE41_CN_M_Accelerated_Sagittal_MPRAGE,0.0,12686.435546875,11263,5427.41015625,5324,13743.173828125,15654,47371.2421875,17582,38985.1171875,38610,31435.890625,31764,1757697.875,1735619,0.7217642876694608,0.3087794684993859,0.7818848747328093,2.6950730760540975,1.788469512998643,2.217964631009183
ADNI,ADNI-1218_S_P0B32F5_CN_M_Accelerated_Sagittal_MPRAGE,0.0,14632.2197265625,11263,6613.05322265625,5324,16224.1953125,15654,26398.517578125,17582,43636.875,38610,36943.984375,31764,1799889.25,1735619,0.8129511149956865,0.3674144518978737,0.9013996451448332,1.4666745511216872,2.0525698664515053,2.4244200025084877
ADNI,ADNI-1125_S_P16350A_CN_M_Accelerated_Sagittal_MPRAGE,0.0,14899.8388671875,11263,6491.39892578125,5324,15200.3798828125,15654,65565.7578125,17582,44090.10546875,38610,36101.78125,31764,1758726.625,1735619,0.8471947064079672,0.3690965289037601,0.8642832641947693,3.728024405868081,2.052722733415149,2.506933416599069
ADNI,ADNI-0003_S_PC3D1DB_CN_M_MPRAGE,0.0,15042.662109375,11263,6772.7392578125,5324,18911.5625,15654,40224.74609375,17582,46367.5703125,38610,40163.09375,31764,1789778.0,1735619,0.8404764227393006,0.37841225324104444,1.0566429188424487,2.2474712558624588,2.2440265636296792,2.59068835981334
ADNI,ADNI-0967_S_PFB618B_CN_F_Accelerated_Sagittal_MPRAGE,0.0,14207.90625,11263,6048.92041015625,5324,13968.919921875,15654,22701.484375,17582,44154.2265625,38610,33775.90625,31764,1748197.375,1735619,0.8127175142337689,0.34600900886012653,0.7990470710937315,1.2985652935784782,1.9320419269019895,2.5257003124432678
ADNI,ADNI-0515_S_P9AB0EA_CN_F_Accelerated_Sagittal_MPRAGE,0.0,13008.23046875,11263,6456.53857421875,5324,15147.09765625,15654,33062.92578125,17582,38915.08203125,38610,34072.78125,31764,1787066.25,1735619,0.7279098057360772,0.3612926255094768,0.847595754004643,1.850123115539225,1.906632238732056,2.1775959358669548
ADNI,ADNI-0843_S_PD7474E_CN_F_Accelerated_Sagittal_MPRAGE_Phase_A-P,0.0,12923.2353515625,11263,5858.1904296875,5324,15195.1796875,15654,18861.341796875,17582,46564.75,38610,33480.30859375,31764,1777797.625,1735619,0.7269238731018386,0.3295195328932617,0.8547193152820192,1.060938631689026,1.8832463337186651,2.619237946163867
ADNI,ADNI-0435_S_P8C0FAE_CN_M_Sagittal_3D_Accelerated_0_angle_MPRAGE,0.0,11988.9013671875,11263,5928.740234375,5324,14723.8193359375,15654,17947.89453125,17582,40612.73046875,38610,32108.375,31764,1766198.375,1735619,0.6787969877498896,0.33567804830388887,0.8336447108291276,1.0161879200715491,1.8179370706305855,2.299443315292938
ADNI,ADNI-1015_S_PC757C7_CN_M_Accelerated_Sagittal_MPRAGE,0.0,13928.7001953125,11263,6030.18505859375,5324,15035.537109375,15654,33099.625,17582,41707.375,38610,34483.75,31764,1771287.0,1735619,0.7863604370896699,0.3404408804780789,0.8488481600878345,1.8686765611671061,1.9468188949616863,2.3546367697611963
ADNI,ADNI-1793_S_P3367F6_CN_F_Accelerated_Sagittal_MPRAGE,0.0,11819.5087890625,11263,5283.05126953125,5324,12993.9140625,15654,40574.4765625,17582,43558.3671875,38610,29649.12109375,31764,1718612.625,1735619,0.6877354801849254,0.30740209822043235,0.7560699760657233,2.3608855173224392,1.7251776614727241,2.5345075762782785
ADNI,ADNI-0652_S_P2F6745_CN_M_Accelerated_Sagittal_IR-FSPGR,0.0,11776.6875,11263,4966.0859375,5324,13578.65625,15654,32069.380859375,17582,39201.984375,38610,29895.826171875,31764,1779471.375,1735619,0.661808201326082,0.27907647221917237,0.7630724742621948,1.802185823830687,1.6800397349395406,2.2030129242736485
ADNI,ADNI-1659_S_P7554FD_CN_F_Sagittal_3D_Accelerated_MPRAGE,0.0,11742.130859375,11263,5986.1044921875,5324,16532.43359375,15654,20203.544921875,17582,40232.32421875,38610,33719.34375,31764,1829783.5,1735619,0.6417224146668171,0.32714823869531556,0.9035185634666616,1.1041494757098311,1.8428051050848364,2.198747787306531
ADNI,ADNI-1246_S_PABAE5A_CN_F_Accelerated_Sagittal_MPRAGE_ND,0.0,13156.1376953125,11263,5724.833984375,5324,13822.349609375,15654,32176.80078125,17582,42091.01171875,38610,32247.912109375,31764,1750140.375,1735619,0.7517189982724958,0.3271071318707792,0.7897851970516937,1.8385268542387634,1.8425900327780849,2.4050077536637597
ADNI,ADNI-1432_S_P8C5564_CN_M_Accelerated_Sagittal_MPRAGE_ND,0.0,13915.138671875,11263,6329.8857421875,5324,14451.58984375,15654,49979.1953125,17582,45791.3359375,38610,34189.99609375,31764,1732033.625,1735619,0.8033988758084878,0.3654597492117106,0.8343712059140884,2.885578812738119,1.9739799274249077,2.6437902403597966
ADNI,ADNI-2097_S_P3555B9_CN_M_Accelerated_Sagittal_MPRAGE,0.0,11289.7294921875,11263,5030.86767578125,5324,13756.17578125,15654,25206.53515625,17582,46484.484375,38610,29647.9921875,31764,1798925.5,1735619,0.62758182549458,0.27965958989303613,0.7646884643777633,1.4011995024946835,1.648094497937797,2.5840138668888732
ADNI,ADNI-0820_S_P08B3E6_CN_M_Accelerated_Sagittal_MPRAGE_Phase_A-P,0.0,13644.724609375,11263,6401.0546875,5324,16483.904296875,15654,50456.8984375,17582,45720.12109375,38610,36003.9453125,31764,1740222.125,1735619,0.7840794811969766,0.3678297497510555,0.9472299001413397,2.89945161095455,2.0689281440149485,2.6272577757135456
ADNI,ADNI-0242_S_PECCF38_CN_F_Accelerated_Sagittal_MPRAGE,0.0,11237.1904296875,11263,5232.4931640625,5324,12079.111328125,15654,20423.689453125,17582,45165.2109375,38610,28177.421875,31764,1782536.25,1735619,0.6304045951204359,0.2935420339453125,0.6776362235620734,1.1457657286422647,1.5807488837884784,2.533761147213696
ADNI,ADNI-1324_S_P522FA3_CN_M_Accelerated_Sag_IR-FSPGR,0.0,12599.30859375,11263,5933.28564453125,5324,15654.013671875,15654,28344.26171875,17582,39395.34375,38610,33712.19140625,31764,1790682.375,1735619,0.7036037641097572,0.33134215913256254,0.8741926480331276,1.5828748925252587,1.882644955739289,2.20001851249583
ADNI,ADNI-1013_S_P5B5F01_CN_F_Accelerated_Sagittal_MPRAGE,0.0,12474.642578125,11263,6367.57421875,5324,14836.025390625,15654,32399.77734375,17582,46089.2734375,38610,33143.51953125,31764,1745749.75,1735619,0.7145722104857812,0.36474725078723336,0.8498368904606747,1.8559233557816635,1.898526379926447,2.6400847794765543
ADNI,ADNI-2100_S_P486D6C_CN_M_Accelerated_Sagittal_MPRAGE,0.0,13777.005859375,11263,6974.7548828125,5324,15658.8203125,15654,36170.06640625,17582,40778.7421875,38610,35849.65234375,31764,1761080.0,1735619,0.7823043734171645,0.3960498604726929,0.8891600786165308,2.0538570880510822,2.0356629082012176,2.3155530803541007
ADNI,ADNI-1526_S_P688808_CN_F_Accelerated_Sagittal_IR-FSPGR,0.0,12973.171875,11263,6074.064453125,5324,17226.7265625,15654,28825.46484375,17582,44949.6953125,38610,35755.23046875,31764,1804515.5,1735619,0.7189282594136764,0.3366036175984634,0.9546455301991034,1.5974074394899906,1.9814310527534955,2.4909564541008375
ADNI,ADNI-0790_S_PD0482C_CN_M_Accelerated_Sagittal_MPRAGE,0.0,12226.314453125,11263,5734.1044921875,5324,13457.087890625,15654,30111.990234375,17582,45620.91796875,38610,31023.4296875,31764,1759741.0,1735619,0.6947792006394691,0.32584934329469506,0.7647198019836442,1.7111603488453697,1.7629543033605515,2.5924791187311085
ADNI,ADNI-0472_S_P1DA57C_CN_M_ORIG_Accelerated_Sag_IR-FSPGR,0.0,13409.552734375,11263,6319.4833984375,5324,14825.98046875,15654,45366.54296875,17582,41738.140625,38610,34086.28125,31764,1755120.625,1735619,0.7640245657972938,0.3600597764291842,0.8447271519443287,2.584810543648531,1.9421047627424466,2.378078180523917
ADNI,ADNI-0448_S_PEE2753_CN_F_Accelerated_Sagittal_MPRAGE,0.0,12849.5078125,11263,5623.3916015625,5324,14027.3671875,15654,22063.802734375,17582,44501.84375,38610,32038.28515625,31764,1818330.875,1735619,0.7066649964077633,0.30926118446745837,0.7714419515370106,1.2134096735488253,1.7619612358091867,2.4474007652760115
ADNI,ADNI-2089_S_P164903_CN_F_Accelerated_Sagittal_MPRAGE,0.0,12368.6669921875,11263,6153.9609375,5324,13137.7578125,15654,55985.63671875,17582,42146.9140625,38610,31186.171875,31764,1739728.0,1735619,0.7109540682329364,0.3537312118618543,0.755161600692752,3.218068383031715,1.792588949249538,2.4226151480288873
ADNI,ADNI-1497_S_P5B4DDD_CN_F_Accelerated_Sagittal_IR-FSPGR,0.0,20534.0,11263,6607.8427734375,5324,17518.63671875,15654,81544.4140625,17582,40610.7265625,38610,44089.515625,31764,1718506.5,1735619,1.1948747357080116,0.384510781509264,1.0194105590377458,4.745074520375687,2.5655716533513258,2.363140701679045
ADNI,ADNI-0853_S_P11D844_CN_F_Accelerated_Sagittal_MPRAGE_Phase_A-P,0.0,12522.0888671875,11263,5785.826171875,5324,14565.2890625,15654,19245.099609375,17582,43175.21875,38610,32437.287109375,31764,1781054.625,1735619,0.7030715785703372,0.3248539427517559,0.8177901372620731,1.0805451634800365,1.8212404411445269,2.424137819467497
ADNI,ADNI-1425_S_P71CEF3_CN_F_MPRAGE,0.0,12857.2734375,11263,6116.060546875,5324,15735.89453125,15654,28006.57421875,17582,44619.44921875,38610,34210.5546875,31764,1767440.875,1735619,0.7274514027237262,0.3460404607240398,0.8903208448910632,1.5845833722019131,1.9355982523319204,2.5245228765431826
ADNI,ADNI-0088_S_PEED9AA_CN_M_MP-RAGE,0.0,14049.607421875,11263,6250.234375,5324,15716.7998046875,15654,34937.78125,17582,37774.2734375,38610,35501.49609375,31764,1769795.125,1735619,0.7938550187765377,0.3531614640988459,0.888057582636154,1.9741144472866599,2.0059664303657745,2.13438679448843
ADNI,ADNI-1427_S_PDD2376_CN_M_MPRAGE,0.0,13368.5703125,11263,6478.69091796875,5324,17297.205078125,15654,33035.1328125,17582,43984.34375,38610,36609.6796875,31764,1768887.5,1735619,0.7557614779063112,0.36625793997463096,0.9778578387899174,1.8675655072750528,2.069644320936182,2.48655404880186
ADNI,ADNI-0002_S_P2E28EF_CN_F_MPRAGE,0.0,12719.341796875,11263,5803.7880859375,5324,15522.4189453125,15654,35556.37109375,17582,39209.48046875,38610,33553.5,31764,1739966.625,1735619,0.7310106765338099,0.3335574373984041,0.8921101544296862,2.0435087997018333,1.9283990576543386,2.2534616414697033
ADNI,ADNI-0553_S_PF9AB5D_CN_M_MPRAGE_GRAPPA2,0.0,12807.4384765625,11263,5965.59326171875,5324,15601.4345703125,15654,40357.4140625,17582,49018.203125,38610,33858.0,31764,1783649.625,1735619,0.7180467675405982,0.33445992857026224,0.8746916631853915,2.262631264394205,1.8982427672699451,2.748196867700404
ADNI,ADNI-0991_S_P921C10_CN_M_MPRAGE_GRAPPA2,0.0,13026.4619140625,11263,6095.947265625,5324,16676.447265625,15654,35193.390625,17582,44366.109375,38610,35248.640625,31764,1773184.0,1735619,0.7346367841161718,0.34378537510066637,0.9404803599414951,1.9847568343161228,1.9878726982084205,2.502058972729283
ADNI,ADNI-1238_S_PB9957D_CN_M_MPRAGE_GRAPPA2,0.0,13061.755859375,11263,6654.7119140625,5324,14676.76953125,15654,30688.818359375,17582,42844.48828125,38610,33869.40234375,31764,1763645.5,1735619,0.740611186282901,0.3773270713452619,0.8321836520576272,1.7400786246088003,1.9204200812323113,2.4293140702737595
ADNI,ADNI-0996_S_PB4DA11_CN_F_MPRAGE_GRAPPA2,0.0,12887.138671875,11263,6952.236328125,5324,16451.921875,15654,23721.34375,17582,42983.21875,38610,35679.2265625,31764,1778223.25,1735619,0.7247199513264153,0.39096532609867746,0.9251887734006403,1.3339913168945463,2.006453720729385,2.417200357154255
ADNI,ADNI-0936_S_P998D9E_CN_M_MPRAGE,0.0,17314.5234375,11263,7368.515625,5324,18943.94140625,15654,78449.2109375,17582,45635.1484375,38610,42970.203125,31764,1728045.625,1735619,1.001971428705767,0.42640746971018195,1.0962639604061382,4.539765027182081,2.486635914199314,2.640853214596113
ADNI,ADNI-1603_S_PB50F97_CN_M_MPRAGE_SENSE2,0.0,12562.4462890625,11263,6444.462890625,5324,17591.103515625,15654,19921.923828125,17582,44023.58984375,38610,36031.2265625,31764,1761042.75,1735619,0.7133527161145009,0.3659458517191022,0.9989026964635016,1.1312572524502884,2.046016575264854,2.49985923645238
ADNI,ADNI-1474_S_P096BAE_CN_F_MPRAGE,0.0,12403.603515625,11263,5796.705078125,5324,15905.4951171875,15654,18019.27734375,17582,40165.73828125,38610,33644.9140625,31764,1774265.375,1735619,0.6990838963773951,0.32671015056724534,0.8964552507928809,1.0155908804651053,1.8962729328187446,2.2637954190618186
ADNI,ADNI-0994_S_P8F6037_CN_M_MPRAGE,0.0,12442.310546875,11263,6341.5615234375,5324,15998.47265625,15654,41785.8984375,17582,39026.578125,38610,34241.91796875,31764,1759249.5,1735619,0.7072510492045045,0.36046970730629735,0.909391911508288,2.375211613673899,1.9463935029539585,2.218365167930984
ADNI,ADNI-0225_S_P77EE4C_CN_M_MPRAGE,0.0,12107.61328125,11263,6063.8935546875,5324,16505.45703125,15654,32711.26953125,17582,42983.37109375,38610,34178.74609375,31764,1772864.875,1735619,0.6829405586395861,0.34203924056465385,0.9310047970379017,1.8451078811773516,1.9278821852539665,2.42451478958598
ADNI,ADNI-2060_S_PD8E0F2_CN_M_MPRAGE_GRAPPA2,0.0,11669.302734375,11263,5672.7041015625,5324,15660.8828125,15654,33927.3515625,17582,40157.9140625,38610,32519.23046875,31764,1759353.125,1735619,0.663272345304471,0.32243124026408854,0.8901500551516626,1.9283991985690763,1.8483629014925587,2.282538592842185
ADNI,ADNI-0687_S_P7BFE06_CN_M_MPRAGE,0.0,14232.2265625,11263,6871.25146484375,5324,16794.51953125,15654,59452.2109375,17582,40038.26171875,38610,37321.24609375,31764,1754840.0,1735619,0.8110270202696543,0.39155999776867123,0.9570399313470174,3.387899235115452,2.1267606216948556,2.281590442362267
ADNI,ADNI-1688_S_P51A0BE_CN_F_MPRAGE_GRAPPA2,0.0,12461.1865234375,11263,6370.607421875,5324,15397.62109375,15654,21135.0546875,17582,44266.16015625,38610,33664.10546875,31764,1729818.75,1735619,0.7203752718854216,0.3682817880124724,0.8901291591243303,1.2218074689906095,1.9461059413739157,2.5590056852054586
ADNI,ADNI-1731_S_PDEE1AF_CN_F_MPRAGE_SENSE2,0.0,12122.3994140625,11263,6187.5146484375,5324,16770.86328125,15654,26952.23828125,17582,38854.078125,38610,34548.33984375,31764,1764507.5,1735619,0.6870131985306098,0.35066525069672416,0.9504557663398994,1.5274652151521033,1.9579593650777907,2.2019786328479762
ADNI,ADNI-0340_S_P99D7B1_CN_M_Accelerated_SAG_IR-SPGR,0.0,11849.5830078125,11263,6383.919921875,5324,16030.810546875,15654,34030.18359375,17582,37440.4921875,38610,33777.15625,31764,1767079.125,1735619,0.6705745566324032,0.3612696133159855,0.9071925710669577,1.9257871994696332,1.9114682399974592,2.1187784778737626
ADNI,ADNI-1316_S_P0984F5_CN_M_MPRAGE,0.0,16046.8427734375,11263,6403.0146484375,5324,15280.810546875,15654,75499.6171875,17582,38841.35546875,38610,37233.36328125,31764,1672592.625,1735619,0.9593993500621527,0.382819734628299,0.9136002585731239,4.513927423750299,2.2260867783779688,2.3222244848024487
ADNI,ADNI-1604_S_P2924FC_CN_M_MPRAGE_SENSE2,0.0,11175.560546875,11263,5568.9208984375,5324,14922.5439453125,15654,39899.453125,17582,39964.11328125,38610,31204.18359375,31764,1749055.125,1735619,0.6389484463432792,0.3183959624164218,0.8531774517577025,2.2812004352921695,1.7840594700381442,2.2848972974050774
ADNI,ADNI-1347_S_PF01736_CN_M_MPRAGE_SENSE2,0.0,12657.880859375,11263,6543.12890625,5324,17696.3984375,15654,23222.251953125,17582,43611.65234375,38610,36376.2109375,31764,1782590.25,1735619,0.7100835909640479,0.3670573709381615,0.9927350627829363,1.3027251749595847,2.0406378267523904,2.446532642246304
ADNI,ADNI-0052_S_P7C35F9_CN_F_Sag_IR-SPGR,0.0,13160.810546875,11263,6266.083984375,5324,15914.5625,15654,32527.033203125,17582,46420.890625,38610,34850.96484375,31764,1780984.0,1735619,0.7389628737189666,0.3518326938577213,0.8935825644699784,1.826351792218515,1.9568376158208045,2.6064743212179335
ADNI,ADNI-1551_S_PDF47D0_CN_F_MPRAGE_GRAPPA2,0.0,12879.41796875,11263,5393.26953125,5324,14027.0458984375,15654,22984.408203125,17582,43057.7421875,38610,31837.470703125,31764,1753454.625,1735619,0.7345167525364393,0.30757964616563715,0.7999662893151569,1.310807127565391,1.8156997192399544,2.455594890999817
ADNI,ADNI-1755_S_P199F81_CN_M_MPRAGE_GRAPPA2,0.0,14915.5380859375,11263,6551.005859375,5324,15662.9970703125,15654,47485.78125,17582,43486.46875,38610,36578.4765625,31764,1745062.625,1735619,0.8547279548742557,0.37540233602647927,0.8975607434324885,2.721150551831915,2.096112542809173,2.4919718139055322
ADNI,ADNI-1265_S_PBA8483_CN_M_Accelerated_SAG_IR-SPGR,0.0,14189.0380859375,11263,7153.224609375,5324,19010.2734375,15654,22787.453125,17582,46712.02734375,38610,39692.609375,31764,1811880.625,1735619,0.7831110885650925,0.3947955792824375,1.0492012097927257,1.2576685688109281,2.1906856791406994,2.578096299459574
ADNI,ADNI-0700_S_PD5CAB0_CN_F_MPRAGE,0.0,12026.849609375,11263,6751.302734375,5324,16795.90234375,15654,24976.494140625,17582,41458.7890625,38610,35087.9375,31764,1785448.625,1735619,0.6736037901608622,0.378129207407186,0.940710480748221,1.3988917850058553,1.9652168653130526,2.3220376370392626
ADNI,ADNI-0345_S_P723528_CN_F_Sag_IR-SPGR,0.0,12388.146484375,11263,5975.77490234375,5324,16306.53125,15654,29722.44140625,17582,38565.25,38610,34129.5703125,31764,1819108.625,1735619,0.6810009206775653,0.3285001687210268,0.8964022832886079,1.6339014063137653,1.8761700012554223,2.1200080891266184
ADNI,ADNI-0295_S_PAE79DC_CN_F_MPRAGE,0.0,12423.91796875,11263,5473.15087890625,5324,15707.5869140625,15654,21240.619140625,17582,39958.515625,38610,33131.98046875,31764,1779155.625,1735619,0.6983041727308144,0.3076263145280644,0.8828675071109926,1.193859538882384,1.862230599908875,2.245925823661435
ADNI,ADNI-0292_S_P6297EC_CN_F_MPRAGE_GRAPPA2,0.0,13437.9765625,11263,6063.93701171875,5324,15203.3837890625,15654,46333.29296875,17582,45480.84765625,38610,34170.4140625,31764,1744277.0,1735619,0.7704038155923629,0.3476475933420408,0.8716152187446431,2.65630361282927,1.9590015841807238,2.607432630038119
ADNI,ADNI-0551_S_PBD844E_CN_M_MPRAGE,0.0,12406.6123046875,11263,6631.67431640625,5324,17724.923828125,15654,22540.55078125,17582,43272.5546875,38610,36227.8125,31764,1760684.0,1735619,0.7046473021102878,0.3766532959012662,1.006706701947936,1.2802155742455774,2.0575987797923987,2.457712723435892
ADNI,ADNI-0871_S_PD01A73_CN_M_MPRAGE,0.0,11142.1494140625,11263,5935.93408203125,5324,14574.8037109375,15654,27594.783203125,17582,44011.203125,38610,31188.50390625,31764,1782510.875,1735619,0.6250817075134254,0.3330096980211271,0.8176558087443646,1.5480849845095614,1.749695014132803,2.469056640397776
ADNI,ADNI-0123_S_P122797_CN_F_MPRAGE_SENSE2,0.0,12956.0771484375,11263,6164.4755859375,5324,15688.01953125,15654,34956.48046875,17582,42253.984375,38610,34353.30859375,31764,1770277.25,1735619,0.7318671212906058,0.34822091205982003,0.8861899756803632,1.9746330959599692,1.9405609259086396,2.386856882163514
ADNI,ADNI-0688_S_P3FEDDC_CN_M_MPRAGE_SENSE2,0.0,14169.9375,11263,6200.404296875,5324,16706.435546875,15654,63130.3359375,17582,36430.7734375,38610,36577.25,31764,1750984.375,1735619,0.8092555080624292,0.3541096302972435,0.9541167691387881,3.6054197192650563,2.0889535350650976,2.0805881513077464
ADNI,ADNI-1508_S_P319A7B_CN_F_MP-RAGE_REPEAT,0.0,13110.611328125,11263,5204.890625,5324,13310.880859375,15654,49435.87109375,17582,40037.03515625,38610,31231.2734375,31764,1738453.875,1735619,0.7541535335888621,0.2993976831855835,0.7656735131597898,2.8436688372735803,1.796497099326262,2.303025448762625
ADNI,ADNI-0268_S_PEE30F8_CN_F_MPRAGE,0.0,12715.203125,11263,6092.63037109375,5324,15894.0546875,15654,25369.4609375,17582,42201.9765625,38610,34227.3046875,31764,1772348.625,1735619,0.7174211069788823,0.34376026731725823,0.8967792489189309,1.431403538764841,1.93118352702759,2.38113291974371
ADNI,ADNI-1757_S_P0BAEAA_CN_M_MPRAGE_GRAPPA2,0.0,13055.0791015625,11263,6570.9794921875,5324,14651.228515625,15654,18402.45703125,17582,47661.42578125,38610,33775.48828125,31764,1793778.125,1735619,0.7277978764270246,0.3663206391363201,0.816780420690268,1.0259048638610195,1.8829245273157738,2.6570413094568206
ADNI,ADNI-0510_S_P283F2D_CN_M_MPRAGE,0.0,12610.798828125,11263,6342.74755859375,5324,16131.701171875,15654,26372.154296875,17582,39832.28515625,38610,34547.26953125,31764,1791499.75,1735619,0.703924118779531,0.3540468012118757,0.9004579080669702,1.4720713355876829,1.928399349832452,2.223404449609887
ADNI,ADNI-1206_S_P1A8157_CN_F_MPRAGE,0.0,13648.6689453125,11263,5902.19775390625,5324,15261.7109375,15654,60642.421875,17582,40590.25,38610,34361.15625,31764,1742719.875,1735619,0.7831820329307083,0.338677365110457,0.8757409126065083,3.4797572888758155,1.9716970433931618,2.3291322135176773
ADNI,ADNI-0056_S_P12F18C_CN_F_Sag_IR-SPGR,0.0,12714.818359375,11263,5995.46484375,5324,16205.84765625,15654,30195.494140625,17582,38667.8984375,38610,34390.796875,31764,1794304.0,1735619,0.7086211901313824,0.3341387436995069,0.9031829420349059,1.6828527462807306,1.9166650063199995,2.1550360717860517
ADNI,ADNI-1518_S_PEAE63C_CN_F_Accelerated_Sag_IR-SPGR,0.0,12649.53515625,11263,5287.8681640625,5324,14972.662109375,15654,25900.4140625,17582,38754.921875,38610,32490.8359375,31764,1802199.625,1735619,0.7018942286290842,0.2934119001418891,0.8307993133321732,1.4371556681741071,1.802843341369578,2.1504233680550233
ADNI,ADNI-1437_S_P08AC7C_CN_M_MPRAGE_GRAPPA2,0.0,15160.9091796875,11263,6950.83642578125,5324,15735.13671875,15654,39421.77734375,17582,44730.76171875,38610,37306.015625,31764,1754070.875,1735619,0.8643270574621165,0.3962688466497256,0.8970639067677354,2.2474449525165285,2.126824871030368,2.5501114211676312
ADNI,ADNI-0182_S_PDADBD7_CN_M_MPRAGE_GRAPPA2,0.0,15792.08984375,11263,7472.0556640625,5324,17556.9453125,15654,49196.65625,17582,41625.57421875,38610,40182.2109375,31764,1737629.0,1735619,0.908829781486727,0.43001444290251256,1.010396656161931,2.831252025029509,2.312473545129599,2.3955386459796655
ADNI,ADNI-1207_S_P3AC788_CN_M_MPRAGE_GRAPPA2,0.0,12326.54296875,11263,6136.576171875,5324,16867.38671875,15654,37365.71484375,17582,41252.81640625,38610,34787.6640625,31764,1770284.125,1735619,0.6963030846107825,0.34664357462252,0.9528067546078233,2.110718517783127,1.9650893080510452,2.3302935288000732
ADNI,ADNI-0703_S_P9A9BC4_CN_M_MPRAGE,0.0,11716.0576171875,11263,5565.69287109375,5324,12773.767578125,15654,41787.1953125,17582,39714.0390625,38610,29651.919921875,31764,1775572.5,1735619,0.6598467602526791,0.3134590601675657,0.7194168403782443,2.353449116411749,1.669992068579289,2.2366892403717675
ADNI,ADNI-1566_S_PC71BAA_CN_F_MPRAGE,0.0,13254.296875,11263,6214.724609375,5324,16465.203125,15654,33867.23828125,17582,38046.109375,38610,35448.98828125,31764,1766899.25,1735619,0.7501444621135019,0.35173055902168726,0.9318699481591833,1.9167611442050247,2.0062823775181293,2.1532698808378576
ADNI,ADNI-1482_S_P30468E_CN_M_MP-RAGE_REPEAT,0.0,12493.4052734375,11263,6827.05419921875,5324,16451.703125,15654,21800.453125,17582,41824.0234375,38610,35211.21875,31764,1785227.625,1735619,0.6998214176434503,0.3824192558760539,0.9215465240742059,1.2211581772380427,1.972365778845709,2.342783791366661
ADNI,ADNI-1242_S_P84AF8F_CN_M_MPRAGE_GRAPPA2,0.0,11583.650390625,11263,5608.5576171875,5324,15228.982421875,15654,30649.908203125,17582,39417.70703125,38610,31919.875,31764,1791058.0,1735619,0.6467490383128297,0.31314215492672487,0.8502785739978829,1.71127390643547,1.7821798624053493,2.2008057266291767
ADNI,ADNI-0938_S_PC8F014_CN_M_MPRAGE_GRAPPA2,0.0,12343.0859375,11263,5577.2138671875,5324,14480.12109375,15654,48407.5234375,17582,38907.67578125,38610,31914.58203125,31764,1767791.0,1735619,0.6982208834358813,0.3154905680132719,0.8191082030483241,2.7383057973199323,1.8053368317436849,2.2009205715636067
ADNI,ADNI-0701_S_PAE1EB3_CN_M_MPRAGE,0.0,12349.8662109375,11263,5985.2451171875,5324,14576.1171875,15654,44234.43359375,17582,36159.28125,38610,32459.306640625,31764,1751861.0,1735619,0.7049569692422801,0.3416506855959177,0.832036171106041,2.5249967659391928,1.8528471517217975,2.064049673461536
ADNI,ADNI-0547_S_PB4C9C3_CN_F_MPRAGE,0.0,13574.3427734375,11263,6468.25927734375,5324,17681.5,15654,25966.810546875,17582,39558.31640625,38610,37193.80859375,31764,1767906.375,1735619,0.7678202287967597,0.36587114390284103,1.0001378042431686,1.4687887839578042,2.1038336147042855,2.237579826943607
ADNI,ADNI-1646_S_PCA5C34_CN_M_Accelerated_SAG_IR-SPGR,0.0,14903.7744140625,11263,4943.841796875,5324,15300.462890625,15654,41647.8203125,17582,42327.3203125,38610,34719.98828125,31764,1758254.0,1735619,0.8476462680626634,0.2811790444881684,0.8702077680827116,2.3687032881767935,1.97468558474771,2.4073495816019754
ADNI,ADNI-1735_S_P300AD9_CN_F_MPRAGE,0.0,11685.42578125,11263,6136.8037109375,5324,15092.8896484375,15654,20080.380859375,17582,43858.3046875,38610,32416.708984375,31764,1804731.875,1735619,0.6474881916323443,0.34003963668772125,0.8362953997494781,1.112651753844321,1.796206374665766,2.430183967770836
ADNI,ADNI-0992_S_P2EFCAC_CN_F_MPRAGE,0.0,10050.1953125,11263,5097.17919921875,5324,14216.373046875,15654,31234.90625,17582,40252.0625,38610,28947.67578125,31764,1768795.125,1735619,0.5681944262764745,0.28817239075208045,0.8037320346456178,1.7658860434726718,1.636575959086839,2.2756769244261683
ADNI,ADNI-0813_S_P056708_CN_M_MPRAGE_GRAPPA2,0.0,14041.705078125,11263,6766.8818359375,5324,14491.3671875,15654,48476.7265625,17582,41821.97265625,38610,34794.28125,31764,1755274.25,1735619,0.7999721455564565,0.3855170686824296,0.825589914937794,2.7617750652070465,1.982270363164047,2.3826460540995233
ADNI,ADNI-0166_S_P4D34BF_CN_F_Sag_IR-SPGR,0.0,12861.603515625,11263,5902.09130859375,5324,14012.8486328125,15654,49946.65234375,17582,42895.8046875,38610,32324.7890625,31764,1771103.75,1735619,0.7261914224745445,0.33324367974455193,0.7911929853241234,2.820086194484654,1.825121146206144,2.4219814727115785
ADNI,ADNI-1616_S_PC880AB_CN_F_MPRAGE,0.0,14263.18359375,11263,6547.56591796875,5324,18112.712890625,15654,31047.087890625,17582,49284.09375,38610,38399.6015625,31764,1764533.375,1735619,0.808326087555584,0.3710650085022478,1.0264874072231704,1.7595069796072857,2.1761901535299666,2.79303834363575
ADNI,ADNI-1214_S_P57F836_CN_M_MPRAGE_GRAPPA2,0.0,11743.9560546875,11263,6215.65380859375,5324,15831.697265625,15654,15081.4287109375,17582,41974.3359375,38610,33285.234375,31764,1774295.75,1735619,0.6618939404373538,0.35031667119722004,0.8922806282788538,0.849995200120245,1.87596878226192,2.365689932893093
ADNI,ADNI-0209_S_P78C607_CN_F_MPRAGE,0.0,12490.72265625,11263,6787.0380859375,5324,14781.1611328125,15654,22970.763671875,17582,40506.546875,38610,33554.21875,31764,1746388.625,1735619,0.7152315628630483,0.3886327469601733,0.8463844141685531,1.315329437162075,1.9213489065184446,2.3194463302805812
ADNI,ADNI-1084_S_P58AFFB_CN_F_Accelerated_Sag_IR-FSPGR,0.0,14204.755859375,11263,6573.564453125,5324,17081.80859375,15654,37743.91796875,17582,44423.69140625,38610,37367.5,31764,1797362.75,1735619,0.7903110187064353,0.3657338760984671,0.9503818076651472,2.0999610662204944,2.0790182727443303,2.471604099186433
ADNI,ADNI-0697_S_PE716CB_CN_F_MPRAGE,0.0,11457.4765625,11263,5276.70166015625,5324,13767.30078125,15654,21909.1796875,17582,46274.0078125,38610,30093.67578125,31764,1759090.875,1735619,0.6513294296123274,0.2999675420495971,0.7826372688818592,1.2454831071476054,1.710751627953843,2.6305638025949056
ADNI,ADNI-0210_S_P7683FE_CN_M_MPRAGE,0.0,12791.1474609375,11263,6092.68505859375,5324,15858.32421875,15654,34057.890625,17582,40575.31640625,38610,34234.99609375,31764,1759788.125,1735619,0.7268572437342422,0.34621696623812315,0.9011496323598616,1.9353404049706269,1.945404427237512,2.3056932723790258
ADNI,ADNI-1241_S_P807C9C_CN_M_MPRAGE,0.0,14567.9853515625,11263,6125.65576171875,5324,17227.748046875,15654,41303.8984375,17582,40067.48046875,38610,37350.21875,31764,1726715.375,1735619,0.8436819155306647,0.3547577006846742,0.9977178807986811,2.3920501916825754,2.1630790627552035,2.32044499335914
ADNI,ADNI-1345_S_P50EA9B_CN_F_MPRAGE_SENSE,0.0,12914.0791015625,11263,5186.875,5324,14801.84375,15654,52167.625,17582,36256.28515625,38610,32493.794921875,31764,1742240.0,1735619,0.7412342215517093,0.2977130016530443,0.8495869541509781,2.994284656534117,1.8650584834394228,2.081015540697608
ADNI,ADNI-0872_S_P504F33_CN_M_MPRAGE_GRAPPA2,0.0,16510.20703125,11263,7031.4072265625,5324,16770.15234375,15654,42797.3515625,17582,44507.7109375,38610,39682.1953125,31764,1753258.25,1735619,0.9416871149044928,0.4010480045687793,0.9565135280983277,2.4410181194071097,2.2633400021075047,2.5385713107296084
ADNI,ADNI-1724_S_PADC97A_CN_F_MPRAGE_SENSE2,0.0,13161.5546875,11263,5956.0888671875,5324,15160.31640625,15654,52847.49609375,17582,39457.4921875,38610,33818.90625,31764,1732834.75,1735619,0.7595389397344438,0.34371938046530404,0.8748852945296717,3.0497712545151807,1.951652126667012,2.2770487599870672
ADNI,ADNI-0010_S_P1C2482_CN_F_MPRAGE,0.0,13195.3837890625,11263,5830.67822265625,5324,13844.869140625,15654,47160.22265625,17582,40725.859375,38610,32354.505859375,31764,1753644.25,1735619,0.7524549970190647,0.33248922765585154,0.7894913201822433,2.6892696541074392,1.8449868529135827,2.322355824164451
ADNI,ADNI-0012_S_P41AC7A_CN_F_MPRAGE_SENSE2,0.0,12282.0,11263,5735.3759765625,5324,14761.21484375,15654,32633.521484375,17582,42477.7734375,38610,32309.048828125,31764,1744740.25,1735619,0.7039443263832539,0.32872377286891274,0.8460408272090932,1.8703942597974113,1.8517970699721635,2.434618759869843
ADNI,ADNI-0659_S_PD3CF64_CN_M_Sag_IR-FSPGR,0.0,13791.044921875,11263,5933.333984375,5324,16593.484375,15654,46220.78125,17582,38400.2421875,38610,35857.9765625,31764,1725795.875,1735619,0.7991121732096503,0.343802767773738,0.9614975105326405,2.6782299065351514,2.077764646557635,2.225074398645205
ADNI,ADNI-1365_S_P8D2FCB_CN_M_Sag_IR-SPGR,0.0,12895.77734375,11263,6143.12109375,5324,16331.0546875,15654,32747.458984375,17582,42382.50390625,38610,34861.15625,31764,1763707.5,1735619,0.7311743780502152,0.3483072501392663,0.9259502886674802,1.8567397929857985,1.9765837731029663,2.403034738257336
ADNI,ADNI-0267_S_PED0AC3_CN_M_MPRAGE_ND,0.0,14883.390625,11263,6432.470703125,5324,15618.68359375,15654,44147.1953125,17582,40708.73046875,38610,36413.83984375,31764,1761371.625,1735619,0.8449886675675271,0.36519668034989494,0.8867341435541748,2.506410043507996,2.067357014664637,2.3111948603549237
ADNI,ADNI-0664_S_PCB2205_CN_M_Sag_IR-FSPGR,0.0,12824.1552734375,11263,6126.412109375,5324,17244.46484375,15654,22839.103515625,17582,39854.3125,38610,35695.703125,31764,1807096.25,1735619,0.7096553530802524,0.33901969025584555,0.9542637722672492,1.263856505464222,1.9753072435959071,2.2054338555569464
ADNI,ADNI-0421_S_PBB39E4_CN_M_MPRAGE_SENSE2,0.0,12719.935546875,11263,5892.20947265625,5324,16238.1376953125,15654,35783.56640625,17582,38752.66796875,38610,34351.24609375,31764,1791061.375,1735619,0.7101898195350788,0.3289786466784953,0.9066209523563925,1.9978972750863997,1.9179267987815325,2.1636705759873807
ADNI,ADNI-1559_S_PAE52DB_CN_M_Accelerated_Sag_IR-FSPGR,0.0,14482.896484375,11263,6357.5,5324,16468.701171875,15654,42536.6328125,17582,37230.61328125,38610,36847.60546875,31764,1766148.0,1735619,0.8200273411047658,0.3599641706131083,0.932464389840206,2.4084410147111117,2.086326030930024,2.1080120851282
ADNI,ADNI-1699_S_PE66D15_CN_M_MPRAGE,0.0,12808.1962890625,11263,6052.34619140625,5324,16824.6640625,15654,33802.24609375,17582,41485.5,38610,35160.953125,31764,1767032.625,1735619,0.7248420944725059,0.34251468285178094,0.9521422425632916,1.9129384265754574,1.989830443849332,2.347749521602636
ADNI,ADNI-1428_S_P424E34_CN_F_MPRAGE,0.0,12656.4990234375,11263,5600.95947265625,5324,13977.478515625,15654,49563.703125,17582,36301.921875,38610,31810.7109375,31764,1766779.0,1735619,0.7163600554136935,0.3170152844615116,0.7911277254045356,2.805314254074788,1.8004917953801807,2.054695118914137
ADNI,ADNI-0227_S_P521621_CN_F_MPRAGE_GRAPPA2,0.0,11405.068359375,11263,5197.48046875,5324,13187.525390625,15654,41953.08984375,17582,43746.26953125,38610,29336.611328125,31764,1751671.0,1735619,0.65109648783219,0.296715562953888,0.7528540114339394,2.3950325057473694,1.6747786158545184,2.4974021680583856
ADNI,ADNI-0116_S_PD790CD_CN_M_MPRAGE,0.0,12931.38671875,11263,5883.673828125,5324,16671.82421875,15654,45775.94921875,17582,39832.61328125,38610,34998.4921875,31764,1743854.875,1735619,0.7415403027015077,0.33739469450547027,0.9560327787454217,2.6249861657065927,2.0069612838338973,2.2841701939933503
ADNI,ADNI-0741_S_P2FEC51_CN_F_MPRAGE,0.0,12931.69921875,11263,5917.0576171875,5324,16674.529296875,15654,23265.63671875,17582,44055.25,38610,35016.796875,31764,1763798.625,1735619,0.7331732225808941,0.335472402195999,0.9453760231202698,1.3190642281371547,1.9853058267918766,2.4977482902845556
ADNI,ADNI-0122_S_PB71484_CN_F_MPRAGE,0.0,12500.775390625,11263,5986.6220703125,5324,16911.193359375,15654,22900.41796875,17582,41864.5703125,38610,34911.53125,31764,1775465.0,1735619,0.7040845857634479,0.3371861495615233,0.9524937613174576,1.2898264943972424,1.9663317074681843,2.357949625168618
ADNI,ADNI-1805_S_PD6E304_CN_F_MPRAGE,0.0,12790.94921875,11263,6184.8203125,5324,16602.22265625,15654,27956.259765625,17582,41341.5078125,38610,35017.109375,31764,1758634.5,1735619,0.7273227733647896,0.35168309916017226,0.9440405414683949,1.5896571894629044,1.9911533280508258,2.3507731602274378
ADNI,ADNI-0392_S_PDFB769_CN_M_MPRAGE,0.0,12730.6875,11263,6408.509765625,5324,16121.025390625,15654,28442.93359375,17582,44215.12890625,38610,34762.12109375,31764,1750018.5,1735619,0.7274601668496647,0.3661966868135966,0.9211917125804671,1.6252933093993005,1.986385920705981,2.5265520853779546
ADNI,ADNI-0767_S_PC48471_CN_M_MPRAGE_GRAPPA2,0.0,13525.080078125,11263,6283.982421875,5324,14789.72265625,15654,33422.15234375,17582,42314.28515625,38610,34071.80078125,31764,1772527.75,1735619,0.7630391162070664,0.35452096148424195,0.8343859584849942,1.8855644061848962,1.9222153662333354,2.387228361093359
ADNI,ADNI-1379_S_PA29FF8_CN_M_MPRAGE_GRAPPA2,0.0,15347.82421875,11263,6555.98193359375,5324,14327.4462890625,15654,70641.4296875,17582,43128.38671875,38610,35686.17578125,31764,1712416.875,1735619,0.896266816965933,0.3828496453933713,0.8366798119215276,4.125247229153824,2.083965435183533,2.518568191448709
ADNI,ADNI-2059_S_PB75F0A_CN_F_MPRAGE,0.0,13795.8876953125,11263,6508.66650390625,5324,16478.267578125,15654,59321.828125,17582,42165.66015625,38610,36261.15625,31764,1755840.5,1735619,0.7857141747962016,0.3706866599731724,0.9384831696344286,3.378543103715856,2.0651737017115166,2.401451621388731
ADNI,ADNI-2062_S_P8C3690_CN_M_MPRAGE_GRAPPA2,0.0,14110.57421875,11263,6837.919921875,5324,15273.2998046875,15654,50542.66796875,17582,48807.0625,38610,35671.3125,31764,1738315.25,1735619,0.8117385047821446,0.3933647778718503,0.8786265785039566,2.9075662753778406,2.052062334493125,2.807722160868116
ADNI,ADNI-1255_S_PACEF19_CN_M_MP-RAGE,0.0,14331.6328125,11263,6908.51318359375,5324,18038.546875,15654,33976.16796875,17582,43422.53125,38610,38682.734375,31764,1775404.0,1735619,0.8072322025015152,0.38912344365528917,1.0160249089784634,1.913714735843222,2.17881306874379,2.4457831147164253
ADNI,ADNI-1140_S_PA6D592_CN_F_MPRAGE_GRAPPA2,0.0,13036.728515625,11263,6511.201171875,5324,14840.328125,15654,22825.62109375,17582,42477.0625,38610,33854.19921875,31764,1741335.25,1735619,0.7486627583990504,0.37392002326232127,0.8522384259435396,1.3108114071514947,1.944151720281893,2.4393385765320033
ADNI,ADNI-0724_S_PD51D12_CN_F_MPRAGE,0.0,12378.71484375,11263,5650.37939453125,5324,14345.287109375,15654,45919.87890625,17582,45977.4765625,38610,31940.138671875,31764,1730793.625,1735619,0.7152045550057997,0.3264617637201691,0.8288271289059665,2.653111164899859,1.8454042244276812,2.656438982579451
ADNI,ADNI-1017_S_P0867C7_CN_F_MPRAGE,0.0,13190.01953125,11263,6169.6826171875,5324,15871.185546875,15654,24311.94140625,17582,43076.703125,38610,34734.38671875,31764,1764837.875,1735619,0.7473785393035041,0.34958920049171655,0.899299917102867,1.3775736429188998,1.9681347057870682,2.440830613123599
ADNI,ADNI-0264_S_PE0D194_CN_M_MPRAGE_REPEAT,0.0,12904.365234375,11263,5902.27490234375,5324,14846.607421875,15654,46754.01171875,17582,46358.671875,38610,33134.8671875,31764,1726440.25,1735619,0.747455073199029,0.3418754226996127,0.8599548940008205,2.7081164099800152,1.9192594234002596,2.685217277284864
ADNI,ADNI-0525_S_P2BDDE1_CN_M_MPRAGE,0.0,14179.390625,11263,6845.8173828125,5324,18028.107421875,15654,31160.75,17582,42505.05859375,38610,38497.35546875,31764,1759635.875,1735619,0.8058139088008762,0.3890473864550244,1.0245362508237676,1.7708635316383285,2.1878023752357287,2.415559900638534
ADNI,ADNI-1784_S_PE79021_CN_M_Accelerated_Sagittal_MPRAGE,0.0,12638.24609375,11263,5739.787109375,5324,14029.984375,15654,35006.21484375,17582,47344.40234375,38610,31910.796875,31764,1763969.875,1735619,0.7164660957574459,0.3253903136738659,0.7953641711143168,1.984513190382574,1.809032984477697,2.683968871279619
ADNI,ADNI-0019_S_P602C79_CN_M_Accelerated_Sagittal_MPRAGE,0.0,12664.228515625,11263,5902.39404296875,5324,15359.37109375,15654,29337.169921875,17582,44315.47265625,38610,33407.65625,31764,1781753.0,1735619,0.7107735199898639,0.3312689268921534,0.862037055290492,1.6465340550499985,1.8749880735433027,2.4871838384024048
ADNI,ADNI-0450_S_PC2AC58_CN_M_Accelerated_Sag_IR-FSPGR,0.0,14696.6513671875,11263,6007.3232421875,5324,15848.4775390625,15654,44726.75390625,17582,43474.6875,38610,36050.26171875,31764,1753458.0,1735619,0.8381524602920344,0.34259863892876247,0.9038412975424845,2.55077417915057,2.05595239342773,2.47936862474037
ADNI,ADNI-0947_S_P1010BD_CN_F_Accelerated_Sagittal_MPRAGE,0.0,12921.623046875,11263,5776.5537109375,5324,15504.47265625,15654,25331.640625,17582,39516.421875,38610,33697.91796875,31764,1767734.375,1735619,0.7309708534052239,0.32677724621027976,0.8770815839483803,1.4330003977548946,1.9062772351615327,2.2354275865116895
ADNI,ADNI-0022_S_PA41487_CN_F_Accelerated_Sagittal_MPRAGE,0.0,12849.5048828125,11263,5965.474609375,5324,15749.4921875,15654,20145.6640625,17582,43456.23828125,38610,34063.9453125,31764,1787086.0,1735619,0.7190199510718847,0.33381015851363616,0.8812945872498581,1.1272912474553547,1.9061167348689432,2.4316814233478414
ADNI,ADNI-1622_S_PBB34AA_CN_M_Sagittal_3D_Accelerated_MPRAGE,0.0,16453.21875,11263,7343.970703125,5324,18698.0859375,15654,52228.515625,17582,39772.4921875,38610,41906.1015625,31764,1760251.25,1735619,0.9347085394769639,0.41721150336493157,1.0622396057096963,2.967105725674105,2.38068864103917,2.2594781391292864
ADNI,ADNI-1822_S_PDA7A3E_CN_F_Accelerated_Sagittal_MPRAGE,0.0,13992.1123046875,11263,6717.86279296875,5324,15606.18359375,15654,38904.85546875,17582,41161.72265625,38610,35718.48828125,31764,1769240.0,1735619,0.7908543953724481,0.3797033072375003,0.8820840357300309,2.1989586188843795,2.0188605435808595,2.3265200117705906
ADNI,ADNI-0628_S_P7C2101_CN_F_Accelerated_Sagittal_IR-FSPGR,0.0,12098.1875,11263,5849.7197265625,5324,13800.1376953125,15654,24440.71484375,17582,40919.68359375,38610,31241.595703125,31764,1817154.875,1735619,0.6657763554688755,0.32191640938489074,0.7594365172265517,1.3449989970585199,1.7192588332970242,2.2518544872929445
ADNI,ADNI-1787_S_P333ECC_CN_F_Accelerated_Sagittal_MPRAGE_ND,0.0,13166.1953125,11263,5714.44921875,5324,14966.04296875,15654,40719.7890625,17582,42567.6953125,38610,33375.53515625,31764,1757041.5,1735619,0.7493388922515489,0.3252313174589217,0.851775155495758,2.317520050750082,1.8995302704147854,2.4226915136893465
ADNI,ADNI-2070_S_P11D9A5_CN_F_Accelerated_Sagittal_MPRAGE,0.0,12513.369140625,11263,5885.90234375,5324,14178.154296875,15654,39932.1328125,17582,41011.28515625,38610,32109.51171875,31764,1750247.375,1735619,0.7149486020868907,0.3362897398289199,0.8100657369576115,2.281513652462984,1.834569911510366,2.343170785001177
ADNI,ADNI-1620_S_P0860C6_CN_M_Sagittal_3D_Accelerated_MPRAGE,0.0,11743.17578125,11263,5826.0361328125,5324,14244.1435546875,15654,36261.83984375,17582,37025.23046875,38610,31337.90234375,31764,1764573.5,1735619,0.6654965509370961,0.3301668155399874,0.8072286903712143,2.054991749776929,1.775947691821848,2.0982537972348556
ADNI,ADNI-0112_S_P24B690_CN_M_Accelerated_Sagittal_IR-FSPGR,0.0,13861.4453125,11263,5830.33203125,5324,15790.67578125,15654,76198.171875,17582,40378.06640625,38610,35031.56640625,31764,1745541.5,1735619,0.7941057438336471,0.33401279953813756,0.9046290667537837,4.365302794290482,2.0069168453600215,2.3132114822964676
ADNI,ADNI-0723_S_PE6F859_CN_M_Accelerated_Sagittal_MPRAGE,0.0,18589.42578125,11263,7207.1962890625,5324,15709.29296875,15654,79587.7265625,17582,42125.28125,38610,40944.77734375,31764,1699339.875,1735619,1.0939204131398377,0.4241174114190959,0.9244350232616062,4.683449599068579,2.409451925780886,2.4789203072163533
ADNI,ADNI-2071_S_PE21D64_CN_F_Accelerated_Sagittal_MPRAGE,0.0,13166.361328125,11263,5746.43359375,5324,14653.8359375,15654,17692.80859375,17582,44194.3203125,38610,33085.97265625,31764,1771058.625,1735619,0.7434175889081593,0.3244632059398937,0.8274054698499888,0.9989962129994426,1.8681466660229837,2.4953617959710397
ADNI,ADNI-1829_S_PF53A34_CN_M_Accelerated_Sagittal_MPRAGE,0.0,12299.890625,11263,6440.80517578125,5324,15576.8154296875,15654,45350.02734375,17582,41365.3515625,38610,33776.15234375,31764,1761757.0,1735619,0.6981604514697543,0.36558987282475675,0.8841636746547622,2.5741363504586614,1.9171856472686075,2.3479601081477184
ADNI,ADNI-1625_S_P447183_CN_F_Sagittal_3D_Accelerated_MPRAGE,0.0,13630.162109375,11263,6325.53955078125,5324,16690.48046875,15654,31163.71875,17582,44875.51953125,38610,36160.8671875,31764,1773132.875,1735619,0.7687050588002323,0.35674368458039274,0.9412989124546011,1.757551235408683,2.0393771779512013,2.530860499174378
ADNI,ADNI-1756_S_PE5A695_CN_F_Accelerated_Sagittal_MPRAGE,0.0,13233.564453125,11263,5925.04345703125,5324,14843.8388671875,15654,26624.640625,17582,47092.2421875,38610,33490.96875,31764,1757721.375,1735619,0.7528818071706616,0.3370866134589306,0.8444932785315591,1.5147247455530317,1.9053627740062047,2.6791642212065607
ADNI,ADNI-1115_S_P03903F_CN_M_Accelerated_Sagittal_MPRAGE,0.0,12944.435546875,11263,5882.6806640625,5324,14246.779296875,15654,38981.9296875,17582,43547.734375,38610,32587.994140625,31764,1785499.25,1735619,0.7249756921978544,0.32946979193984544,0.7979157256366812,2.1832509695817572,1.8251474561316674,2.438966825385113
ADNI,ADNI-0950_S_PD72647_CN_F_Accelerated_Sagittal_MPRAGE,0.0,14186.2109375,11263,6993.57177734375,5324,17679.1640625,15654,14771.5966796875,17582,46483.703125,38610,38282.65625,31764,1841374.375,1735619,0.7704142693687698,0.37980173246104554,0.9601069886996771,0.8022049660426877,2.079026230067962,2.5244026286072323
ADNI,ADNI-0229_S_P1EFCEA_CN_M_Accelerated_Sagittal_MPRAGE,0.0,13137.1767578125,11263,6183.41015625,5324,14280.5556640625,15654,68270.375,17582,41953.76171875,38610,33089.36328125,31764,1720700.75,1735619,0.7634782955614159,0.3593541849882962,0.8299267414198838,3.9675914013520366,1.9230167291581644,2.4381788477020194
ADNI,ADNI-0817_S_P7106B3_CN_M_Accelerated_Sagittal_MPRAGE,0.0,14121.294921875,11263,6749.7353515625,5324,16425.5078125,15654,30978.798828125,17582,47577.0390625,38610,36738.05078125,31764,1779472.125,1735619,0.7935665146693434,0.37931110337356366,0.9230550780614223,1.7408982356565432,2.0645476973262507,2.6736602610451117
ADNI,ADNI-0818_S_P6C08D8_CN_M_Accelerated_Sagittal_MPRAGE,0.0,14618.63671875,11263,6579.73193359375,5324,17026.412109375,15654,14944.5791015625,17582,47269.7578125,38610,37657.09765625,31764,1791834.375,1735619,0.8158475427590789,0.3672064798731049,0.9502224283075829,0.8340379730443835,2.101594778046939,2.6380651287873635
ADNI,ADNI-0302_S_P544F4B_CN_M_Accelerated_Sagittal_MPRAGE_ND,0.0,14348.548828125,11263,6252.513671875,5324,15051.7197265625,15654,56954.04296875,17582,42288.27734375,38610,35142.9296875,31764,1742460.375,1735619,0.8234648565896369,0.3588324739881101,0.8638199147893105,3.26859903306266,2.016856749898832,2.426929068257865
ADNI,ADNI-0303_S_P3C5737_CN_F_Accelerated_Sagittal_MPRAGE,0.0,12706.216796875,11263,5831.3720703125,5324,14373.82421875,15654,26595.994140625,17582,43600.48046875,38610,32450.265625,31764,1768002.0,1735619,0.7186766076551384,0.3298283638996166,0.8129981877141541,1.5042966094283265,1.8354201875902854,2.4660877345585583
ADNI,ADNI-1366_S_P76A441_CN_M_Accelerated_Sagittal_MPRAGE,0.0,12444.734375,11263,5682.4736328125,5324,14868.806640625,15654,47678.19921875,17582,40019.78125,38610,32578.369140625,31764,1756487.875,1735619,0.7085010122828204,0.3235133993061296,0.8465077870591621,2.7144052570673165,1.8547448920263683,2.27839780846765
ADNI,ADNI-0955_S_PFEA67F_CN_M_Accelerated_Sagittal_MPRAGE,0.0,12207.552734375,11263,5490.3623046875,5324,14387.982421875,15654,25515.640625,17582,42464.61328125,38610,31671.828125,31764,1774530.375,1735619,0.6879314609858398,0.3093980459301802,0.8108050797313063,1.4378813112736941,1.7848005630785553,2.3930057146105486
ADNI,ADNI-1533_S_PC589AB_CN_F_Accelerated_Sagittal_IR-FSPGR,0.0,11937.28515625,11263,5296.24072265625,5324,15761.7109375,15654,24682.87890625,17582,38288.20703125,38610,32575.130859375,31764,1779729.875,1735619,0.6707357854657578,0.29758677409717865,0.8856237768947943,1.3868890584448945,1.830341296000046,2.151349346273687
ADNI,ADNI-0440_S_PF63377_CN_M_Accelerated_Sagittal_MPRAGE,0.0,13116.0859375,11263,6465.203125,5324,14211.673828125,15654,40892.80859375,17582,43062.05859375,38610,33306.890625,31764,1783829.5,1735619,0.7352768825439875,0.3624339167504517,0.7966946296226742,2.292416881420001,1.86715662147083,2.414023234493543
ADNI,ADNI-1573_S_P6CD4AD_CN_F_Accelerated_Sag_IR-FSPGR,0.0,12981.09765625,11263,6822.15185546875,5324,16088.16796875,15654,17699.1640625,17582,47915.68359375,38610,35367.94921875,31764,1799451.125,1735619,0.7213920664974993,0.3791240429199626,0.8940597355068479,0.9835868180359719,1.9654854042645922,2.6627943892474435
ADNI,ADNI-1629_S_PDAAAED_CN_M_Sagittal_3D_Accelerated_MPRAGE,0.0,14336.4296875,11263,6323.771484375,5324,17203.759765625,15654,46059.48828125,17582,37447.609375,38610,37296.953125,31764,1766367.5,1735619,0.8116334617513059,0.3580099545748549,0.9739626530506816,2.607582413130337,2.1115058516984715,2.1200350082867807
ADNI,ADNI-1400_S_PA12117_CN_F_Accelerated_Sagittal_MPRAGE,0.0,13896.1396484375,11263,6120.265625,5324,15814.2470703125,15654,23491.365234375,17582,41256.55078125,38610,35333.453125,31764,1773454.5,1735619,0.7835633588816346,0.3451041808515527,0.891719921222253,1.3246105402971995,1.9923518266186138,2.326338272634003
ADNI,ADNI-1872_S_PA4A69B_CN_M_Sagittal_3D_Accelerated_MPRAGE,0.0,11508.6357421875,11263,6223.2109375,5324,16812.353515625,15654,23784.56640625,17582,36402.36328125,38610,34030.921875,31764,1781183.0,1735619,0.6461231519831202,0.34938638744587164,0.9438869288346564,1.3353241304374677,1.9105797593509481,2.043718319861014
ADNI,ADNI-0822_S_PC2CCCA_MCI_F_Accelerated_Sagittal_MPRAGE,0.5,11979.4453125,11263,5588.5859375,5324,14173.05859375,15654,19233.7578125,17582,41908.52734375,38610,31309.490234375,31764,1803902.25,1735619,0.6640850585168903,0.30980536431505645,0.7856888361744656,1.0662306016027199,1.7356533722586684,2.323214982616159
ADNI,ADNI-1809_S_P4740D6_MCI_F_Accelerated_Sagittal_MPRAGE,0.5,11606.9150390625,11263,4887.94189453125,5324,13147.8623046875,15654,35618.42578125,17582,44996.5859375,38610,29283.919921875,31764,1764281.25,1735619,0.6578834887613582,0.2770500391891174,0.7452248503285687,2.018863249907009,1.6598215234603326,2.550420231326496
ADNI,ADNI-0041_S_P4222C1_MCI_F_Accelerated_Sagittal_MPRAGE,0.5,14721.6171875,11263,5704.537109375,5324,14716.951171875,15654,36487.49609375,17582,41990.04296875,38610,34686.74609375,31764,1759930.625,1735619,0.8364884943973288,0.32413420326582476,0.8362233694225873,2.0732349091175113,1.9709155350228647,2.385891942118457
ADNI,ADNI-1543_S_PB19325_MCI_F_Accelerated_Sagittal_MPRAGE,0.5,12475.310546875,11263,6202.9541015625,5324,14369.771484375,15654,35807.72265625,17582,42259.140625,38610,32533.0546875,31764,1779036.125,1735619,0.7012398664403175,0.34866937294837114,0.8077279197675089,2.012759727194972,1.8286899422854608,2.375395307107662
ADNI,ADNI-1503_S_PD37C53_MCI_M_Accelerated_Sagittal_IR-FSPGR,0.5,13472.755859375,11263,6933.07666015625,5324,15510.8203125,15654,43747.60546875,17582,48141.07421875,38610,35384.15625,31764,1761959.75,1735619,0.7646460629634133,0.39348666507031443,0.8803163813759082,2.4828947124785343,2.0082272736366424,2.732245967522811
ADNI,ADNI-1372_S_PB3E704_MCI_M_Accelerated_Sagittal_MPRAGE,0.5,14336.955078125,11263,6409.228515625,5324,15183.611328125,15654,31227.998046875,17582,47828.75,38610,35446.24609375,31764,1756228.125,1735619,0.8163492472326167,0.36494282402093975,0.8645580327512977,1.778128797867589,2.018316731703064,2.72337911682174
ADNI,ADNI-0530_S_P9FACBF_MCI_M_MPRAGE_Repeat,0.5,13698.646484375,11263,6423.0849609375,5324,15204.466796875,15654,57641.22265625,17582,45319.9375,38610,34848.83984375,31764,1724869.625,1735619,0.794184458107957,0.37238089579886363,0.881484987416078,3.3417727241993727,2.020375299017165,2.6274413348777013
ADNI,ADNI-0727_S_PD1FABC_MCI_M_Accelerated_Sagittal_MPRAGE_(MSV21),0.5,11884.56640625,11263,5474.6328125,5324,13162.568359375,15654,42179.36328125,17582,39821.41796875,38610,30104.779296875,31764,1745734.125,1735619,0.6807775729451356,0.3136006069939201,0.7539847088327383,2.4161390143673795,1.7244767611376677,2.281070032285128
ADNI,ADNI-2028_S_PFE6A84_MCI_F_Accelerated_Sagittal_MPRAGE_(MSV21),0.5,12429.3916015625,11263,5204.42138671875,5324,13369.05859375,15654,60901.7109375,17582,47813.734375,38610,30598.875,31764,1749040.0,1735619,0.710640785891832,0.2975587400356053,0.7643655144393495,3.482007897903993,1.7494668503864979,2.7337130297191603
ADNI,ADNI-1378_S_PC985E9_MCI_M_Accelerated_Sagittal_MPRAGE_ND,0.5,12841.7587890625,11263,6501.8896484375,5324,15885.357421875,15654,28636.22265625,17582,43114.5859375,38610,34701.8984375,31764,1747870.0,1735619,0.7347090337989953,0.37198931547755265,0.9088408990299621,1.6383496859749294,1.9853821186644316,2.466692942695967
ADNI,ADNI-0841_S_P84F091_MCI_F_Accelerated_Sagittal_MPRAGE_Phase_A-P,0.5,14523.2890625,11263,5035.076171875,5324,13108.9208984375,15654,58017.07421875,17582,38900.9140625,38610,32270.60546875,31764,1715582.875,1735619,0.8465512960136071,0.2934906990065986,0.7641088687387079,3.38177042124823,1.8810286544012047,2.2675042185006653
ADNI,ADNI-0731_S_PF56B30_MCI_F_Accelerated_Sagittal_MPRAGE_(MSV21),0.5,11556.619140625,11263,5523.0693359375,5324,13773.6630859375,15654,37077.1640625,17582,47391.8359375,38610,30396.1640625,31764,1758163.875,1735619,0.6573118299694902,0.31413848358916485,0.7834117900947943,2.1088571201873885,1.728858412729018,2.695530070398017
ADNI,ADNI-0432_S_P3FCB90_MCI_F_Sagittal_3D_Accelerated_0_angle_MPRAGE,0.5,14971.46484375,11263,5665.11328125,5324,14478.7265625,15654,63655.21484375,17582,42386.4609375,38610,34649.15625,31764,1749205.75,1735619,0.8559007334471659,0.3238677486196235,0.8277314754139129,3.639092476328185,1.9808508090028862,2.423183261174393
ADNI,ADNI-1177_S_PB057C8_MCI_M_Accelerated_Sagittal_MPRAGE_(MSV21),0.5,14136.755859375,11263,6388.94384765625,5324,15090.451171875,15654,58144.08984375,17582,43986.0625,38610,35107.14453125,31764,1752018.375,1735619,0.8068839951164897,0.36466192015002413,0.8613180881664554,3.318691782770258,2.003811434412039,2.5105936745669117
ADNI,ADNI-0797_S_P5138E8_MCI_F_Accelerated_Sagittal_MPRAGE_(MSV21),0.5,13839.31640625,11263,5199.931640625,5324,13336.171875,15654,62477.4453125,17582,41567.30859375,38610,31965.3828125,31764,1736131.0,1735619,0.7971354930157919,0.299512631283296,0.7681547000197565,3.59865962375535,1.8411849573851284,2.3942495464771953
ADNI,ADNI-0989_S_PF55C6C_MCI_M_Accelerated_Sagittal_MPRAGE,0.5,13316.0078125,11263,6370.6171875,5324,14811.53515625,15654,45873.3984375,17582,44346.41796875,38610,33982.1640625,31764,1735912.0,1735619,0.7670900260209044,0.36698963930775297,0.8532422816507979,2.642610825750384,1.957597162903419,2.5546466623164075
ADNI,ADNI-1764_S_P655D9A_MCI_M_Accelerated_Sagittal_MPRAGE,0.5,13303.15234375,11263,6573.041015625,5324,16631.1640625,15654,18134.23828125,17582,48113.6484375,38610,35939.140625,31764,1787302.375,1735619,0.7443145899557146,0.36776323399810845,0.9305176502381137,1.0146150161776626,2.0108036070281616,2.691970262586374
ADNI,ADNI-1996_S_P715C0B_MCI_M_Accelerated_Sagittal_MPRAGE_(MSV21),0.5,13737.0263671875,11263,6195.71484375,5324,14204.6279296875,15654,63160.890625,17582,44738.015625,38610,33676.91015625,31764,1729694.5,1735619,0.7941880122291826,0.3581970598709772,0.8212217781629936,3.6515633613334613,1.9469860230375942,2.586469207423623
ADNI,ADNI-1995_S_P4CCB73_MCI_M_Accelerated_Sagittal_MPRAGE_(MSV21),0.5,13613.126953125,11263,6349.57421875,5324,14939.0498046875,15654,31360.728515625,17582,43823.8046875,38610,34396.33984375,31764,1802649.5,1735619,0.7551732576479787,0.3522356519528616,0.8287273707222341,1.7397019506911908,1.9080991531492948,2.431077405091783
ADNI,ADNI-1180_S_P831F5B_MCI_F_Accelerated_Sagittal_MPRAGE_(MSV21),0.5,13862.2353515625,11263,6185.5,5324,14336.587890625,15654,37801.69921875,17582,44837.98828125,38610,33881.9921875,31764,1748071.375,1735619,0.7930016788680896,0.35384710764456057,0.8201374437943073,2.1624803059743485,1.9382499291540658,2.564997569464233
ADNI,ADNI-1093_S_P8A972E_MCI_F_MPRAGE,0.5,13006.0693359375,11263,5981.4814453125,5324,14753.615234375,15654,27968.634765625,17582,45787.5625,38610,33270.390625,31764,1758871.0,1735619,0.7394555562026721,0.3400750507179037,0.8388116714855722,1.5901470184922601,1.8915765070320678,2.6032359678452828
ADNI,ADNI-0369_S_P54C295_MCI_F_Accelerated_Sagittal_MPRAGE,0.5,13181.71875,11263,5689.79833984375,5324,12785.64453125,15654,53352.2109375,17582,42955.28515625,38610,31213.55859375,31764,1724229.625,1735619,0.764499029530362,0.3299907539776641,0.7415279465024851,3.094263673697174,1.8102901226830503,2.491274046880502
ADNI,ADNI-0898_S_P8ADA9D_MCI_M_Accelerated_Sagittal_MPRAGE_(MSV21),0.5,12596.181640625,11263,5022.57568359375,5324,13332.203125,15654,61603.3671875,17582,40765.96875,38610,30553.083984375,31764,1730587.125,1735619,0.7278559662591387,0.2902237980993734,0.7703861269047636,3.5596801974069927,1.765475054275294,2.355614933284564
ADNI,ADNI-1765_S_P58637F_MCI_F_Accelerated_Sagittal_MPRAGE_repeat,0.5,12211.0380859375,11263,5787.326171875,5324,12789.6884765625,15654,37141.15234375,17582,42938.55859375,38610,30345.55859375,31764,1758931.0,1735619,0.694230648384587,0.32902519609211506,0.7271284931906083,2.11157528884021,1.7252273451175741,2.4411735647248243
ADNI,ADNI-1376_S_PFCC052_MCI_F_Accelerated_Sagittal_MPRAGE,0.5,13878.076171875,11263,6287.0810546875,5324,15760.3515625,15654,25497.984375,17582,43845.609375,38610,35405.7734375,31764,1772890.5,1735619,0.7827937580958892,0.354623201753718,0.888963619721579,1.4382154100887787,1.9970648744239987,2.4731143505478763
ADNI,ADNI-1930_S_PB325E0_MCI_M_Accelerated_Sagittal_MPRAGE,0.5,13181.3603515625,11263,5554.1259765625,5324,14626.37109375,15654,42451.37890625,17582,48757.94140625,38610,32892.546875,31764,1752287.375,1735619,0.7522373635524539,0.31696433220963544,0.8347016192906143,2.422626534431888,1.8771205764693704,2.7825311134396546
ADNI,ADNI-1337_S_P5C3166_MCI_F_Accelerated_Sagittal_MPRAGE_(MSV21),0.5,12303.462890625,11263,5498.3017578125,5324,16066.783203125,15654,26807.408203125,17582,37749.30078125,38610,33405.78125,31764,1748427.75,1735619,0.703687235038737,0.3144712017875774,0.9189274880317474,1.5332293944159259,1.9106183398198755,2.1590426473870594
ADNI,ADNI-1150_S_P6B89D6_MCI_M_Accelerated_Sagittal_MPRAGE_(MSV21),0.5,11278.0751953125,11263,5535.60595703125,5324,13503.5341796875,15654,32779.63671875,17582,45294.44921875,38610,29879.517578125,31764,1751396.875,1735619,0.6439474316929166,0.31606805036872354,0.7710150892947951,1.8716281378970714,1.7060392195872223,2.586189907341818
ADNI,ADNI-1304_S_PD3E304_MCI_F_Sag_Accel_IR-FSPGR,0.5,13544.4677734375,11263,6174.52734375,5324,15560.8779296875,15654,41793.0703125,17582,40690.5546875,38610,34775.1328125,31764,1782708.125,1735619,0.7597692288207584,0.34635660527715384,0.8728786115611327,2.344358547897458,1.9506913288174978,2.282513559952502
ADNI,ADNI-0788_S_PF729DA_MCI_F_Accelerated_Sagittal_MPRAGE_(MSV21),0.5,12963.9873046875,11263,5173.1875,5324,12488.0068359375,15654,33845.43359375,17582,44220.703125,38610,30228.341796875,31764,1729673.625,1735619,0.749504826651184,0.29908460331642045,0.7219863132235425,1.9567525979792864,1.7476326955540529,2.556592323884224
ADNI,ADNI-0239_S_P419B0A_MCI_M_Accelerated_Sagittal_MPRAGE,0.5,16528.48828125,11263,6559.06640625,5324,16292.7158203125,15654,62968.46484375,17582,42893.234375,38610,38811.921875,31764,1733922.125,1735619,0.9532428269378015,0.37827918057450244,0.9396451885238214,3.6315624523073664,2.2383889861835633,2.473769366948934
ADNI,ADNI-0542_S_PA183A7_MCI_M_MPRAGE,0.5,13717.9443359375,11263,4882.6845703125,5324,13284.453125,15654,64441.8046875,17582,42831.40625,38610,31484.13671875,31764,1746388.125,1735619,0.7855037571294469,0.2795875957019864,0.7606815996300937,3.6900047455086766,1.8028144069491998,2.452570859642097
ADNI,ADNI-0962_S_P2CAA32_MCI_F_Accelerated_Sagittal_MPRAGE,0.5,14483.8203125,11263,5868.8984375,5324,15033.958984375,15654,54987.29296875,17582,42298.796875,38610,34890.59375,31764,1742368.875,1735619,0.8312717542374602,0.33683443969348914,0.8628459334924128,3.1558927479549936,2.002480315771251,2.4276602665437306
ADNI,ADNI-1641_S_PC710B5_MCI_M_Sagittal_3D_Accelerated_MPRAGE,0.5,15241.61328125,11263,6725.5693359375,5324,18776.98046875,15654,48284.6953125,17582,45235.078125,38610,40167.73828125,31764,1767297.625,1735619,0.8624248154721533,0.38055668953538596,1.0624684944478437,2.7321201946672677,2.2728338290643038,2.559561982379736
ADNI,ADNI-0789_S_PD08904_MCI_M_Accelerated_Sagittal_MPRAGE_(MSV21),0.5,13264.9111328125,11263,6125.99658203125,5324,15271.15625,15654,43169.90625,17582,43421.671875,38610,34104.6796875,31764,1767194.75,1735619,0.7506196548406733,0.34665090432343404,0.86414676424316,2.4428493944993894,1.929876697941752,2.457096020401826
ADNI,ADNI-1074_S_P2EFDE9_MCI_M_Accelerated_Sagittal_MPRAGE_(MSV21),0.5,12092.755859375,11263,5489.31494140625,5324,12765.076171875,15654,29940.703125,17582,42817.75,38610,29937.96484375,31764,1782364.0,1735619,0.6784672412242954,0.3079794554538944,0.7161879488070338,1.6798310067416082,1.6796773747534175,2.4023011012340914
ADNI,ADNI-1560_S_PBD2452_MCI_M_Accelerated_Sag_IR-FSPGR_(MSV21),0.5,11409.65234375,11263,6121.27197265625,5324,14624.9892578125,15654,35617.62890625,17582,44254.140625,38610,31673.78125,31764,1786137.0,1735619,0.6387893170428696,0.34271010413289965,0.8188055707827843,1.99411517180653,1.7733119715900851,2.477645366788774
ADNI,ADNI-0566_S_P242BF0_MCI_M_Accelerated_Sagittal_MPRAGE_(MSV21),0.5,12629.560546875,11263,5462.970703125,5324,13785.8681640625,15654,39690.390625,17582,43402.1171875,38610,31418.736328125,31764,1756513.0,1735619,0.7190132123630738,0.3110122557091806,0.7848429339300365,2.259612688605208,1.7886993337439003,2.4709249056226743
ADNI,ADNI-2000_S_P766DD6_MCI_M_Accelerated_Sagittal_MPRAGE_(MSV21),0.5,11500.55078125,11263,5785.7783203125,5324,13628.08984375,15654,34722.1875,17582,40846.78125,38610,30451.265625,31764,1784017.875,1735619,0.6446432483895376,0.324311678789233,0.7638987274020447,1.946291457421636,1.7068924057165067,2.2895948422041457
ADNI,ADNI-1187_S_PC39CB2_MCI_F_Accelerated_Sagittal_MPRAGE_(MSV21),0.5,13907.046875,11263,6171.01904296875,5324,15166.23046875,15654,24772.423828125,17582,43149.2265625,38610,34747.41015625,31764,1779527.25,1735619,0.7815023273737448,0.3467785639679724,0.8522617717008829,1.392078925912767,1.9526202903748735,2.4247578429889174
ADNI,ADNI-0321_S_PA2F789_MCI_M_Accelerated_Sagittal_MPRAGE_(MSV21),0.5,14258.2021484375,11263,6868.1435546875,5324,16400.65234375,15654,38358.9765625,17582,44238.66796875,38610,36979.5703125,31764,1758956.0,1735619,0.8106059587867747,0.39046704719660413,0.9324083344751091,2.1807809042693505,2.1023590307261806,2.5150525634950505
ADNI,ADNI-0855_S_P16AC64_MCI_M_Accelerated_Sagittal_MPRAGE_(MSV21),0.5,10418.705078125,11263,5351.42333984375,5324,14100.7265625,15654,38592.6171875,17582,40789.19921875,38610,29450.1875,31764,1745778.875,1735619,0.5967940858560911,0.30653500374403087,0.8077040434172971,2.210624595139519,1.6869368693672615,2.3364470611290904
ADNI,ADNI-0889_S_P96ED3B_MCI_M_Accelerated_Sagittal_MPRAGE_(MSV21),0.5,13877.7060546875,11263,5059.7685546875,5324,13443.181640625,15654,57588.81640625,17582,44979.1640625,38610,31983.99609375,31764,1760420.25,1735619,0.7883177925661501,0.28741822043273474,0.7636347991694029,3.2713107228941496,1.8168386834762893,2.5550242371104286
ADNI,ADNI-0745_S_PA40779_MCI_F_Accelerated_Sagittal_MPRAGE_(MSV21),0.5,11703.8330078125,11263,6104.47900390625,5324,14074.208984375,15654,23436.904296875,17582,48859.4296875,38610,31396.56640625,31764,1790002.125,1735619,0.6538446432186498,0.34103194173058593,0.7862677249265836,1.3093227080317014,1.75399604099632,2.7295738370980986
ADNI,ADNI-0858_S_P024917_MCI_F_Accelerated_Sagittal_MPRAGE_(MSV21),0.5,13381.16015625,11263,5660.13818359375,5324,15270.33984375,15654,35711.0546875,17582,43121.91796875,38610,33830.78515625,31764,1762520.75,1735619,0.7592058224704589,0.32113881119378307,0.8663920605615565,2.0261352774144643,1.9194545741518219,2.4466048396167817
ADNI,ADNI-0096_S_PFE0BD1_MCI_F_Accelerated_Sagittal_MPRAGE_(MSV21),0.5,12528.0205078125,11263,5872.263671875,5324,13798.947265625,15654,21335.314453125,17582,42162.109375,38610,31741.28515625,31764,1744869.0,1735619,0.7179920388185301,0.3365446730886388,0.7908299858399112,1.2227459169212702,1.8191213871213257,2.4163481255612886
ADNI,ADNI-2001_S_PABD2B9_MCI_M_Accelerated_Sagittal_MPRAGE_(MSV21),0.5,11088.3974609375,11263,5064.90771484375,5324,12964.625,15654,22047.412109375,17582,47076.87890625,38610,28709.8125,31764,1783083.625,1735619,0.6218663726967657,0.28405329081768393,0.7270901273629272,1.236476618384906,1.610121482664617,2.640194674338395
ADNI,ADNI-0747_S_P2FE68E_MCI_M_Accelerated_Sagittal_MPRAGE_(MSV21),0.5,14006.60546875,11263,6421.97509765625,5324,16633.384765625,15654,33397.87890625,17582,46666.17578125,38610,36492.41015625,31764,1770928.0,1735619,0.7909189684024421,0.36263332544610793,0.9392468110293022,1.8858970498094783,2.0606377083794483,2.6351255263483324
ADNI,ADNI-1224_S_PF6DAFE_MCI_F_MPRAGE_Repeat,0.5,13785.82421875,11263,5146.9638671875,5324,14052.900390625,15654,49435.96875,17582,40795.6640625,38610,32563.6640625,31764,1744268.625,1735619,0.7903498360953434,0.29507862455460376,0.8056614783531406,2.8341946900523993,1.8668950181053678,2.338840673838297
ADNI,ADNI-1190_S_P8DB82C_MCI_F_Accelerated_Sagittal_MPRAGE_(MSV21),0.5,13350.60546875,11263,6011.6455078125,5324,14751.0556640625,15654,31499.0,17582,46502.3515625,38610,33648.109375,31764,1739976.0,1735619,0.7672867596305927,0.3455016338048628,0.8477735132014752,1.8103123261470275,1.9338260628307518,2.6725858036260273
ADNI,ADNI-2026_S_P179EF4_MCI_F_Accelerated_Sagittal_MPRAGE_(MSV21),0.5,13153.7265625,11263,5963.359375,5324,14560.2236328125,15654,24285.515625,17582,47875.921875,38610,33202.875,31764,1742724.375,1735619,0.7547795136852895,0.3421860312821986,0.8354863133656749,1.393537381664269,1.9052281288026398,2.7471884000589593
ADNI,ADNI-1769_S_P981A95_MCI_M_Accelerated_Sagittal_MPRAGE_(MSV21),0.5,12684.994140625,11263,4894.00390625,5324,12881.88671875,15654,41630.28515625,17582,49038.78125,38610,30065.90625,31764,1771838.75,1735619,0.7159226052949231,0.27621045686296225,0.727034935811738,2.3495526980798904,1.6968759854698967,2.7676774339651393
ADNI,ADNI-1745_S_P614EEC_MCI_F_Accelerated_Sagittal_MPRAGE_(MSV21),0.5,14136.2734375,11263,5284.86669921875,5324,15021.18359375,15654,21098.728515625,17582,44192.06640625,38610,34032.0703125,31764,1777933.125,1735619,0.795095903143151,0.29724777748424874,0.844867750228232,1.1866997818393759,1.914136692430431,2.485586537809177
ADNI,ADNI-0729_S_P1A792C_MCI_F_Accelerated_Sagittal_MPRAGE_(MSV21),0.5,15660.08984375,11263,6571.95068359375,5324,16024.490234375,15654,40749.359375,17582,48429.91796875,38610,37716.87890625,31764,1723536.375,1735619,0.9086022245251424,0.3813061783273214,0.9297448238871664,2.3642877496565746,2.1883424947297674,2.8099156287751685
ADNI,ADNI-0764_S_PD65E09_MCI_M_MPRAGE_Repeat,0.5,12007.1025390625,11263,4260.515625,5324,11812.90234375,15654,57425.828125,17582,42830.8828125,38610,27710.51953125,31764,1730356.375,1735619,0.6939092265928456,0.246221858488544,0.6826860937100313,3.3187283818918516,1.6014342439285085,2.4752636758136024
ADNI,ADNI-0860_S_P341740_MCI_F_Accelerated_Sagittal_MPRAGE_(MSV21),0.5,13235.1298828125,11263,5364.9306640625,5324,14232.88671875,15654,50077.4453125,17582,46184.24609375,38610,32395.9375,31764,1769650.125,1735619,0.7478952870874688,0.3031633534940981,0.80427687471556,2.8297935623009094,1.8306408166416512,2.6097953172382025
ADNI,ADNI-1071_S_PB45220_MCI_F_Accelerated_Sagittal_MPRAGE_(MSV21),0.5,12580.12109375,11263,4462.634765625,5324,13623.6064453125,15654,51750.53515625,17582,42669.59375,38610,30275.630859375,31764,1744950.5,1735619,0.7209442957694215,0.2557456366598938,0.7807445795919425,2.965730842006693,1.735042389991865,2.44531829126385
ADNI,ADNI-1037_S_P63037C_MCI_F_Accelerated_Sagittal_MPRAGE_(MSV21),0.5,13852.427734375,11263,6047.86279296875,5324,16170.05078125,15654,16325.912109375,17582,43312.9140625,38610,35575.078125,31764,1749172.75,1735619,0.7919416612438652,0.34575560321121795,0.9244398977316564,0.9333504714943106,2.0338230243410775,2.4761941930835594
ADNI,ADNI-0807_S_PEF97F6_MCI_F_Accelerated_Sagittal_MPRAGE_(MSV21),0.5,13759.806640625,11263,6009.767578125,5324,14414.158203125,15654,67099.5859375,17582,41458.90234375,38610,33691.46484375,31764,1730544.125,1735619,0.7951144638178469,0.34727618275119104,0.8329263608418538,3.877369260231952,1.9468711809789885,2.3957148358612352
ADNI,ADNI-2048_S_P60A251_MCI_M_Accelerated_Sagittal_MPRAGE_(MSV21),0.5,14153.619140625,11263,5429.64453125,5324,13017.8271484375,15654,54498.4921875,17582,44983.81640625,38610,32170.7265625,31764,1762815.25,1735619,0.8028986100854868,0.30800984568575746,0.7384680356286627,3.091560059257486,1.8249630278896214,2.551816839924093
ADNI,ADNI-1049_S_P3D0C35_MCI_M_Accelerated_Sagittal_MPRAGE_(MSV21),0.5,14458.087890625,11263,6006.5458984375,5324,14123.240234375,15654,70309.3515625,17582,41140.87109375,38610,34136.30859375,31764,1768373.25,1735619,0.8175925467445857,0.33966505082778764,0.798657197193805,3.9759339021046607,1.9303791546128626,2.3264811935913414
ADNI,ADNI-1884_S_PAD84F8_MCI_F_CS_Sagittal_MPRAGE_(MSV22),0.5,13244.728515625,11263,6370.99560546875,5324,16627.03515625,15654,39344.84375,17582,39318.546875,38610,35702.140625,31764,1776190.375,1735619,0.7456818087771138,0.3586887810642905,0.9361065902775202,2.2151253775373037,2.010040203319985,2.213644856340357
ADNI,ADNI-2005_S_PAF6724_MCI_M_Accelerated_Sagittal_MPRAGE_(MSV21),0.5,12330.595703125,11263,4936.8251953125,5324,13167.0263671875,15654,29928.77734375,17582,46298.3125,38610,30056.818359375,31764,1752722.75,1735619,0.7035109062813842,0.28166606471631067,0.7512326959405017,1.707559130144799,1.7148643936626602,2.6415080479784954
ADNI,ADNI-0647_S_P704A47_MCI_F_HS_Sagittal_MPRAGE_(MSV22),0.5,11701.484375,11263,5625.3935546875,5324,13713.357421875,15654,38051.2421875,17582,39147.86328125,38610,30618.7265625,31764,1778035.875,1735619,0.6581129514611173,0.3163824551452034,0.7712643830583564,2.1400716781094196,1.7220533619716756,2.201747660533002
ADNI,ADNI-1045_S_P08AEBC_MCI_M_Accelerated_Sagittal_MPRAGE_(MSV21),0.5,12943.0322265625,11263,5894.06201171875,5324,15584.16796875,15654,26774.806640625,17582,45994.09765625,38610,33949.3359375,31764,1765076.875,1735619,0.7332843350838473,0.3339266462101686,0.8829172366076123,1.516920142111374,1.9233913501642812,2.6057843886402967
ADNI,ADNI-1457_S_P4D5EC6_MCI_M_CS_Sagittal_MPRAGE_(MSV22),0.5,13464.0703125,11263,6078.8017578125,5324,15824.8095703125,15654,29267.59765625,17582,38551.09765625,38610,34840.6171875,31764,1778328.875,1735619,0.7571192540243716,0.34182663529053364,0.8898696856796244,1.6457921854443263,1.9591773871129432,2.167827233657779
ADNI,ADNI-1051_S_PE01E0D_MCI_F_Accelerated_Sagittal_MPRAGE_(MSV21),0.5,14480.50390625,11263,6311.296875,5324,16480.115234375,15654,25964.404296875,17582,39915.17578125,38610,36754.7265625,31764,1782372.0,1735619,0.8124288255341758,0.35409537823753967,0.9246170403470768,1.456733178981436,2.0621243243554095,2.2394413613572253
ADNI,ADNI-0501_S_P1E08B1_MCI_M_Accelerated_Sagittal_MPRAGE_(MSV21),0.5,13223.5693359375,11263,6693.96484375,5324,17839.43359375,15654,35163.59375,17582,46591.4140625,38610,37106.18359375,31764,1778826.375,1735619,0.7433872986022877,0.37631355919995285,1.0028766069847599,1.9767861689143214,2.085992433845602,2.619222129675247
ADNI,ADNI-0717_S_P1A20A7_MCI_M_Accelerated_Sagittal_MPRAGE_(MSV21),0.5,15470.79296875,11263,6055.4521484375,5324,14459.564453125,15654,62407.0390625,17582,44678.91015625,38610,35469.83984375,31764,1728955.25,1735619,0.8948058643362806,0.35023764486891723,0.836318028076493,3.6095230956671664,2.0515186754399806,2.58415653940436
ADNI,ADNI-0913_S_P241BA6_MCI_M_Accelerated_Sagittal_MPRAGE_(MSV21),0.5,14354.2978515625,11263,6690.16064453125,5324,14517.697265625,15654,57507.4765625,17582,42403.1484375,38610,35046.8359375,31764,1739593.5,1735619,0.8251524193187948,0.3845818373390824,0.8345453846329617,3.3057996918532977,2.014656638892937,2.437532011788961
ADNI,ADNI-0219_S_PAEA6CF_MCI_F_Accelerated_Sagittal_MPRAGE_(MSV21),0.5,12998.935546875,11263,6228.8681640625,5324,14139.5224609375,15654,28084.033203125,17582,45583.8671875,38610,32901.42578125,31764,1783374.5,1735619,0.7288954477522809,0.34927426427048835,0.7928521160831614,1.5747692480253026,1.8448971756212729,2.5560456980572503
ADNI,ADNI-0600_S_P3675D8_MCI_F_HS_Sagittal_MPRAGE_(MSV22),0.5,10838.763671875,11263,5142.9140625,5324,13700.091796875,15654,35951.88671875,17582,37593.83984375,38610,29234.64453125,31764,1776932.625,1735619,0.6099704355349432,0.28942650892573935,0.7709966941979581,2.0232554804237446,1.64523089507966,2.115659272323282
ADNI,ADNI-0810_S_P284975_MCI_F_Accelerated_Sagittal_MPRAGE_(MSV21),0.5,12938.80078125,11263,6202.1376953125,5324,14413.93359375,15654,23540.810546875,17582,48233.2109375,38610,33068.00390625,31764,1772507.75,1735619,0.7299714645112272,0.34990750789735614,0.8131943904758668,1.3281076230484747,1.8656056034874882,2.721184769855026
ADNI,ADNI-0631_S_PE876D3_MCI_M_Accelerated_Sagittal_IR-FSPGR,0.5,13695.337890625,11263,6789.177734375,5324,16252.916015625,15654,24679.642578125,17582,46364.8671875,38610,36195.71875,31764,1784362.375,1735619,0.7675199882324911,0.38048200463625,0.9108528762620317,1.383107093262096,2.0284959634390405,2.5983997329858517
ADNI,ADNI-0409_S_PADC6A5_MCI_F_Sagittal_3D_Accelerated_MPRAGE_(MSV21),0.5,13522.54296875,11263,5732.654296875,5324,14856.8408203125,15654,30665.287109375,17582,44518.9296875,38610,33649.59765625,31764,1753260.875,1735619,0.7712795717722271,0.3269709818212307,0.8473833547624509,1.7490430287149936,1.9192578888894671,2.5392073890601137
ADNI,ADNI-0502_S_PA83461_MCI_M_Accelerated_Sagittal_MPRAGE_(MSV21),0.5,12377.349609375,11263,6772.4033203125,5324,15070.625,15654,34973.1953125,17582,40963.24609375,38610,33733.109375,31764,1764973.25,1735619,0.7012768952376474,0.3837113860117993,0.8538727145014804,1.981514185130001,1.9112532937822144,2.3208989764434107
ADNI,ADNI-0798_S_P04E7E9_MCI_M_Accelerated_Sagittal_MPRAGE_(MSV21),0.5,13690.333984375,11263,5245.08544921875,5324,14807.900390625,15654,41047.03515625,17582,45071.26953125,38610,33296.8671875,31764,1784611.625,1735619,0.7671323997104972,0.29390626933850383,0.8297547871585225,2.300054229236011,1.8657766609303579,2.525550595987516
ADNI,ADNI-0328_S_PAC0D3F_MCI_F_Accelerated_Sagittal_MPRAGE_(MSV21),0.5,11943.0087890625,11263,5354.99658203125,5324,12976.158203125,15654,19581.064453125,17582,43077.40625,38610,29837.84375,31764,1763457.375,1735619,0.6772496437041752,0.3036646452558146,0.735836226442672,1.1103792317704873,1.692008220499234,2.4427812580386297
ADNI,ADNI-1901_S_P4D2552_MCI_F_CS_Sagittal_MPRAGE_(MSV22),0.5,10727.0146484375,11263,4484.2451171875,5324,12232.4658203125,15654,37917.48828125,17582,33060.30078125,38610,27074.7890625,31764,1790705.375,1735619,0.599038501709836,0.2504178062897421,0.6831087900382552,2.1174610190272087,1.511962237925376,1.8462166497517771
ADNI,ADNI-2036_S_P001101_MCI_M_Accelerated_Sagittal_MPRAGE_(MSV21),0.5,12499.0390625,11263,5643.265625,5324,14911.736328125,15654,32634.26171875,17582,48257.08203125,38610,32616.09765625,31764,1786892.5,1735619,0.6994846675163727,0.31581450059250904,0.8345066269025697,1.8263136545007603,1.8252971376985463,2.700614728152365
ADNI,ADNI-1681_S_P1ED974_MCI_M_Accelerated_Sagittal_MPRAGE_(MSV22),0.5,13472.935546875,11263,6795.189453125,5324,16865.40234375,15654,18777.134765625,17582,47644.51953125,38610,36582.703125,31764,1785969.75,1735619,0.7543764695272694,0.3804761784529105,0.9443274357670391,1.051369138006117,2.04833833971712,2.667711450949827
ADNI,ADNI-1598_S_P7EDB7C_MCI_M_CS_Sagittal_MPRAGE_(MSV22),0.5,15237.94921875,11263,6017.12109375,5324,14575.4736328125,15654,78827.9609375,17582,44562.140625,38610,35349.265625,31764,1743508.5,1735619,0.8739819288950986,0.3451156730093372,0.8359852351056792,4.5212260758981095,2.027478823590479,2.555888923111072
ADNI,ADNI-1952_S_PDF22CF_MCI_F_Accelerated_Sagittal_MPRAGE_(MSV21),0.5,11937.3681640625,11263,5293.2822265625,5324,14190.8623046875,15654,23535.662109375,17582,41756.5859375,38610,31022.9609375,31764,1763274.125,1735619,0.6770001325836106,0.30019621745215025,0.8048018231247792,1.334770457734415,1.7593952351282873,2.368127867667768
ADNI,ADNI-1955_S_P6A9095_MCI_F_Accelerated_Sagittal_MPRAGE_(MSV21),0.5,12967.408203125,11263,5959.07958984375,5324,14955.0146484375,15654,22104.01171875,17582,49395.296875,38610,33402.3359375,31764,1773812.0,1735619,0.7310474956266504,0.33594764213139555,0.8431003200134796,1.246130464713848,1.8830820818384362,2.7846974129727387
ADNI,ADNI-1938_S_P4BB90C_MCI_F_Accelerated_Sagittal_MPRAGE_(MSV21),0.5,12484.703125,11263,5415.703125,5324,12970.3779296875,15654,45345.63671875,17582,43069.5078125,38610,30431.244140625,31764,1735096.0,1735619,0.7195396176926234,0.31212700190652276,0.74753085302989,2.6134367619284466,1.7538651544712798,2.4822550344476615
ADNI,ADNI-1941_S_P927D98_MCI_F_Accelerated_Sagittal_MPRAGE_(MSV21),0.5,12847.408203125,11263,5582.583984375,5324,14202.80078125,15654,33688.91015625,17582,42300.921875,38610,32207.263671875,31764,1763842.75,1735619,0.7283760529743936,0.3165012291699473,0.8052192170333778,1.9099724256173063,1.8259713725543278,2.3982252315292847
ADNI,ADNI-1936_S_P65E89B_MCI_M_Accelerated_Sagittal_MPRAGE_(MSV21),0.5,12334.572265625,11263,6204.3798828125,5324,13201.625,15654,20125.435546875,17582,40542.953125,38610,31288.52734375,31764,1783222.5,1735619,0.6917012467947774,0.34793077604238953,0.740324048176826,1.1285992380017076,1.75460590833449,2.2735779256374347
ADNI,ADNI-1935_S_PD26633_MCI_F_Accelerated_Sagittal_MPRAGE_(MSV21),0.5,13915.53125,11263,5808.57177734375,5324,16049.759765625,15654,34092.6796875,17582,43508.8828125,38610,35296.5546875,31764,1782431.375,1735619,0.7807050215327364,0.32587912549192816,0.9004419463624511,1.9127064393993851,1.9802476091120198,2.4409850175858803
ADNI,ADNI-0894_S_P42C330_MCI_M_Accelerated_Sagittal_MPRAGE_(MSV21),0.5,16630.2109375,11263,5262.81689453125,5324,14485.2607421875,15654,47635.4140625,17582,46107.64453125,38610,35902.9453125,31764,1748239.5,1735619,0.9512547301156391,0.30103523542004684,0.8285627193635369,2.724764774077007,2.053662859836996,2.637375744641967
ADNI,ADNI-0750_S_P320FA8_MCI_F_Accelerated_Sagittal_MPRAGE_(MSV21),0.5,14416.0537109375,11263,6005.732421875,5324,13731.1826171875,15654,57255.2890625,17582,38954.625,38610,33677.47265625,31764,1704538.75,1735619,0.8457451443059009,0.3523376879449059,0.8055658821008029,3.358990170361337,1.9757528337944796,2.28534698903149
ADNI,ADNI-1194_S_P495177_MCI_F_Accelerated_Sagittal_MPRAGE_(MSV21),0.5,12835.11328125,11263,5761.64453125,5324,13769.501953125,15654,22302.046875,17582,43620.59765625,38610,31920.31640625,31764,1787200.125,1735619,0.7181687770556753,0.32238384782174295,0.770451040177999,1.2478763045632622,1.7860515987961896,2.4407226166823373
ADNI,ADNI-1982_S_P3EA484_MCI_M_Accelerated_Sagittal_MPRAGE_(MSV21),0.5,12327.6318359375,11263,5712.103515625,5324,13678.7041015625,15654,39056.80859375,17582,41226.8984375,38610,31281.703125,31764,1748691.75,1735619,0.7049631151938299,0.32665010946754913,0.7822250034382847,2.2334873252389964,1.7888631958719998,2.3575852312164223
ADNI,ADNI-1991_S_P0960D4_MCI_M_Accelerated_Sagittal_MPRAGE_(MSV21),0.5,12447.6640625,11263,6018.76513671875,5324,14463.29296875,15654,26912.798828125,17582,41898.359375,38610,32446.544921875,31764,1775900.0,1735619,0.7009214517990878,0.338913516342066,0.8144204611042288,1.5154456235218763,1.8270479712751282,2.3592746987442985
ADNI,ADNI-1986_S_P683261_MCI_F_Accelerated_Sagittal_MPRAGE_(MSV21),0.5,13249.4453125,11263,5111.0146484375,5324,14237.736328125,15654,56846.921875,17582,37439.75,38610,32169.22265625,31764,1763215.5,1735619,0.7514365267603421,0.2898689722519737,0.8074870217579757,3.224048443029227,1.8244634678092384,2.123379133180261
ADNI,ADNI-1974_S_P9BD378_MCI_M_Accelerated_Sagittal_MPRAGE_(MSV21),0.5,12694.5458984375,11263,6179.017578125,5324,15486.7744140625,15654,28687.681640625,17582,42600.6328125,38610,33879.9140625,31764,1784336.5,1735619,0.7114434916529198,0.34629216956134673,0.8679290265071918,1.607750647964944,1.8987401794728742,2.3874775196550653
ADNI,ADNI-1971_S_P9F5231_MCI_F_Accelerated_Sagittal_MPRAGE_(MSV21),0.5,14069.408203125,11263,5986.5009765625,5324,15028.1865234375,15654,18400.630859375,17582,41096.78515625,38610,34627.4140625,31764,1749734.875,1735619,0.8040880023680731,0.34213760393628206,0.8588836364959291,1.051623941562861,1.9790091948930264,2.348743557863302
ADNI,ADNI-1977_S_P3C2225_MCI_M_Accelerated_Sagittal_MPRAGE_(MSV21),0.5,12693.177734375,11263,6083.60693359375,5324,14583.6953125,15654,20770.72265625,17582,44274.73046875,38610,32909.4375,31764,1787294.25,1735619,0.7101895915781635,0.34038082613390325,0.8159649879979192,1.162132237389003,1.8412993551565444,2.4771931353077425
ADNI,ADNI-1958_S_P80094E_MCI_M_Accelerated_Sagittal_MPRAGE_(MSV21),0.5,12167.5986328125,11263,6292.8583984375,5324,13951.201171875,15654,17316.458984375,17582,44312.90234375,38610,31928.8984375,31764,1759974.5,1735619,0.6913508481408396,0.3575539531077013,0.7926933698116081,0.9839039704481514,1.8141682415000897,2.517815021964807
ADNI,ADNI-1956_S_P8B016D_MCI_M_Accelerated_Sagittal_MPRAGE_(MSV21),0.5,12631.63671875,11263,4975.0244140625,5324,14046.095703125,15654,39253.3359375,17582,39737.75,38610,31221.33203125,31764,1772144.625,1735619,0.7127881404572158,0.28073467277325065,0.79260436789266,2.2150187622243305,1.7617823957934584,2.24235366794626
ADNI,ADNI-1196_S_PBA21AD_MCI_M_Accelerated_Sagittal_MPRAGE_(MSV21),0.5,12098.982421875,11263,4969.15234375,5324,13117.390625,15654,45698.68359375,17582,35153.4453125,38610,29747.08203125,31764,1744645.875,1735619,0.693492163381007,0.2848229784024222,0.7518655111026471,2.6193673024762116,1.7050498589720968,2.0149329910575693
ADNI,ADNI-1195_S_P44CB6F_MCI_M_Accelerated_Sagittal_MPRAGE_(MSV21),0.5,12252.80078125,11263,6325.1669921875,5324,14705.3740234375,15654,26767.435546875,17582,45528.35546875,38610,32794.5390625,31764,1764930.625,1735619,0.6942369636341938,0.3583804883088535,0.8331984167047642,1.5166281987358567,1.8581205741443803,2.5796116189411125
ADNI,ADNI-0508_S_PBC6A79_MCI_M_Accelerated_Sagittal_MPRAGE_(MSV21),0.5,15932.6748046875,11263,5876.0419921875,5324,14936.1337890625,15654,52225.9765625,17582,39584.44921875,38610,36277.31640625,31764,1767188.5,1735619,0.9015832099794391,0.33250793518560695,0.8451918846836373,2.955314419627561,2.0528266456153377,2.2399675653587603
ADNI,ADNI-0327_S_PCA6861_MCI_M_Accelerated_Sagittal_MPRAGE_(MSV21),0.5,12978.5185546875,11263,5828.71337890625,5324,15097.2158203125,15654,25672.60546875,17582,48810.234375,38610,33460.92578125,31764,1767094.25,1735619,0.7344553667518018,0.3298473399993379,0.854352608544366,1.4528147250068864,1.8935563726298132,2.7621749306806924
ADNI,ADNI-1488_S_P5F4EA8_MCI_M_Accelerated_Sagittal_IR-FSPGR_(MSV21),0.5,14745.505859375,11263,6070.7080078125,5324,14907.14453125,15654,67448.09375,17582,40951.9609375,38610,35162.58984375,31764,1729660.5,1735619,0.8525086778229022,0.35097685400184025,0.8618537875640913,3.899498991276033,2.0329185897319157,2.3676300023906425
ADNI,ADNI-0143_S_P3A977A_MCI_M_Accelerated_Sagittal_MPRAGE_(MSV21),0.5,13375.693359375,11263,6847.51220703125,5324,16778.93359375,15654,25183.046875,17582,41636.8359375,38610,36404.46875,31764,1808756.375,1735619,0.739496680937752,0.3785757054778176,0.9276502809146976,1.3922851757744323,2.012679499194578,2.301959319286435
ADNI,ADNI-1987_S_PAA1038_MCI_F_Accelerated_Sagittal_MPRAGE_(MSV21),0.5,13136.12109375,11263,6577.4794921875,5324,15131.1484375,15654,26549.982421875,17582,41827.1484375,38610,34354.82421875,31764,1784035.375,1735619,0.7363150573037264,0.36868548596955375,0.8481417268701861,1.4881982046950724,1.9256806619515603,2.3445246110941045
ADNI,ADNI-1975_S_P291E31_MCI_M_Accelerated_Sagittal_MPRAGE_(MSV21),0.5,12683.9521484375,11263,6098.166015625,5324,15435.392578125,15654,42468.2734375,17582,40303.359375,38610,33721.30859375,31764,1763213.5,1735619,0.719365643947117,0.345855224884848,0.8754125679122239,2.408572384314208,1.9124915158459255,2.2857900858290843
ADNI,ADNI-1972_S_P0E17AA_MCI_F_Accelerated_Sagittal_MPRAGE_(MSV21),0.5,13818.193359375,11263,6026.1943359375,5324,14402.53515625,15654,32325.45703125,17582,40766.7578125,38610,33775.765625,31764,1764036.25,1735619,0.7833281974435049,0.34161397397233195,0.8164534689267299,1.8324712449219793,1.914686595867857,2.310993201670317
ADNI,ADNI-1970_S_P31EDA7_MCI_F_Accelerated_Sagittal_MPRAGE_(MSV21),0.5,11708.9921875,11263,6013.02001953125,5324,15259.439453125,15654,19561.64453125,17582,44562.04296875,38610,32497.447265625,31764,1756517.125,1735619,0.6666027914473079,0.3423262963935663,0.8687327459517367,1.1136609061667988,1.850107055780911,2.536954655010836
ADNI,ADNI-0078_S_PFA7B0A_MCI_F_Accelerated_Sagittal_MPRAGE,0.5,13205.515625,11263,5779.9794921875,5324,14432.189453125,15654,29095.5390625,17582,52001.3359375,38610,32902.30078125,31764,1780871.125,1735619,0.7415200033073701,0.32455911104670754,0.8104005534440344,1.6337812800743794,1.8475396854587105,2.9199943335315743
ADNI,ADNI-1101_S_P1BEDB0_MCI_M_Accelerated_Sagittal_MPRAGE_(MSV21),0.5,14617.65234375,11263,6693.35595703125,5324,17667.02734375,15654,37075.05078125,17582,40172.2109375,38610,38419.1328125,31764,1770214.375,1735619,0.825756052497879,0.3781099086957335,0.9980162625077542,2.0943819745701706,2.1703096164553513,2.2693415839818836
ADNI,ADNI-1992_S_PACDCED_MCI_M_Accelerated_Sagittal_MPRAGE_(MSV21),0.5,11707.4296875,11263,5704.67724609375,5324,13397.474609375,15654,23627.515625,17582,47322.640625,38610,30370.875,31764,1769644.75,1735619,0.6615694866158872,0.3223628497241466,0.7570714183948501,1.335155862497261,1.7162130987024373,2.6741322304942843
ADNI,ADNI-1993_S_P19E79B_MCI_M_Accelerated_Sagittal_MPRAGE_(MSV21),0.5,12593.333984375,11263,5428.59423828125,5324,14042.0537109375,15654,26223.572265625,17582,39574.3359375,38610,31618.814453125,31764,1764219.0,1735619,0.7138192018323689,0.3077052360438953,0.7959359756888175,1.486412529602334,1.792227294520975,2.243164592235998
ADNI,ADNI-1990_S_P641B98_MCI_F_Accelerated_Sagittal_MPRAGE_(MSV21),0.5,13303.576171875,11263,5681.4912109375,5324,13258.9755859375,15654,41567.9453125,17582,47563.13671875,38610,31798.40625,31764,1755232.125,1735619,0.7579382796378,0.32368888023500025,0.755397271796031,2.3682306585232995,1.8116353841233395,2.709791829884039
ADNI,ADNI-1767_S_PD46CA4_MCI_F_Accelerated_Sagittal_MPRAGE,0.5,14664.591796875,11263,6173.666015625,5324,14664.298828125,15654,40941.0390625,17582,46633.8125,38610,35016.30859375,31764,1762587.125,1735619,0.8319924495576354,0.35026160852190497,0.8319758280388551,2.3227810121726606,1.986642708158327,2.6457592840978
ADNI,ADNI-0845_S_PE1D211_MCI_F_Accelerated_Sagittal_MPRAGE_(MSV21),0.5,13265.619140625,11263,6051.0859375,5324,13967.8671875,15654,40953.39453125,17582,42995.078125,38610,32832.859375,31764,1764653.625,1735619,0.7517406788896036,0.3429050240666919,0.7915359133155664,2.320761080308324,1.8605837944542798,2.436459910085754
ADNI,ADNI-0180_S_P176B49_MCI_F_Accelerated_Sag_IR-FSPGR_(MSV21),0.5,12851.041015625,11263,6087.32861328125,5324,14709.775390625,15654,24669.98828125,17582,46142.09375,38610,33166.19140625,31764,1798141.125,1735619,0.7146847840224443,0.338534530390725,0.8180545556803834,1.3719717511744247,1.844470989797867,2.566099685306958
ADNI,ADNI-0222_S_PC00067_MCI_M_Accelerated_Sagittal_MPRAGE_(MSV21),0.5,12222.2109375,11263,5374.15625,5324,13757.810546875,15654,45944.58203125,17582,44260.78125,38610,30909.623046875,31764,1754290.625,1735619,0.6967038849392472,0.3063435541075185,0.7842378195958837,2.6189835011658915,1.76194426433049,2.5230016406204077
ADNI,ADNI-1776_S_P2FBD31_MCI_F_Accelerated_Sagittal_MPRAGE_(MSV21),0.5,13363.818359375,11263,6143.619140625,5324,14507.4970703125,15654,25326.666015625,17582,46670.8828125,38610,33537.9140625,31764,1742367.75,1735619,0.7669918339211111,0.35260174785862514,0.832631175038249,1.4535775249297973,1.924847040040772,2.678589684209892
ADNI,ADNI-1750_S_PD15AD1_MCI_M_Accelerated_Sagittal_MPRAGE_(MSV21),0.5,13466.3359375,11263,6415.595703125,5324,16562.90234375,15654,37552.28125,17582,44803.484375,38610,35869.7421875,31764,1759101.875,1735619,0.7655233689919181,0.36470859330560373,0.9415544704453231,2.1347416988001333,2.03909407961378,2.5469522266867006
ADNI,ADNI-1057_S_P301E03_MCI_M_Accelerated_Sagittal_MPRAGE_(MSV21),0.5,12081.19140625,11263,5536.46875,5324,14747.71484375,15654,31097.908203125,17582,50079.359375,38610,31923.49609375,31764,1781395.25,1735619,0.6781870225740189,0.3107939549069753,0.8278743778928344,1.7457051265363481,1.7920501412446228,2.811243567366647
ADNI,ADNI-0181_S_P312D6B_MCI_M_Accelerated_Sag_IR-FSPGR_(MSV21),0.5,14372.509765625,11263,5985.23828125,5324,15785.2041015625,15654,56593.2890625,17582,41343.78125,38610,35611.18359375,31764,1757311.625,1735619,0.8178691565660701,0.3405906041991841,0.898258674044935,3.220446974650839,2.026458090138111,2.3526721534093307
ADNI,ADNI-2006_S_P5ED99B_MCI_F_Accelerated_Sagittal_MPRAGE_(MSV21),0.5,13317.689453125,11263,6407.53466796875,5324,15559.3388671875,15654,19077.20703125,17582,52906.484375,38610,34764.55859375,31764,1800908.5,1735619,0.7394983950114622,0.3557945707940603,0.8639716491530525,1.059310177682542,1.9303900555608462,2.937766375970795
ADNI,ADNI-0249_S_P46AF3B_MCI_F_Accelerated_Sagittal_MPRAGE_(MSV21),0.5,12569.9453125,11263,5801.5546875,5324,14769.9140625,15654,22199.40625,17582,45343.55859375,38610,32658.888671875,31764,1766735.375,1735619,0.7114786679640691,0.3283771168899587,0.8360003581464486,1.25652129708446,1.848544447233644,2.5665167084657483
ADNI,ADNI-0728_S_P984BA9_MCI_F_Accelerated_Sagittal_MPRAGE_(MSV21),0.5,12546.228515625,11263,5485.376953125,5324,13692.1318359375,15654,36157.33984375,17582,41926.58203125,38610,31267.65234375,31764,1735611.75,1735619,0.7228706832403617,0.316048618196149,0.7888937048241059,2.0832619878120786,1.801534954101918,2.4156659478279057
ADNI,ADNI-1363_S_P71942B_MCI_F_Accelerated_Sagittal_MPRAGE_(MSV21),0.5,12326.7109375,11263,5653.947265625,5324,14234.7060546875,15654,21563.609375,17582,42401.03515625,38610,31790.931640625,31764,1793505.75,1735619,0.687296984551067,0.3152455611377326,0.7936805362730228,1.2023161551057195,1.7725581108744701,2.3641426940644044
ADNI,ADNI-1232_S_PC600BF_MCI_F_Accelerated_Sagittal_MPRAGE_(MSV21),0.5,14314.830078125,11263,6078.4912109375,5324,15591.345703125,15654,18012.8203125,17582,45867.3046875,38610,35521.890625,31764,1785216.0,1735619,0.8018542337803941,0.3404905182867227,0.8733590614875174,1.0089994887173317,1.9897811035191262,2.569285996064342
ADNI,ADNI-1601_S_P2899E7_MCI_F_Accelerated_Sagittal_MPRAGE_(MSV21),0.5,12155.15625,11263,5344.458984375,5324,14604.16015625,15654,27934.3203125,17582,39217.703125,38610,31633.529296875,31764,1757177.75,1735619,0.6917431233123683,0.3041501626329493,0.8311145617596171,1.5897264982156756,1.8002464063111998,2.2318574842528025
ADNI,ADNI-0757_S_PE6E266_MCI_M_Accelerated_Sagittal_MPRAGE_(MSV21),0.5,15464.052734375,11263,5957.0576171875,5324,15997.95703125,15654,37581.73046875,17582,48413.4765625,38610,36899.5078125,31764,1756116.25,1735619,0.8805825203414068,0.33921772645674797,0.9109850803584331,2.1400479876403398,2.1011996109312236,2.7568491870911167
ADNI,ADNI-0869_S_PB62DAC_MCI_F_Accelerated_Sagittal_MPRAGE_(MSV21),0.5,11404.6708984375,11263,5288.7392578125,5324,14046.1337890625,15654,34861.375,17582,46795.63671875,38610,30314.8203125,31764,1774784.125,1735619,0.6425948225358112,0.297993383156529,0.7914277342920508,1.9642600195108235,1.708084937513175,2.63669457369921
ADNI,ADNI-1234_S_P9079B8_MCI_F_Accelerated_Sagittal_MPRAGE_(MSV21),0.5,14032.271484375,11263,6563.6201171875,5324,15575.283203125,15654,28714.212890625,17582,43140.03125,38610,35651.1796875,31764,1766246.75,1735619,0.7944683541172828,0.3716139954503809,0.8818294048170224,1.625719220183986,2.0184710707889484,2.44246910857727
ADNI,ADNI-0850_S_P749E3A_MCI_M_Accelerated_Sagittal_MPRAGE_(MSV21),0.5,12844.9296875,11263,6620.63720703125,5324,14226.3095703125,15654,37457.78515625,17582,47510.796875,38610,33188.0546875,31764,1782361.125,1735619,0.7206693137172188,0.37145318724516335,0.7981721195985185,2.1015822568644724,1.8620275219198352,2.6656100275414167
ADNI,ADNI-1470_S_P6E2B41_MCI_M_Accelerated_Sagittal_MPRAGE_(MSV21),0.5,12673.73046875,11263,5497.46728515625,5324,15025.05078125,15654,37778.3671875,17582,41008.1015625,38610,32737.423828125,31764,1782501.25,1735619,0.7110082233462669,0.30841309565175623,0.8429195088222239,2.11940200252314,1.836600329347595,2.3005931447453403
ADNI,ADNI-1909_S_P35E55D_MCI_M_Accelerated_Sagittal_MPRAGE_(MSV21),0.5,13479.23828125,11263,5539.8779296875,5324,12886.267578125,15654,56177.6484375,17582,37676.3203125,38610,31490.19921875,31764,1763354.625,1735619,0.7644088199927453,0.3141669775974586,0.7307813978782062,3.1858395152648322,1.785812040998276,2.1366275267801
ADNI,ADNI-2020_S_P9E28AE_MCI_F_CS_Sagittal_MPRAGE_(MSV22),0.5,10880.986328125,11263,5454.8310546875,5324,13457.396484375,15654,27071.265625,17582,41451.31640625,38610,29368.837890625,31764,1785862.25,1735619,0.6092847490406945,0.3054452298707529,0.7535517638258494,1.5158652704036943,1.644518657059076,2.321081393945698
ADNI,ADNI-0415_S_PA41981_MCI_F_HS_Sagittal_MPRAGE_(MSV22),0.5,11934.61328125,11263,5728.7919921875,5324,14448.7890625,15654,19529.587890625,17582,44103.01171875,38610,31625.37109375,31764,1784352.0,1735619,0.6688485949661278,0.3210572797400681,0.8097499295262369,1.0944918878464003,1.7723728890796213,2.471654231830379
ADNI,ADNI-1287_S_P1191A9_MCI_F_Accelerated_Sagittal_MPRAGE_(MSV22),0.5,11714.2880859375,11263,5171.046875,5324,15013.0263671875,15654,28224.271484375,17582,36196.91015625,38610,31435.345703125,31764,1788753.875,1735619,0.6548854065200836,0.28908655054625665,0.839300843845132,1.5778733943693064,1.757387986266417,2.023582487347512
ADNI,ADNI-1314_S_P26FEAE_MCI_M_Accelerated_Sag_IR-FSPGR_(MSV21),0.5,12889.80859375,11263,6414.94140625,5324,15546.984375,15654,31851.02734375,17582,44501.49609375,38610,34307.38671875,31764,1800436.5,1735619,0.7159268651657529,0.3562992311170097,0.8635119525181809,1.769072519011362,1.9055038441372412,2.4717059498488285
ADNI,ADNI-0252_S_P008BA8_MCI_F_Accelerated_Sagittal_MPRAGE_(MSV21),0.5,11525.302734375,11263,5099.1318359375,5324,13120.509765625,15654,24828.041015625,17582,40316.46875,38610,29329.75390625,31764,1761556.125,1735619,0.6542682671762728,0.2894674636573104,0.7448249635318885,1.4094379772103487,1.664991168319999,2.288684883656489
ADNI,ADNI-1907_S_PC9E8DA_MCI_M_Accelerated_Sagittal_MPRAGE_(MSV21),0.5,11951.302734375,11263,5470.7421875,5324,13216.19921875,15654,43444.9140625,17582,43535.171875,38610,30172.130859375,31764,1785532.75,1735619,0.6693409983308903,0.3063927103829375,0.7401824031931086,2.4331625428041015,1.6898111143228822,2.4382174941904595
ADNI,ADNI-0756_S_PEFC680_MCI_M_Accelerated_Sagittal_MPRAGE_(MSV21),0.5,11813.3515625,11263,5587.36328125,5324,14090.2861328125,15654,26376.97265625,17582,41474.24609375,38610,31046.955078125,31764,1784276.125,1735619,0.6620809076005543,0.31314454096896016,0.7896920176977932,1.4783010480650802,1.740030853023099,2.324429807283892
ADNI,ADNI-1220_S_PB32196_MCI_F_Accelerated_Sagittal_MPRAGE_(MSV21),0.5,11568.328125,11263,5871.7724609375,5324,15590.1875,15654,17600.943359375,17582,42470.47265625,38610,32522.25,31764,1789641.0,1735619,0.6464049563571689,0.32809778390959415,0.8711349091801093,0.9834901725751142,1.8172499400717796,2.373128055081997
ADNI,ADNI-2053_S_PB6601B_MCI_F_Accelerated_Sagittal_MPRAGE_(MSV21),0.5,13420.91015625,11263,6168.134765625,5324,14701.421875,15654,53157.328125,17582,42110.70703125,38610,33815.62109375,31764,1717490.125,1735619,0.7814257538307535,0.3591365490747727,0.8559829055785692,3.095058734326056,1.9688975558884219,2.4518747687850606
ADNI,ADNI-2022_S_P0D4E50_MCI_F_CS_Sagittal_MPRAGE_(MSV22),0.5,13160.2666015625,11263,6794.25244140625,5324,14698.9306640625,15654,15826.78125,17582,45522.625,38610,34148.6328125,31764,1804489.25,1735619,0.7293070103666452,0.3765194190769632,0.8145756847297649,0.8770781676865075,1.8924265030949894,2.522742931275429
ADNI,ADNI-2024_S_P43F69C_MCI_F_Accelerated_Sagittal_MPRAGE_(MSV21),0.5,13318.2919921875,11263,5927.75537109375,5324,14180.939453125,15654,29472.587890625,17582,45878.93359375,38610,32972.88671875,31764,1777369.625,1735619,0.7493259592633974,0.333512809475055,0.797861021908991,1.658213771410941,1.8551507944640384,2.581282640843488
ADNI,ADNI-0196_S_P5F8BF1_MCI_M_Accelerated_Sagittal_MPRAGE_(MSV22),0.5,13683.630859375,11263,6503.6708984375,5324,15108.220703125,15654,32973.9453125,17582,40097.4765625,38610,34760.5078125,31764,1801934.5,1735619,0.759385585845379,0.3609271534807453,0.8384444996821472,1.829919195869772,1.9290661126972153,2.2252460654091477
ADNI,ADNI-0197_S_PD0F22B_MCI_F_HS_Sagittal_MPRAGE_(MSV22),0.5,12485.701171875,11263,5721.08154296875,5324,14528.8896484375,15654,29593.287109375,17582,38924.34765625,38610,32300.23828125,31764,1772272.75,1735619,0.704502237134493,0.3228104445531169,0.8197885821151117,1.6697930445172733,1.8225320160934595,2.1962955564401696
ADNI,ADNI-0201_S_PE0FA3A_MCI_M_HS_Sagittal_MPRAGE_(MSV22),0.5,11742.02734375,11263,5031.1123046875,5324,13016.94140625,15654,37328.21875,17582,40205.7265625,38610,29393.109375,31764,1766631.375,1735619,0.6646563346442321,0.2847856307707373,0.7368227232039282,2.1129602518238983,1.6637941446613334,2.2758413063110012
ADNI,ADNI-0587_S_PEF07BF_MCI_M_Accelerated_Sagittal_MPRAGE_(MSV21),0.5,14525.13671875,11263,5667.5458984375,5324,14032.07421875,15654,62576.13671875,17582,41838.5625,38610,33745.86328125,31764,1765675.25,1735619,0.8226391981622896,0.3209846147210536,0.7947143291921887,3.544034313147335,1.911215739205157,2.369550261295218
ADNI,ADNI-0199_S_PF3479B_MCI_M_HS_Sagittal_MPRAGE_(MSV22),0.5,14198.41796875,11263,5687.98095703125,5324,15330.224609375,15654,45594.90625,17582,42427.3515625,38610,34728.125,31764,1767186.0,1735619,0.8034478526170986,0.32186656962149146,0.8674935524260038,2.5800853022828383,1.9651652401048898,2.400842444570068
ADNI,ADNI-0195_S_PB60296_MCI_M_HS_Sagittal_MPRAGE_(MSV22),0.5,11473.205078125,11263,5052.265625,5324,13655.751953125,15654,32295.70703125,17582,41296.5,38610,29761.89453125,31764,1770529.125,1735619,0.648009960193397,0.2853534321272461,0.7712808425630954,1.8240709274550908,1.6809604604075632,2.3324383325239
ADNI,ADNI-1371_S_PF67CBA_MCI_M_Accelerated_Sagittal_MPRAGE_(MSV21),0.5,12881.27734375,11263,6002.765625,5324,15317.6259765625,15654,56101.15234375,17582,39928.28125,38610,33710.3359375,31764,1746660.25,1735619,0.737480419775397,0.3436710502228467,0.8769665409493633,3.2119098344254415,1.929988155252288,2.2859786984904478
ADNI,ADNI-1423_S_P93D8A1_MCI_M_Accelerated_Sagittal_MPRAGE_(MSV21),0.5,11596.89453125,11263,4974.2724609375,5324,13564.892578125,15654,46929.95703125,17582,41563.46484375,38610,29723.6640625,31764,1750038.875,1735619,0.662664966871093,0.28423782648471163,0.7751195000239638,2.681652259367667,1.6984573592686618,2.3750023749472424
ADNI,ADNI-1160_S_P37DCFC_MCI_M_Accelerated_Sagittal_MPRAGE,0.5,10634.486328125,11263,4409.96728515625,5324,12749.564453125,15654,43409.984375,17582,45862.3359375,38610,27428.92578125,31764,1749847.5,1735619,0.6077378930521089,0.25202009233126027,0.7286100333386195,2.480786718556903,1.5675037842583426,2.62093330633098
ADNI,ADNI-0202_S_PFB539C_MCI_F_HS_Sagittal_MPRAGE_(MSV22),0.5,10905.65234375,11263,4390.896484375,5324,12353.1806640625,15654,41646.09765625,17582,43906.96875,38610,27308.13671875,31764,1774910.875,1735619,0.614433800443642,0.2473868714323473,0.6959887867080932,2.3463768374426124,1.5385638289443688,2.473756252690716
ADNI,ADNI-2013_S_PF70DEF_MCI_F_Accelerated_Sagittal_MPRAGE_(MSV22),0.5,12073.6220703125,11263,5205.18115234375,5324,15940.7412109375,15654,55411.72265625,17582,42098.41796875,38610,32737.6953125,31764,1760694.375,1735619,0.6857307118001384,0.29563229293236937,0.9053667369691858,3.1471516830540223,1.859362747864745,2.391012237359479
ADNI,ADNI-2010_S_P170D6D_MCI_M_Accelerated_Sagittal_MPRAGE_(MSV22),0.5,13601.5859375,11263,4943.3837890625,5324,15210.9658203125,15654,56881.01171875,17582,41416.91015625,38610,33302.14453125,31764,1784181.0,1735619,0.7623433910292733,0.2770673933341124,0.8525461161346578,3.188074064164454,1.8665227648568168,2.3213401642686473
ADNI,ADNI-1820_S_P60393E_MCI_M_Accelerated_Sagittal_MPRAGE_(MSV21),0.5,11858.783203125,11263,5509.0341796875,5324,15500.69921875,15654,44459.4296875,17582,40813.6640625,38610,32417.578125,31764,1747205.625,1735619,0.678728538498438,0.3153054283285918,0.8871708628313282,2.5446020234452944,1.8553957050704895,2.3359393696148385
ADNI,ADNI-1815_S_PF79173_MCI_M_CS_Sagittal_MPRAGE_(MSV22),0.5,14049.7373046875,11263,6167.798828125,5324,15473.28515625,15654,47123.05859375,17582,39788.1484375,38610,35194.515625,31764,1775573.5,1735619,0.7912788349616334,0.3473693895592044,0.8714528098245441,2.6539627108508888,1.982149183066767,2.2408618081707123
ADNI,ADNI-1817_S_P2E9910_MCI_F_CS_Sagittal_MPRAGE_(MSV22),0.5,10315.287109375,11263,4475.2890625,5324,12033.455078125,15654,29002.41015625,17582,48682.7265625,38610,26425.890625,31764,1762686.875,1735619,0.5852024687807924,0.2538901903663406,0.6826768411788963,1.6453523633487086,1.4991823561969848,2.7618476799800304
ADNI,ADNI-1816_S_PBF3ACA_MCI_M_CS_Sagittal_MPRAGE_(MSV22),0.5,14966.677734375,11263,6213.9794921875,5324,16206.787109375,15654,43333.7734375,17582,47015.953125,38610,36881.26953125,31764,1775294.0,1735619,0.8430534736429571,0.3500253756384858,0.9129072204026488,2.440935047237246,2.077473901857946,2.648347435692342
ADNI,ADNI-1819_S_P242ABE_MCI_F_CS_Sagittal_MPRAGE_(MSV22),0.5,12751.14453125,11263,6339.4208984375,5324,15043.123046875,15654,28825.439453125,17582,41170.59765625,38610,33619.83984375,31764,1770814.375,1735619,0.7200723413627135,0.3579946598545937,0.8495031020332101,1.6278069491685148,1.8985524580321977,2.3249527583177656
ADNI,ADNI-2011_S_P2A19F9_MCI_M_Accelerated_Sagittal_MPRAGE_(MSV22),0.5,12148.1728515625,11263,5058.119140625,5324,14784.16796875,15654,37479.92578125,17582,41447.78515625,38610,31589.494140625,31764,1769523.75,1735619,0.686522170248492,0.28584635502207867,0.8354885301059113,2.118079838219182,1.785197522249984,2.3423130181920415
ADNI,ADNI-2045_S_P6AF1A3_MCI_M_Accelerated_Sagittal_MPRAGE_(MSV21),0.5,13614.5908203125,11263,6354.4921875,5324,15945.7314453125,15654,21013.4375,17582,43613.9453125,38610,35373.30078125,31764,1813245.875,1735619,0.7508408544049493,0.35044845683159215,0.8794026042007402,1.1588851677382142,1.950827588743308,2.4052968168202784
ADNI,ADNI-0403_S_PF1697B_MCI_M_Accelerated_Sagittal_MPRAGE_(MSV22),0.5,12315.5654296875,11263,5573.9501953125,5324,15387.3037109375,15654,25609.59765625,17582,45262.11328125,38610,32815.5703125,31764,1796471.875,1735619,0.6855417889404753,0.31027205451309947,0.8565290626070893,1.4255496015627855,1.8266676349998523,2.5195002444026575
ADNI,ADNI-1818_S_PDB2CF4_MCI_F_Accelerated_Sagittal_MPRAGE_(MSV21),0.5,13096.439453125,11263,6073.7421875,5324,15300.408203125,15654,20612.2109375,17582,46964.12109375,38610,33971.9609375,31764,1781834.5,1735619,0.7349975237949989,0.34087016428854644,0.8586885147371992,1.1567971625591489,1.906572183752195,2.6357173516255297
ADNI,ADNI-1602_S_PD55D52_MCI_F_Sagittal_3D_Accelerated_MPRAGE,0.5,13453.2587890625,11263,5283.58984375,5324,13978.6484375,15654,52220.25,17582,39710.4609375,38610,32232.73828125,31764,1757772.625,1735619,0.765358306172421,0.30058437414509176,0.7952478175327142,2.970819391387438,1.8337262637282228,2.259135247228008
ADNI,ADNI-0130_S_P0A8538_MCI_M_Sagittal_3D_Accelerated_MPRAGE,0.5,13349.3173828125,11263,6162.369140625,5324,16457.11328125,15654,28083.658203125,17582,44941.453125,38610,35498.734375,31764,1786565.875,1735619,0.747205438635869,0.34492817907568063,0.9211590522095917,1.5719352191883214,1.986981553367015,2.5155217478336755
ADNI,ADNI-0146_S_P613612_MCI_F_Sagittal_3D_Accelerated_MPRAGE,0.5,12349.9423828125,11263,6044.064453125,5324,17736.32421875,15654,28283.951171875,17582,45982.41015625,38610,35597.328125,31764,1790225.5,1735619,0.6898540090515134,0.33761470011040506,0.99073129160265,1.5799099706643103,1.9884270515083156,2.5685261525014584
ADNI,ADNI-0141_S_P3D4447_MCI_M_Sagittal_3D_Accelerated_MPRAGE,0.5,14299.46484375,11263,6399.2353515625,5324,17055.263671875,15654,59524.80078125,17582,45179.05859375,38610,37217.9140625,31764,1758201.75,1735619,0.8133005693885812,0.3639647925252321,0.9700401942993743,3.3855500815677155,2.1168170298146953,2.569617428361108
ADNI,ADNI-1159_S_PC8D033_MCI_M_Accelerated_Sagittal_MPRAGE,0.5,10305.2705078125,11263,3379.54931640625,5324,12348.421875,15654,37130.0703125,17582,46371.7890625,38610,25739.421875,31764,1746888.5,1735619,0.589921480839361,0.19346107759059894,0.7068809414567673,2.1254974380162213,1.4734438903799527,2.654536283368973
ADNI,ADNI-0712_S_PD4FC8C_MCI_F_Accelerated_Sagittal_MPRAGE,0.5,11814.08203125,11263,4929.4970703125,5324,12680.84375,15654,42728.1640625,17582,44567.73046875,38610,29015.96875,31764,1763020.625,1735619,0.6701045843550469,0.2796051844437441,0.7192680318189698,2.4235770958436746,1.6458099433748825,2.5279188363862732
ADNI,ADNI-0570_S_P5D780C_MCI_F_Accelerated_Sagittal_MPRAGE,0.5,12371.76171875,11263,5980.56640625,5324,15510.18359375,15654,17653.37890625,17582,44651.890625,38610,33391.35546875,31764,1779035.625,1735619,0.6954195601760363,0.3361690076470504,0.8718309726793695,0.9923004721307928,1.8769357397635027,2.5098930003158313
ADNI,ADNI-1500_S_PF9E854_MCI_M_Accelerated_Sagittal_IR-FSPGR,0.5,13709.255859375,11263,5385.5791015625,5324,14045.708984375,15654,59185.5625,17582,40642.0,38610,32696.177734375,31764,1778249.75,1735619,0.7709409693084449,0.3028584202844679,0.7898614345018184,3.3283042778439866,1.838671858909301,2.2855057339386664
ADNI,ADNI-1782_S_PEF1B88_MCI_F_Accelerated_Sagittal_MPRAGE_ND,0.5,13728.37109375,11263,5760.5859375,5324,13681.919921875,15654,56275.4609375,17582,40991.1171875,38610,32740.53125,31764,1730006.625,1735619,0.7935444232041597,0.33298057095590605,0.7908593946497171,3.252904360265094,1.8925090099004678,2.3694196655171766
ADNI,ADNI-1308_S_P34E65D_MCI_M_Sag_Accel_IR-FSPGR,0.5,16600.4453125,11263,6577.251953125,5324,15361.197265625,15654,55645.4453125,17582,40286.53125,38610,38011.7890625,31764,1745951.125,1735619,0.9507966789448359,0.3767145516816801,0.8798182861862757,3.1871135746998647,2.177139355060698,2.3074260598216916
ADNI,ADNI-0147_S_P3477DD_MCI_F_Sagittal_3D_Accelerated_MPRAGE,0.5,12100.9658203125,11263,5512.2578125,5324,17858.8203125,15654,27872.7421875,17582,37147.2109375,38610,34988.80078125,31764,1804026.375,1735619,0.6707754380981542,0.3055530611352619,0.989942306830187,1.545029638909797,1.9394838826150753,2.059127929185625
ADNI,ADNI-0449_S_PA4D571_MCI_M_Accelerated_Sag_IR-FSPGR,0.5,13044.24609375,11263,6299.060546875,5324,18161.71484375,15654,31358.21484375,17582,43757.515625,38610,36956.953125,31764,1765270.25,1735619,0.7389376269016033,0.35683264626903444,1.0288348111995882,1.7763974011203099,2.0935578065171607,2.4787998112470313
ADNI,ADNI-0765_S_P893FBC_MCI_F_MPRAGE_Repeat,0.5,10265.392578125,11263,4704.099609375,5324,12402.1103515625,15654,21793.083984375,17582,42454.82421875,38610,27016.71484375,31764,1769197.125,1735619,0.5802288751811644,0.26588894718981637,0.7010021764286158,1.2318064322185127,1.5270607476117168,2.3996661321021535
ADNI,ADNI-0716_S_PBA675D_MCI_F_Accelerated_Sagittal_MPRAGE,0.5,14974.24609375,11263,7140.0478515625,5324,17240.951171875,15654,17051.28125,17582,47531.421875,38610,38769.57421875,31764,1779244.25,1735619,0.8416071089593237,0.40129666579293427,0.9690041809535144,0.9583440412973092,2.178991120457464,2.671438835617988
ADNI,ADNI-0561_S_P7511BD_MCI_M_Accelerated_Sagittal_MPRAGE,0.5,14976.6767578125,11263,5955.416015625,5324,14873.2333984375,15654,55054.9453125,17582,42925.7890625,38610,35322.125,31764,1726758.625,1735619,0.8673289098418432,0.3448898954030127,0.861338300738906,3.1883405425295037,2.045573972447944,2.4859171653189223
ADNI,ADNI-1670_S_P02A453_MCI_M_MPRAGE_Repeat,0.5,16791.453125,11263,5568.060546875,5324,15060.935546875,15654,61116.328125,17582,51012.71875,38610,36958.953125,31764,1739335.375,1735619,0.9653947919618435,0.32012575762595524,0.8659017555412509,3.5137748017687502,2.124889406391795,2.932885715039286
ADNI,ADNI-1442_S_P72847F_MCI_M_Accelerated_Sagittal_MPRAGE_ND,0.5,12518.44140625,11263,5293.1826171875,5324,13182.396484375,15654,23245.69140625,17582,43506.53515625,38610,30556.38671875,31764,1789934.625,1735619,0.6993798114973053,0.2957193264635294,0.7364736287156298,1.298689409187221,1.7071230586843362,2.4306214622922333
ADNI,ADNI-1257_S_P79B868_MCI_M_MP-RAGE,0.5,12076.9326171875,11263,5049.47607421875,5324,14947.576171875,15654,43914.21875,17582,41977.12109375,38610,31653.98828125,31764,1758425.75,1735619,0.6868036718176755,0.2871589018881662,0.8500544405628159,2.497359854403861,1.800132208098636,2.387198953026592
ADNI,ADNI-1933_S_P3A8C62_MCI_M_Accelerated_Sagittal_MPRAGE,0.5,14119.234375,11263,7127.36376953125,5324,16914.392578125,15654,34633.72265625,17582,49151.640625,38610,37610.41015625,31764,1762745.5,1735619,0.8009797429634624,0.4043331138574031,0.9595481921879817,1.9647602365883219,2.1336267859569062,2.7883571749296765
ADNI,ADNI-0355_S_P649726_MCI_M_Accelerated_Sagittal_MPRAGE,0.5,13038.556640625,11263,6229.35302734375,5324,15934.7177734375,15654,39676.87890625,17582,41683.265625,38610,34698.1640625,31764,1753310.75,1735619,0.7436534932911921,0.3552908705626627,0.9088359136244104,2.2629690091302983,1.979008231284728,2.3774031856589026
ADNI,ADNI-0357_S_P84B565_MCI_F_Accelerated_Sagittal_MPRAGE,0.5,12979.869140625,11263,6349.49560546875,5324,13883.6318359375,15654,34527.59375,17582,42730.97265625,38610,32699.056640625,31764,1733949.25,1735619,0.748572609067134,0.36618693456390083,0.8006942438446512,1.9912689918692834,1.8858139383620944,2.464372740796768
ADNI,ADNI-1672_S_P573B4C_MCI_F_MPRAGE_repeat,0.5,12437.984375,11263,5747.3291015625,5324,13115.357421875,15654,45661.0234375,17582,43396.66015625,38610,30871.009765625,31764,1744252.75,1735619,0.7130838334639289,0.3295009339421996,0.7519184029880418,2.6177985637402608,1.7698702074928647,2.487980033641913
ADNI,ADNI-1797_S_PED858A_MCI_F_Accelerated_Sagittal_MPRAGE_ND,0.5,14375.07421875,11263,5557.4736328125,5324,14424.388671875,15654,59160.9921875,17582,43492.2265625,38610,33872.4609375,31764,1738373.0,1735619,0.8269269149227468,0.3196939686023943,0.8297637314819661,3.4032392465541053,1.9485151309586608,2.501892664146302
ADNI,ADNI-0725_S_P3A31C6_MCI_M_MPRAGE_Repeat,0.5,12035.111328125,11263,5492.7294921875,5324,13228.6328125,15654,38002.27734375,17582,41126.34375,38610,30303.1640625,31764,1743343.25,1735619,0.6903466272706192,0.3150687331475026,0.7588082732703384,2.179850545424718,1.7382213205861783,2.359050275956843
ADNI,ADNI-0135_S_P242AB9_MCI_M_Sagittal_3D_Accelerated_MPRAGE,0.5,12553.845703125,11263,6941.884765625,5324,17110.60546875,15654,60861.484375,17582,38283.8203125,38610,36025.09765625,31764,1730514.0,1735619,0.7254402855524428,0.4011458309857649,0.9887585693470263,3.5169599538056326,2.081757076582449,2.2122803001015883
ADNI,ADNI-1119_S_P3E2128_MCI_M_Accelerated_Sagittal_MPRAGE,0.5,13783.830078125,11263,5835.31201171875,5324,14369.3701171875,15654,53312.5078125,17582,38671.36328125,38610,33533.4296875,31764,1753084.75,1735619,0.7862614786949119,0.33285966418444685,0.8196620338627383,3.0410684829983263,1.9128242195649698,2.2059038093423604
ADNI,ADNI-0427_S_P52EBF6_MCI_M_Sagittal_3D_Accelerated_0_angle_MPRAGE,0.5,15159.177734375,11263,6735.5244140625,5324,16424.94140625,15654,59520.12890625,17582,40402.05859375,38610,37829.98828125,31764,1733337.0,1735619,0.8745660961702774,0.38858712495391834,0.9475907689185656,3.4338463268395008,2.1824947071025425,2.3308830650790933
ADNI,ADNI-1451_S_PFB726D_MCI_F_Accelerated_Sagittal_MPRAGE_ND,0.5,10683.083984375,11263,4368.677734375,5324,13103.4990234375,15654,23034.439453125,17582,42125.1875,38610,27790.8046875,31764,1763126.375,1735619,0.6059170877286093,0.2477801816319037,0.7431968127320142,1.3064542496634708,1.576223070651983,2.389232450793551
ADNI,ADNI-1645_S_P1009B3_MCI_M_Sagittal_3D_Accelerated_MPRAGE,0.5,12653.427734375,11263,5951.4912109375,5324,14783.7109375,15654,47833.68359375,17582,39532.7109375,38610,32927.84375,31764,1763003.25,1735619,0.7177200458578281,0.3375768712245709,0.8385526763776527,2.7131931602366586,1.8677131621850387,2.2423504288775415
ADNI,ADNI-0669_S_PC7AF7B_MCI_F_Accelerated_Sag_IR-FSPGR,0.5,11701.70703125,11263,5228.70947265625,5324,13836.3173828125,15654,33021.4453125,17582,40354.1015625,38610,30337.01171875,31764,1796900.875,1735619,0.651216057271384,0.2909848587310777,0.7700100531595824,1.837688754673237,1.688296340706607,2.245761139300464
ADNI,ADNI-0074_S_P17299F_MCI_F_Accelerated_Sagittal_MPRAGE,0.5,12430.59765625,11263,5097.35302734375,5324,13728.7158203125,15654,31437.353515625,17582,43542.69140625,38610,30804.28515625,31764,1785118.625,1735619,0.6963457488014276,0.2855470194505281,0.7690646228237353,1.7610792400771125,1.7256155823398012,2.439204364149749
ADNI,ADNI-0032_S_PCB689E_MCI_F_Accelerated_Sagittal_MPRAGE,0.5,13684.275390625,11263,5860.443359375,5324,14790.119140625,15654,70056.515625,17582,46504.02734375,38610,33863.19140625,31764,1738487.375,1735619,0.7871368862040198,0.3371001391008088,0.8507464220512387,4.0297396824639,1.9478537430419935,2.674970667747875
ADNI,ADNI-0362_S_P95A17B_MCI_F_Accelerated_Sagittal_MPRAGE,0.5,13236.6767578125,11263,6355.591796875,5324,14357.4970703125,15654,26079.875,17582,45949.5703125,38610,33460.58203125,31764,1728307.125,1735619,0.7658752640860924,0.36773509204129445,0.8307260244797348,1.5089838271655565,1.9360321754879068,2.658646119537348
ADNI,ADNI-0364_S_P8F29C7_MCI_F_Accelerated_Sagittal_MPRAGE,0.5,13431.4541015625,11263,6174.10546875,5324,14764.0361328125,15654,32602.708984375,17582,43442.4453125,38610,33898.09375,31764,1736409.0,1735619,0.7735190327602829,0.3555674653120319,0.8502625897937929,1.8775938724329926,1.952195234532878,2.5018555716136004
ADNI,ADNI-1898_S_P7DB821_MCI_F_Sagittal_3D_Accelerated_MPRAGE,0.5,13224.62890625,11263,5502.7666015625,5324,15345.708984375,15654,39306.37890625,17582,33689.2421875,38610,33547.53515625,31764,1766726.125,1735619,0.7485387077892449,0.3114668721821556,0.8685958036860411,2.224814494450859,1.8988531771584007,1.9068740599225587
ADNI,ADNI-0949_S_P6B3A05_MCI_M_Accelerated_Sagittal_MPRAGE,0.5,13440.7431640625,11263,5656.177734375,5324,13575.4375,15654,57342.75,17582,39169.94140625,38610,32251.560546875,31764,1737642.375,1735619,0.7735045690320771,0.32550873619061,0.781256125846954,3.3000317456001267,1.8560528340519435,2.254200402211646
ADNI,ADNI-0030_S_PCA9CC5_MCI_M_Accelerated_Sagittal_MPRAGE,0.5,12843.654296875,11263,5732.39306640625,5324,13233.501953125,15654,52518.1875,17582,42955.0234375,38610,31357.587890625,31764,1756618.875,1735619,0.7311577075519583,0.3263310640679669,0.753350777534199,2.9897314805979183,1.7851104947636975,2.4453240283837894
ADNI,ADNI-0586_S_P6F4785_MCI_M_Accelerated_Sagittal_MPRAGE,0.5,11645.97265625,11263,6167.859375,5324,13253.2724609375,15654,31420.791015625,17582,42902.12890625,38610,30616.05078125,31764,1751396.625,1735619,0.6649534714188455,0.352168051882594,0.7567259335638779,1.7940419986606404,1.7480935125845638,2.4495952712167637
ADNI,ADNI-1676_S_P2167EE_MCI_F_MPRAGE,0.5,12841.244140625,11263,5643.05517578125,5324,13610.759765625,15654,52370.83984375,17582,40724.5625,38610,31620.21875,31764,1731086.25,1735619,0.741802676823584,0.3259834786268593,0.7862554373373943,3.0253166093688284,1.8266113979011733,2.352543814613512
ADNI,ADNI-0521_S_P3CA01F_MCI_M_Accelerated_Sagittal_MPRAGE,0.5,12110.5908203125,11263,5999.9892578125,5324,14318.6015625,15654,38211.7578125,17582,41364.6484375,38610,31948.267578125,31764,1764744.625,1735619,0.6862517470658113,0.3399919270366102,0.8113696089313772,2.1652854056716566,1.8103620844361548,2.343945285426213
ADNI,ADNI-1019_S_P0E31E0_MCI_F_MPRAGE_Repeat,0.5,14717.6259765625,11263,5264.4375,5324,15399.923828125,15654,37535.0625,17582,45895.93359375,38610,34907.73046875,31764,1761591.75,1735619,0.8354731439087689,0.29884549016535755,0.8742050380359128,2.1307469508755363,1.981601609382537,2.605367196670284
ADNI,ADNI-0031_S_PA41C32_MCI_F_Accelerated_Sagittal_MPRAGE,0.5,13306.427734375,11263,6038.603515625,5324,15236.0380859375,15654,32316.634765625,17582,41794.9375,38610,34104.58203125,31764,1790575.875,1735619,0.743136770698142,0.3372436543983371,0.8509015618194621,1.8048179480595874,1.9046711456028078,2.3341617679284323
ADNI,ADNI-0425_S_PA055B5_MCI_M_Sagittal_3D_Accelerated_0_angle_MPRAGE,0.5,14774.4541015625,11263,5857.330078125,5324,14754.306640625,15654,45189.58203125,17582,39373.24609375,38610,34899.6640625,31764,1767856.625,1735619,0.8357269414629425,0.331323818645361,0.8345872867730437,2.556179126304997,1.974122989894613,2.227174168818696
ADNI,ADNI-1867_S_P50E2B4_MCI_M_Accelerated_Sagittal_MPRAGE,0.5,13192.654296875,11263,6775.33935546875,5324,17000.482421875,15654,20525.51171875,17582,47294.6953125,38610,36409.859375,31764,1798910.0,1735619,0.7333693345901129,0.3766358158812142,0.9450435220147201,1.140997143756497,2.0239956070620546,2.629075123963956
ADNI,ADNI-0823_S_P3AD1A9_MCI_F_Accelerated_Sagittal_MPRAGE_Phase_A-P,0.5,12723.9931640625,11263,5636.783203125,5324,13459.625,15654,45078.31640625,17582,41726.0,38610,31317.80859375,31764,1764668.75,1735619,0.7210414512107443,0.3194244360662589,0.7627281324044527,2.554491680449943,1.7747131632353097,2.3645230868399523
ADNI,ADNI-1478_S_PF5A944_MCI_F_Sagittal_3D_Accelerated_MPRAGE,0.5,10921.87890625,11263,5518.755859375,5324,14453.9755859375,15654,27810.7578125,17582,43924.25390625,38610,30481.5390625,31764,1747170.125,1735619,0.6251182268956207,0.3158682592157418,0.8272792316625435,1.5917601505749188,1.7446234128173408,2.51402272038334
ADNI,ADNI-1479_S_PA7842C_MCI_F_Sagittal_3D_Accelerated_MPRAGE,0.5,13070.2646484375,11263,5998.77587890625,5324,16495.80078125,15654,23948.669921875,17582,38562.25,38610,35083.2734375,31764,1793109.875,1735619,0.7289159928605881,0.3345459172660153,0.9199548232508619,1.3355941125400919,1.9565601599009652,2.1505793112650164
ADNI,ADNI-1715_S_P948967_MCI_M_Accelerated_Sag_IR-FSPGR,0.5,15406.779296875,11263,7255.63916015625,5324,18779.5625,15654,43168.6484375,17582,46842.5859375,38610,40776.83203125,31764,1779875.25,1735619,0.8656100643500155,0.4076487473016016,1.0551055474253042,2.425374949030838,2.2909938228114584,2.631790398652939
ADNI,ADNI-1581_S_P3D60F1_MCI_M_Accelerated_Sag_IR-FSPGR,0.5,14246.52734375,11263,6360.4169921875,5324,14087.291015625,15654,58793.4453125,17582,38238.3125,38610,34174.109375,31764,1753619.25,1735619,0.812407102838886,0.36270227942510896,0.8033266637341601,3.3526916012412618,1.9487759030359642,2.1805367670319544
ADNI,ADNI-1774_S_P2015E6_MCI_F_Accelerated_Sagittal_MPRAGE,0.5,13323.798828125,11263,5659.05712890625,5324,14372.56640625,15654,26257.8203125,17582,46892.92578125,38610,32889.296875,31764,1764756.375,1735619,0.7549936646708529,0.3206707287801269,0.8144221270343902,1.4879005784863648,1.8636734985586891,2.65718976542867
ADNI,ADNI-1796_S_P193714_MCI_M_Accelerated_Sagittal_MPRAGE,0.5,12341.75,11263,6051.427734375,5324,15288.296875,15654,25457.0546875,17582,43800.359375,38610,33208.8515625,31764,1767245.5,1735619,0.6983608106513781,0.34242145385997586,0.8650918548102117,1.4404933942397928,1.879130633661254,2.4784535807277486
ADNI,ADNI-0473_S_P738524_MCI_M_Accelerated_Sag_IR-FSPGR,0.5,12163.68359375,11263,5374.20751953125,5324,15818.953125,15654,42762.48046875,17582,36303.10546875,38610,32896.7109375,31764,1783198.625,1735619,0.6821272416442111,0.30138019647313546,0.887111110519166,2.3980772455311867,1.844814732150211,2.035841939298826
ADNI,ADNI-0892_S_P6FA58D_MCI_M_Accelerated_Sagittal_MPRAGE,0.5,13691.3564453125,11263,6363.1328125,5324,15515.99609375,15654,36271.7734375,17582,40517.21875,38610,35059.02734375,31764,1759513.75,1735619,0.7781329611838782,0.36164155082618704,0.8818343189276014,2.0614657565193792,1.9925406859565606,2.3027509020602994
ADNI,ADNI-0333_S_P5C7DE0_MCI_F_MPRAGE,0.5,11939.1689453125,11263,5317.07568359375,5324,13652.205078125,15654,25706.705078125,17582,48224.69921875,38610,30478.607421875,31764,1754332.25,1735619,0.6805534667285801,0.3030825935961532,0.7781995159768055,1.465327054104204,1.737333815864982,2.7488920196701625
ADNI,ADNI-0011_S_P996D90_MCI_M_MPRAGE,0.5,15394.3310546875,11263,6562.4453125,5324,15525.2236328125,15654,68083.9765625,17582,43212.1953125,38610,36980.6953125,31764,1760606.75,1735619,0.874376464516423,0.3727377117292093,0.8818109798120733,3.8670746072341258,2.10045175122156,2.4543922322517506
ADNI,ADNI-0618_S_P875679_MCI_M_MPRAGE,0.5,17339.765625,11263,5550.5087890625,5324,14225.7001953125,15654,56340.95703125,17582,44446.23828125,38610,36663.40234375,31764,1725802.75,1735619,1.0047362379623048,0.32161895610970026,0.8242946765099605,3.264623203969863,2.1244260008132447,2.5753950317468206
ADNI,ADNI-1850_S_PDBC760_MCI_F_Accelerated_Sagittal_MPRAGE,0.5,14897.6591796875,11263,5865.3984375,5324,14241.4248046875,15654,64456.62109375,17582,42463.8125,38610,34540.890625,31764,1736545.75,1735619,0.8578903941740377,0.33776239051001106,0.8201007548858129,3.711772125424856,1.9890573355179384,2.4453034133998486
ADNI,ADNI-1868_S_PF5077F_MCI_M_Accelerated_Sagittal_MPRAGE,0.5,14344.1474609375,11263,5548.52490234375,5324,13620.9462890625,15654,60315.58984375,17582,39088.91015625,38610,33055.04296875,31764,1748503.375,1735619,0.8203671589102594,0.3173299509555565,0.7790060050105708,3.4495552428516185,1.8904763606046802,2.2355638951082955
ADNI,ADNI-0368_S_P7EB75A_MCI_M_Accelerated_Sagittal_MPRAGE,0.5,13911.3291015625,11263,6213.32958984375,5324,15506.9375,15654,37086.9453125,17582,42354.76171875,38610,35121.1875,31764,1755979.375,1735619,0.7922262242722812,0.3538384150920765,0.8830933734628859,2.1120376378281778,2.000091117243333,2.4120307061550763
ADNI,ADNI-1869_S_PFABAE5_MCI_F_Accelerated_Sagittal_MPRAGE,0.5,17601.4296875,11263,7383.8876953125,5324,15700.806640625,15654,56404.55078125,17582,45876.4453125,38610,40103.9921875,31764,1735259.375,1735619,1.0143399851967376,0.4255206917013487,0.9048103624638247,3.2504968187392738,2.311123787330064,2.643780288609592
ADNI,ADNI-1647_S_PA5B398_MCI_M_MP-RAGE_REPEAT,0.5,14378.4833984375,11263,7423.0478515625,5324,15395.36328125,15654,32138.318359375,17582,48827.5078125,38610,36645.15234375,31764,1790653.25,1735619,0.8029741882431731,0.41454412525498724,0.8597623957206679,1.79478178476905,2.046468368108119,2.726798603386781
ADNI,ADNI-0067_S_P63B1E4_MCI_M_Accelerated_Sagittal_MPRAGE,0.5,14275.1318359375,11263,6377.068359375,5324,15114.6611328125,15654,65743.4609375,17582,43461.4609375,38610,35248.94921875,31764,1726728.0,1735619,0.8267157210595705,0.369315164830535,0.8753353818790509,3.8074011041403164,2.0413724233782045,2.5169836209003384
ADNI,ADNI-1124_S_PF865B3_MCI_F_Accelerated_Sagittal_MPRAGE,0.5,11700.7734375,11263,5628.63671875,5324,14854.0703125,15654,30084.84375,17582,43370.8125,38610,31728.515625,31764,1803282.5,1735619,0.6488597009897229,0.3121328310317435,0.8237239762765957,1.668337808967813,1.7594866930167625,2.4051036096673704
ADNI,ADNI-0641_S_PEBB55F_MCI_M_Accelerated_Sagittal_IR-FSPGR,0.5,14042.55078125,11263,6471.0224609375,5324,15470.7236328125,15654,54424.1328125,17582,39533.125,38610,35445.22265625,31764,1755072.625,1735619,0.8001122336034385,0.3687039709218586,0.8814862366628561,3.1009618654669633,2.019587232536887,2.252506502401859
ADNI,ADNI-1689_S_P8C8B78_MCI_M_Accelerated_Sag_IR-FSPGR,0.5,12387.9765625,11263,6108.48583984375,5324,14661.513671875,15654,36063.73828125,17582,45660.75,38610,32692.07421875,31764,1763164.0,1735619,0.7025992229026908,0.34645023604405206,0.8315456572318287,2.045398969196853,1.8541709233372505,2.589705211767028
ADNI,ADNI-0313_S_P1313B8_MCI_F_Accelerated_Sagittal_MPRAGE,0.5,12161.8037109375,11263,5592.154296875,5324,13366.9765625,15654,35803.515625,17582,40831.890625,38610,30670.6953125,31764,1762549.5,1735619,0.690012037161935,0.31727643943475065,0.7583887183026633,2.0313480912167288,1.7401324225220343,2.3166379511610877
ADNI,ADNI-1695_S_P0AF8F0_MCI_F_Accelerated_Sag_IR-FSPGR,0.5,12064.96875,11263,5874.76123046875,5324,14263.861328125,15654,20075.51953125,17582,44117.33203125,38610,31752.962890625,31764,1800657.625,1735619,0.6700312476115496,0.326256427035581,0.7921473316241892,1.1148993152571134,1.7634092372571382,2.450067765172738
ADNI,ADNI-1775_S_P713486_MCI_F_Accelerated_Sagittal_MPRAGE,0.5,13958.822265625,11263,5909.0771484375,5324,13813.2060546875,15654,26410.38671875,17582,41793.96875,38610,33209.296875,31764,1773629.75,1735619,0.7870200793387121,0.33316294725195605,0.7788100112037194,1.4890586222265385,1.8723917364940457,2.3564088700023214
ADNI,ADNI-0719_S_P9D6A53_MCI_M_MPRAGE_Repeat,0.5,17373.4765625,11263,7175.2998046875,5324,15636.6328125,15654,55415.140625,17582,42320.8984375,38610,39651.828125,31764,1748324.75,1735619,0.9937213645519805,0.41041001133728156,0.8943780503307522,3.1696136901911385,2.2679898642972365,2.42065431136292
ADNI,ADNI-1709_S_P214546_MCI_M_Accelerated_Sag_IR-FSPGR,0.5,12396.8974609375,11263,6858.333984375,5324,17956.1640625,15654,21900.1484375,17582,42458.125,38610,36575.3203125,31764,1831746.5,1735619,0.6767801909782549,0.3744150178190596,0.9802756037748673,1.1955883872304383,1.996745745795065,2.317903978525413
ADNI,ADNI-0838_S_PC221B8_MCI_F_Accelerated_Sagittal_MPRAGE_Phase_A-P,0.5,12094.7119140625,11263,5569.0595703125,5324,13115.59375,15654,30901.451171875,17582,49281.625,38610,30337.466796875,31764,1747686.875,1735619,0.6920411251622234,0.31865316664991833,0.7504544399579588,1.7681343044860367,1.7358639714494049,2.8198200550084236
ADNI,ADNI-1799_S_PDFE1A1_MCI_F_Accelerated_Sagittal_MPRAGE,0.5,13728.205078125,11263,5573.8984375,5324,14173.275390625,15654,53559.9296875,17582,41919.421875,38610,33008.78125,31764,1761566.875,1735619,0.7793178489533643,0.31641707826164706,0.8045834416944857,3.0404709833965287,1.8738307195972903,2.3796667881257703
ADNI,ADNI-0276_S_P56FE34_MCI_M_Accelerated_Sagittal_MPRAGE,0.5,14521.4638671875,11263,5153.2666015625,5324,13118.74609375,15654,46675.328125,17582,53331.5078125,38610,32364.720703125,31764,1736800.125,1735619,0.8361044922879366,0.2967104002000518,0.7553400017028442,2.6874323333549968,1.8634683540873764,3.0706761846012647
ADNI,ADNI-1811_S_P081F5A_MCI_M_Accelerated_Sagittal_MPRAGE,0.5,14283.255859375,11263,5996.12890625,5324,15268.857421875,15654,39156.171875,17582,44232.8203125,38610,35051.51953125,31764,1755158.375,1735619,0.8137872948003909,0.3416289374028711,0.8699418604816788,2.230919581544885,1.9970573613478044,2.520161196991696
ADNI,ADNI-2069_S_P9DDD46_MCI_M_Accelerated_Sagittal_MPRAGE,0.5,12305.45703125,11263,5150.53759765625,5324,14571.2265625,15654,36826.671875,17582,44703.52734375,38610,31572.603515625,31764,1805304.25,1735619,0.681627876921577,0.28530025327621367,0.80713411949814,2.039914982474561,1.748879919582807,2.4762323217125313
ADNI,ADNI-1128_S_P78DFE7_MCI_F_Accelerated_Sagittal_MPRAGE,0.5,12078.1220703125,11263,5299.03515625,5324,13919.546875,15654,26009.9765625,17582,38630.015625,38610,30861.58984375,31764,1828723.375,1735619,0.6604674187156655,0.28976690672256544,0.7611619704374369,1.422302406043232,1.6876029620253525,2.1124034478424054
ADNI,ADNI-0148_S_P43E632_MCI_F_Sagittal_3D_Accelerated_MPRAGE,0.5,14373.7451171875,11263,5595.873046875,5324,15819.01171875,15654,44446.08203125,17582,39002.89453125,38610,35306.421875,31764,1768063.5,1735619,0.812965434623106,0.3164972890891645,0.8947083472256512,2.513828379537839,1.9968978419044339,2.2059668406281787
ADNI,ADNI-1727_S_PD602D1_MCI_M_MPRAGE_3dtfe,0.5,12529.67578125,11263,5812.912109375,5324,16973.416015625,15654,32738.486328125,17582,40937.94140625,38610,34841.4453125,31764,1778504.75,1735619,0.7045061747094012,0.3268426530418319,0.9543643904029495,1.8407871178373294,1.9590302085220743,2.301817940393468
ADNI,ADNI-1130_S_P8A181D_MCI_F_Accelerated_Sagittal_MPRAGE,0.5,10727.8828125,11263,4892.951171875,5324,12005.45703125,15654,21688.296875,17582,45175.453125,38610,27250.654296875,31764,1761998.75,1735619,0.6088473565886469,0.2776932260522319,0.6813544578990195,1.230891728782441,1.546576255906822,2.563875435496194
ADNI,ADNI-0891_S_P223C27_MCI_F_Accelerated_Sagittal_MPRAGE,0.5,14335.0732421875,11263,5898.9013671875,5324,15459.599609375,15654,74139.3515625,17582,49299.29296875,38610,35212.54296875,31764,1754731.625,1735619,0.8169382165314025,0.3361711433899472,0.8810235929596927,4.225110581368818,2.006719572786522,2.80950615275712
ADNI,ADNI-1131_S_P779760_MCI_M_Accelerated_Sagittal_MPRAGE,0.5,11026.638671875,11263,5428.1142578125,5324,12457.775390625,15654,28355.654296875,17582,44142.66796875,38610,28478.994140625,31764,1782729.625,1735619,0.6185255754570747,0.3044833148948484,0.6988034088806372,1.5905751438261424,1.5974937388851098,2.4761280314029674
ADNI,ADNI-1800_S_P5C7ECC_MCI_F_Accelerated_Sagittal_MPRAGE_ND,0.5,12002.5,11263,5861.740234375,5324,13702.373046875,15654,34095.22265625,17582,49630.7578125,38610,31120.310546875,31764,1761749.125,1735619,0.6812831537520986,0.3327227555384766,0.7777709579889815,1.9353052130081232,1.7664439337737716,2.8171296984467067
ADNI,ADNI-0895_S_P3CA69B_MCI_M_Accelerated_Sagittal_MPRAGE,0.5,14733.115234375,11263,5554.8671875,5324,13440.15625,15654,60415.57421875,17582,43903.375,38610,33268.12109375,31764,1712389.25,1735619,0.8603835392201278,0.32439278554802886,0.7848774015604221,3.5281449132403746,1.94278964865903,2.5638665391061055
ADNI,ADNI-0844_S_PE2A07A_MCI_F_Accelerated_Sagittal_MPRAGE_Phase_A-P,0.5,12171.98828125,11263,5592.88623046875,5324,12645.45703125,15654,45216.54296875,17582,43838.5703125,38610,30005.033203125,31764,1759394.375,1735619,0.6918283049103189,0.31788701327800656,0.7187391986091805,2.570006111833227,1.7054182751451048,2.4916852603044157
ADNI,ADNI-1072_S_P3F63FF_MCI_F_Accelerated_Sagittal_MPRAGE,0.5,13896.4462890625,11263,5647.7890625,5324,15096.3095703125,15654,41800.2734375,17582,43521.765625,38610,34174.40625,31764,1756265.125,1735619,0.7912499138797453,0.3215795258987449,0.8595689429471818,2.3800662464045685,1.945856907566846,2.4780863097193255
ADNI,ADNI-1414_S_P56C6B9_MCI_M_MPRAGE_Repeat,0.5,12118.1171875,11263,4507.43603515625,5324,12726.3515625,15654,47313.421875,17582,40953.43359375,38610,28997.58203125,31764,1739053.75,1735619,0.696822463796763,0.2591890006364812,0.7317974825389958,2.72064172110839,1.6674344902364289,2.3549262691708064
ADNI,ADNI-1073_S_P46EAC0_MCI_F_Accelerated_Sagittal_MPRAGE,0.5,13964.4384765625,11263,5399.40673828125,5324,14037.47265625,15654,33697.3046875,17582,42852.27734375,38610,32960.203125,31764,1769641.875,1735619,0.7891109875868246,0.3051129618121887,0.7932380474580485,1.9041878000033197,1.862535216341442,2.421522566183059
ADNI,ADNI-0431_S_P55A8D5_MCI_F_Sagittal_3D_Accelerated_0_angle_MPRAGE,0.5,12303.033203125,11263,5928.6787109375,5324,16279.419921875,15654,15640.568359375,17582,40246.6640625,38610,34033.0859375,31764,1818918.5,1735619,0.6763927687318041,0.32594526422912845,0.8950054618651138,0.8598828567291498,1.8710616191709524,2.2126700048682775
ADNI,ADNI-0896_S_PF7B105_MCI_F_Accelerated_Sagittal_MPRAGE,0.5,13553.9541015625,11263,4969.7451171875,5324,12504.779296875,15654,64206.71484375,17582,43277.46875,38610,30622.943359375,31764,1715975.25,1735619,0.7898688574653102,0.28961636347537645,0.728727252731355,3.741704016054427,1.7845795479494824,2.522033388884834
ADNI,ADNI-0893_S_P73CF14_MCI_M_Accelerated_Sagittal_MPRAGE,0.5,12708.345703125,11263,5585.83349609375,5324,14614.0390625,15654,24134.685546875,17582,43000.0234375,38610,32433.814453125,31764,1763428.625,1735619,0.7206611893988621,0.31675982894367216,0.8287286967738771,1.368622761631478,1.839247361266181,2.4384328817107637
ADNI,ADNI-0593_S_P136F21_MCI_M_MPRAGE,0.5,12900.74609375,11263,5642.3505859375,5324,14259.556640625,15654,40410.09375,17582,41746.953125,38610,32353.1171875,31764,1767859.125,1735619,0.7297383547883093,0.31916290761785104,0.8066002793421111,2.28582092195836,1.8300732637562396,2.361441165454855
ADNI,ADNI-0897_S_P35609E_MCI_F_Accelerated_Sagittal_MPRAGE,0.5,13977.517578125,11263,5326.33740234375,5324,14318.5625,15654,55716.18359375,17582,43363.01953125,38610,33190.515625,31764,1740494.25,1735619,0.8030774923918882,0.3060244181986668,0.8226722093451329,3.2011702189622286,1.9069592229333707,2.4914198671584233
ADNI,ADNI-1664_S_PE097B4_MCI_M_Sagittal_3D_Accelerated_MPRAGE,0.5,12505.3818359375,11263,6220.86572265625,5324,16262.88671875,15654,41871.84375,17582,35877.96875,38610,34423.1015625,31764,1789476.375,1735619,0.6988291106071463,0.34763609118093275,0.9088070089078433,2.3398936322922954,1.9236410183118513,2.004942297715442
ADNI,ADNI-1222_S_PCA3761_MCI_M_Accelerated_Sagittal_MPRAGE,0.5,12672.5751953125,11263,7196.7099609375,5324,15130.283203125,15654,46108.62109375,17582,40433.78125,38610,34411.9140625,31764,1765846.875,1735619,0.7176485897347413,0.4075500578688342,0.85682872152349,2.611133600910328,1.9487484758552467,2.2897671266088686
ADNI,ADNI-0848_S_P0CB45B_MCI_F_Accelerated_Sagittal_MPRAGE_Phase_A-P,0.5,13111.6728515625,11263,6377.9091796875,5324,15868.814453125,15654,19334.486328125,17582,43144.03515625,38610,34888.9375,31764,1802050.0,1735619,0.7275976166900197,0.3539252062754918,0.8805978997877417,1.0729161970048002,1.9360693376987321,2.3941641550595154
ADNI,ADNI-1082_S_P446D7B_MCI_M_Sagittal_3D_Accelerated_MPRAGE,0.5,13720.9736328125,11263,5631.99609375,5324,15551.7353515625,15654,36766.79296875,17582,35966.171875,38610,34389.7734375,31764,1788489.625,1735619,0.7671821765704959,0.3149023631462218,0.8695457403932383,2.055745387326471,1.9228388555790474,2.0109801797144895
ADNI,ADNI-1169_S_PB4E8BE_MCI_M_Accelerated_Sagittal_MPRAGE,0.5,10075.240234375,11263,3825.968505859375,5324,12312.2177734375,15654,28733.509765625,17582,49643.3828125,38610,25902.525390625,31764,1757025.375,1735619,0.5734259947369855,0.2177526039348962,0.7007421718902324,1.6353497322498827,1.4742260276477226,2.825422075221879
ADNI,ADNI-1644_S_PCCA39A_MCI_M_Sagittal_3D_Accelerated_MPRAGE,0.5,12133.388671875,11263,6496.58740234375,5324,18045.66796875,15654,28938.4140625,17582,40056.23046875,38610,36136.9921875,31764,1771745.0,1735619,0.6848270305193468,0.3666773380110428,1.0185251245946791,1.6333283888200614,2.0396271578302745,2.2608349660221982
ADNI,ADNI-0309_S_PB694C8_MCI_F_Accelerated_Sagittal_MPRAGE_ND,0.5,14039.5986328125,11263,5814.4560546875,5324,14454.9560546875,15654,37274.4453125,17582,41040.99609375,38610,33847.75,31764,1777326.0,1735619,0.7899281635902755,0.32714628912689625,0.8132979574196012,2.097220504988955,1.9044198982066318,2.309142841197957
ADNI,ADNI-2101_S_PA4FDBB_MCI_F_Accelerated_Sagittal_MPRAGE,0.5,13400.63671875,11263,6043.84130859375,5324,14595.5791015625,15654,34967.09765625,17582,44508.9296875,38610,33580.390625,31764,1732153.75,1735619,0.7736401412836477,0.3489206029541979,0.8426260718231566,2.0187063449910263,1.9386495352967368,2.569571534137775
ADNI,ADNI-1024_S_P278A3E_MCI_M_Accelerated_Sagittal_MPRAGE,0.5,13374.1826171875,11263,6523.0595703125,5324,15348.5546875,15654,28612.125,17582,45300.0234375,38610,34741.46484375,31764,1794952.875,1735619,0.7450993729953774,0.3634111881802189,0.855095133765002,1.5940320995892443,1.9355084652988452,2.5237444430121876
ADNI,ADNI-1507_S_PDFA655_MCI_M_MP-RAGE,0.5,12405.39453125,11263,4752.4208984375,5324,14237.216796875,15654,25741.677734375,17582,43304.1171875,38610,31006.82421875,31764,1775327.375,1735619,0.6987665884017589,0.2676926501196716,0.8019488122225908,1.4499679381316923,1.7465412101106141,2.439218692693228
ADNI,ADNI-0672_S_PFFBF96_MCI_F_MPRAGE_Repeat,0.5,11898.1376953125,11263,5077.0234375,5324,13402.4560546875,15654,37852.45703125,17582,47495.6328125,38610,29959.50390625,31764,1733512.875,1735619,0.6863599265342923,0.2928748618322203,0.7731385355120307,2.183569420056947,1.7282539021378769,2.7398488639722394
ADNI,ADNI-0534_S_P8C40AB_MCI_M_MPRAGE,0.5,16148.197265625,11263,5922.828125,5324,14948.6103515625,15654,46997.7890625,17582,40090.0234375,38610,36536.80078125,31764,1746090.875,1735619,0.9248199791219344,0.3392050327850204,0.8561186915063914,2.691600404961741,2.0924913648179966,2.2959872256076017
ADNI,ADNI-0533_S_PA3279D_MCI_F_MPRAGE_Repeat,0.5,12778.779296875,11263,4954.46484375,5324,13482.958984375,15654,30398.53125,17582,42986.421875,38610,30814.41015625,31764,1768560.875,1735619,0.722552414084983,0.2801410408759608,0.7623689506517553,1.7188286634464873,1.7423437661567631,2.430587631030795
ADNI,ADNI-0224_S_P57A5A3_MCI_F_MPRAGE,0.5,12304.4619140625,11263,4622.33984375,5324,13155.4814453125,15654,55328.5390625,17582,43853.96875,38610,29693.943359375,31764,1743374.5,1735619,0.7057842083879569,0.26513751599269114,0.7545987075819052,3.173646228191361,1.7032452499090127,2.515464620481715
ADNI,ADNI-0156_S_PB43C7E_MCI_M_Accelerated_SAG_IR-SPGR,0.5,12415.220703125,11263,5746.31640625,5324,15164.6806640625,15654,41293.66796875,17582,34305.4765625,38610,32843.0859375,31764,1773230.5,1735619,0.7001470312587675,0.32405919062693767,0.8552007572654823,2.328725338795492,1.8521611227361587,1.9346315418384694
ADNI,ADNI-0691_S_P852393_MCI_M_MPRAGE_Repeat,0.5,12593.2822265625,11263,5626.3095703125,5324,13721.24609375,15654,34471.9921875,17582,44780.67578125,38610,31489.51171875,31764,1736234.0,1735619,0.7253217150777199,0.3240524935182988,0.7902878352658685,1.9854462121753174,1.8136674963599375,2.5791843600142608
ADNI,ADNI-1112_S_P822482_MCI_M_MPRAGE,0.5,11754.9326171875,11263,5482.12109375,5324,13434.63671875,15654,39471.828125,17582,47101.82421875,38610,30249.580078125,31764,1742566.0,1735619,0.6745760342613996,0.314600485361817,0.7709686014044805,2.2651554159211185,1.7359216281119336,2.7030152211594856
ADNI,ADNI-1738_S_P46CEEF_MCI_M_MPRAGE_GRAPPA2,0.5,12352.318359375,11263,5394.7568359375,5324,12709.7880859375,15654,41339.4921875,17582,47026.671875,38610,30033.580078125,31764,1726064.0,1735619,0.7156350146561773,0.31254674426542123,0.7363451231204348,2.3950150276872697,1.7400038514287417,2.724503371543581
ADNI,ADNI-1473_S_P0C0825_MCI_F_MPRAGE,0.5,13555.3388671875,11263,6162.439453125,5324,14168.53515625,15654,16767.42578125,17582,45925.5,38610,33466.3671875,31764,1781903.125,1735619,0.7607225486619819,0.34583470709862524,0.795134985593002,0.9409841391489787,1.87812495067598,2.5773286637005026
ADNI,ADNI-0932_S_PCDE66A_MCI_M_MPRAGE_GRAPPA2,0.5,11175.623046875,11263,4636.45361328125,5324,13065.076171875,15654,26417.736328125,17582,47390.6171875,38610,28469.69140625,31764,1746380.625,1735619,0.6399305447445055,0.26548929522630554,0.7481230600502683,1.5127135488075516,1.630211134886474,2.7136476727402994
ADNI,ADNI-0905_S_P681EED_MCI_M_MPRAGE,0.5,13307.177734375,11263,4843.77490234375,5324,12947.265625,15654,48587.84375,17582,48926.078125,38610,30706.939453125,31764,1751322.875,1735619,0.7598357746783271,0.27657806401596563,0.7392849034190797,2.774351003095303,1.75335684193156,2.7936640823583145
ADNI,ADNI-1077_S_P41274D_MCI_M_MPRAGE,0.5,13536.4306640625,11263,6487.43115234375,5324,17198.578125,15654,19808.609375,17582,41102.0859375,38610,36695.3203125,31764,1769498.5,1735619,0.764986840286245,0.36662541123056896,0.971946465340321,1.1194476499980077,2.073769506586188,2.322809877346604
ADNI,ADNI-1016_S_P6F605B_MCI_F_MPRAGE,0.5,14125.1455078125,11263,6229.68359375,5324,16096.095703125,15654,16869.39453125,17582,41947.73046875,38610,35960.46875,31764,1761600.875,1735619,0.8018357454444668,0.35363763053024144,0.9137197836101779,0.9576172883798096,2.041351662589291,2.381227840202452
ADNI,ADNI-1779_S_P2F08EA_MCI_F_MPRAGE_GRAPPA2,0.5,13842.171875,11263,5704.0302734375,5324,13713.3427734375,15654,35933.34765625,17582,45170.0703125,38610,32782.7578125,31764,1717616.875,1735619,0.8058940312285882,0.33208979001428945,0.7983935750187305,2.0920467293528424,1.90861875483728,2.6298105805754846
ADNI,ADNI-1671_S_PB857CD_MCI_F_Sag_MPRAGE_Repeat,0.5,14654.5390625,11263,5762.9521484375,5324,13756.107421875,15654,63817.8984375,17582,39922.5546875,38610,33698.32421875,31764,1735214.25,1735619,0.8445377314357578,0.33211761305196175,0.7927613216566773,3.677810877676921,1.9420267104624114,2.30072768751755
ADNI,ADNI-1751_S_PCE75B6_MCI_M_MPRAGE_GRAPPA2,0.5,12407.7861328125,11263,5376.251953125,5324,13585.298828125,15654,31844.685546875,17582,44180.30078125,38610,30939.666015625,31764,1741936.125,1735619,0.7122985713849008,0.3086365726025115,0.7798964975323076,1.828120164100449,1.776165358280574,2.5362755928406964
ADNI,ADNI-0336_S_PF405CB_MCI_M_MPRAGE_Repeat,0.5,13276.0673828125,11263,5694.1103515625,5324,12937.544921875,15654,53451.01171875,17582,47736.6875,38610,31465.4140625,31764,1740444.0,1735619,0.762797733383694,0.32716423806583267,0.7433473827296369,3.0711135617549314,1.8078958048923148,2.7427879035464513
ADNI,ADNI-1740_S_PB94232_MCI_F_MPRAGE,0.5,13945.283203125,11263,4975.14404296875,5324,12714.92578125,15654,63155.6328125,17582,44568.71484375,38610,31250.15234375,31764,1747068.125,1735619,0.798210613746101,0.28477103850593977,0.7277864897941516,3.6149496352639368,1.7887197354567956,2.5510576379927943
ADNI,ADNI-0265_S_PDEA728_MCI_M_MPRAGE_GRAPPA_2,0.5,13102.341796875,11263,5179.423828125,5324,14322.7060546875,15654,45835.83984375,17582,46707.296875,38610,32197.939453125,31764,1762300.625,1735619,0.7434793820648506,0.2939012648948587,0.8127277407444317,2.6009092429249976,1.8270401199639252,2.6503592073004003
ADNI,ADNI-1064_S_PB35FC6_MCI_M_Accelerated_Sag_IR-FSPGR,0.5,12782.3232421875,11263,5152.4658203125,5324,14281.787109375,15654,40108.49609375,17582,41106.3671875,38610,31819.767578125,31764,1765667.25,1735619,0.7239372674657413,0.291814090130091,0.8088606224856354,2.271577280133049,1.8021384028120246,2.3280925206887084
ADNI,ADNI-0040_S_P8762CE_MCI_F_Accelerated_SAG_IR-SPGR,0.5,13185.736328125,11263,5390.5927734375,5324,14806.283203125,15654,44785.7421875,17582,44142.296875,38610,32950.734375,31764,1760757.125,1735619,0.7488674128253209,0.30615197842448033,0.8409043469368327,2.543550246176059,1.8713957710095879,2.5070065739475567
ADNI,ADNI-0993_S_PF7C021_MCI_M_MPRAGE_GRAPPA2,0.5,13341.0517578125,11263,5956.23828125,5324,15111.79296875,15654,55123.234375,17582,41095.609375,38610,33943.140625,31764,1728258.125,1735619,0.7719362961370426,0.34463823401669236,0.874394440862241,3.1895255446867927,1.9640087400138795,2.377862934971013
ADNI,ADNI-1142_S_P97D226_MCI_F_MPRAGE_GRAPPA2,0.5,13246.76953125,11263,5734.21875,5324,15334.337890625,15654,37499.30859375,17582,40795.90625,38610,33828.7890625,31764,1728283.25,1735619,0.7664698209191115,0.3317869770478884,0.8872583756525443,2.169743217366135,1.9573637054284938,2.360487278343987
ADNI,ADNI-1020_S_P195EED_MCI_M_MPRAGE_Repeat,0.5,15521.119140625,11263,7390.91455078125,5324,17466.203125,15654,32483.884765625,17582,47329.5234375,38610,39807.671875,31764,1710551.0,1735619,0.9073754094806293,0.4320780000585338,1.0210863707074505,1.8990304741352346,2.3271841573270837,2.7669168260694947
ADNI,ADNI-0523_S_P9883EF_MCI_F_MPRAGE,0.5,10644.193359375,11263,5329.916015625,5324,13143.5634765625,15654,26637.703125,17582,38935.48046875,38610,28670.259765625,31764,1751189.375,1735619,0.6078265155860142,0.3043597735182124,0.7505506636917837,1.5211206455041448,1.6371878550042598,2.2233734982974074
ADNI,ADNI-1546_S_PD064A2_MCI_F_MPRAGE_Repeat,0.5,14485.7548828125,11263,5240.20947265625,5324,14923.21875,15654,49852.1875,17582,43790.1875,38610,34183.8125,31764,1732198.5,1735619,0.8362641396359887,0.302517839188537,0.8615189742976916,2.877971981848501,1.9734350595500458,2.5280120898384335
ADNI,ADNI-1065_S_PD01210_MCI_M_Accelerated_Sag_IR-FSPGR,0.5,12342.345703125,11263,5754.55419921875,5324,15719.9296875,15654,22100.4765625,17582,39558.71875,38610,33321.23046875,31764,1767652.25,1735619,0.6982338128511986,0.32554786719043577,0.8893112142108268,1.250272872534742,1.8850557550983231,2.2379242721525117
ADNI,ADNI-1492_S_P2E8331_MCI_F_MP-RAGE_REPEAT,0.5,10955.69140625,11263,5071.1240234375,5324,13420.322265625,15654,34586.0546875,17582,43497.33203125,38610,29046.181640625,31764,1761926.875,1735619,0.6218017082150472,0.2878169403845151,0.7616844067734082,1.9629676565039056,1.6485463757186292,2.468736509354283
ADNI,ADNI-0933_S_PD8847C_MCI_M_MPRAGE_Repeat,0.5,12948.748046875,11263,5575.5595703125,5324,14478.181640625,15654,32143.837890625,17582,44572.58203125,38610,32547.0546875,31764,1759950.5,1735619,0.7357450136736801,0.3168020674622667,0.8226470938032064,1.8264057932666289,1.8493164829067636,2.5326042994533084
ADNI,ADNI-1673_S_PEFE616_MCI_M_MPRAGE,0.5,13190.294921875,11263,5834.1923828125,5324,15449.671875,15654,24823.2890625,17582,42860.26171875,38610,34011.16015625,31764,1757450.375,1735619,0.7505358392765429,0.33196911080988556,0.8790957682091023,1.412460312712955,1.9352557910063322,2.4387750760103253
ADNI,ADNI-1174_S_P3BB662_MCI_F_MPRAGE_GRAPPA2,0.5,11564.671875,11263,5675.587890625,5324,14159.0390625,15654,40693.8671875,17582,44477.2265625,38610,30957.29296875,31764,1754364.25,1735619,0.6591944560543798,0.32351251404176756,0.8070752161359878,2.319579140278309,1.7645875404010314,2.5352332939125954
ADNI,ADNI-0529_S_P67EF7F_MCI_F_MPRAGE,0.5,11608.626953125,11263,5489.767578125,5324,13809.0595703125,15654,34991.58203125,17582,42945.34375,38610,30444.4765625,31764,1767897.375,1735619,0.656634662016227,0.3105252406478063,0.7811007451896069,1.9792767683276864,1.7220726153575516,2.4291762834932658
ADNI,ADNI-0590_S_PD4994C_MCI_M_MPRAGE,0.5,12870.623046875,11263,5185.611328125,5324,14838.12109375,15654,33307.48828125,17582,37835.8046875,38610,32472.958984375,31764,1740074.5,1735619,0.7396593103844117,0.29801087988617725,0.8527290695743199,1.9141415083808195,1.8661821079715264,2.174378435377336
ADNI,ADNI-0087_S_PB3E699_MCI_M_MP-RAGE_REPEAT,0.5,12897.1005859375,11263,5559.78369140625,5324,14147.263671875,15654,57832.33984375,17582,39638.6328125,38610,32136.9453125,31764,1758292.25,1735619,0.7335015317241772,0.31620361697017374,0.8046025154165924,3.28911987434114,1.8277362772030645,2.25438250168594
ADNI,ADNI-0546_S_P58D8B2_MCI_M_MPRAGE_Repeat,0.5,12696.1689453125,11263,4510.392578125,5324,13046.126953125,15654,47555.28515625,17582,42007.1484375,38610,29870.150390625,31764,1746199.125,1735619,0.7270745222319648,0.25829772295441966,0.7471156505776511,2.723359809050987,1.7105809963468512,2.405633345939284
ADNI,ADNI-0451_S_P51C61B_MCI_M_Accelerated_Sag_IR-FSPGR,0.5,13177.0849609375,11263,5416.83837890625,5324,15041.982421875,15654,42618.25390625,17582,44739.5625,38610,33154.6328125,31764,1762566.125,1735619,0.7476079775978617,0.3073268175346471,0.8534137930215242,2.4179662426140185,1.8810433459624103,2.5383196616240427
ADNI,ADNI-1393_S_PC7CD8E_MCI_F_Accelerated_Sagittal_MPRAGE,0.5,12668.849609375,11263,5338.66015625,5324,14691.208984375,15654,39020.6015625,17582,41985.5,38610,32276.951171875,31764,1763546.625,1735619,0.7183733863217254,0.3027229380028441,0.8330490828035239,2.212620920215251,1.830229533731494,2.380742272691543
ADNI,ADNI-1788_S_PA73232_MCI_M_Accelerated_Sagittal_MPRAGE_ND,0.5,12170.173828125,11263,5510.4111328125,5324,13773.029296875,15654,33504.24609375,17582,39694.984375,38610,31003.8203125,31764,1744557.625,1735619,0.6976080155635443,0.31586294736538156,0.7894854890147294,1.9205009690493886,1.77717375844779,2.2753610317114057
ADNI,ADNI-0882_S_P52E5F6_MCI_M_Accelerated_Sagittal_MPRAGE,0.5,16914.625,11263,6216.05029296875,5324,14874.134765625,15654,63786.859375,17582,47271.1015625,38610,37507.5859375,31764,1710872.0,1735619,0.9886552003890414,0.36332643780298873,0.8693891048322142,3.728324466996947,2.1923081292755975,2.762982944516013
ADNI,ADNI-0951_S_P0F7636_MCI_F_Accelerated_Sagittal_MPRAGE,0.5,12740.5322265625,11263,6247.859375,5324,15543.8154296875,15654,32514.201171875,17582,43557.671875,38610,34000.3671875,31764,1752907.25,1735619,0.7268229523588599,0.35642840629474265,0.8867448879390224,1.8548728788631001,1.9396558025246344,2.4848817229205937
ADNI,ADNI-0883_S_P859BEE_MCI_F_Accelerated_Sagittal_MPRAGE,0.5,12694.9140625,11263,5350.27490234375,5324,14490.451171875,15654,22105.7890625,17582,42900.328125,38610,32090.98046875,31764,1781267.875,1735619,0.7126897779201233,0.30036329613499313,0.813490849705859,1.2410143006985965,1.801580824487165,2.40841530502536
ADNI,ADNI-1237_S_PF92623_MCI_F_Accelerated_Sagittal_MPRAGE,0.5,10560.3935546875,11263,5041.35546875,5324,13375.732421875,15654,32636.18359375,17582,43037.35546875,38610,28564.685546875,31764,1790603.25,1735619,0.5897673621829682,0.28154508648132964,0.746995875377474,1.822636231323159,1.5952548699369893,2.4035115243284633
ADNI,ADNI-0131_S_P2A2422_MCI_F_Sagittal_3D_Accelerated_MPRAGE,0.5,13559.119140625,11263,5394.44140625,5324,15045.3076171875,15654,42960.98828125,17582,44016.00390625,38610,33529.140625,31764,1735299.375,1735619,0.7813706001378004,0.3108651731203442,0.8670151003303105,2.4757104681865054,1.932181910974295,2.536507794584436
ADNI,ADNI-1367_S_P35C195_MCI_F_Accelerated_Sagittal_MPRAGE_ND,0.5,12751.3583984375,11263,5574.58154296875,5324,14683.1142578125,15654,20428.955078125,17582,43243.85546875,38610,32565.24609375,31764,1774023.75,1735619,0.7187817185895905,0.314233760566551,0.8276729247741187,1.1515604048776122,1.8356713710146213,2.437614235364662
ADNI,ADNI-1807_S_PDD4D09_MCI_M_Accelerated_Sagittal_MPRAGE,0.5,12146.06640625,11263,5413.81396484375,5324,15503.97265625,15654,27210.796875,17582,44450.1953125,38610,32594.7578125,31764,1773872.75,1735619,0.6847202769336189,0.30519742551114504,0.8740183114177722,1.5339768241549459,1.8374913201919358,2.505827732710816
ADNI,ADNI-0516_S_PA832A9_MCI_F_Accelerated_Sagittal_MPRAGE_ND,0.5,12716.818359375,11263,6245.49853515625,5324,13997.365234375,15654,41285.3125,17582,47092.828125,38610,32462.64453125,31764,1727827.375,1735619,0.7360005139040583,0.36146542331268766,0.810113639643833,2.389435026748549,1.878812953247138,2.7255516845251972
ADNI,ADNI-1369_S_P0D029E_MCI_F_Accelerated_Sagittal_MPRAGE,0.5,13659.5,11263,5713.572265625,5324,14975.923828125,15654,20869.474609375,17582,42226.8203125,38610,33910.5625,31764,1793424.5,1735619,0.7616434368996297,0.3185844882583571,0.8350462385299743,1.1636661933287407,1.8908274365606135,2.354535711567451
ADNI,ADNI-1370_S_PAC64D8_MCI_F_Accelerated_Sagittal_MPRAGE_ND,0.5,12696.056640625,11263,5882.2138671875,5324,13973.158203125,15654,38011.30078125,17582,42661.4921875,38610,32097.849609375,31764,1774206.25,1735619,0.7155907967647505,0.33154058989407237,0.7875723695103093,2.1424397970219076,1.8091385716499986,2.4045396180686436
ADNI,ADNI-0535_S_PCBFD84_MCI_M_MPRAGE,0.5,12329.267578125,11263,6311.5712890625,5324,13670.2685546875,15654,52132.33203125,17582,41632.7109375,38610,31851.58203125,31764,1757557.75,1735619,0.7014999978307968,0.359110321641636,0.7777991109929389,2.966180316478932,1.8122637524286187,2.368781961076386
ADNI,ADNI-2074_S_PEE87D8_MCI_M_Accelerated_Sagittal_MPRAGE,0.5,14252.2548828125,11263,6347.8916015625,5324,14817.24609375,15654,43333.16796875,17582,46052.6484375,38610,34905.21875,31764,1774765.125,1735619,0.8030501998292592,0.3576750248325113,0.8348849030797807,2.441628323564787,1.9667514454905686,2.5948587668748564
ADNI,ADNI-0958_S_PC81E8A_AD_F_Accelerated_Sagittal_MPRAGE,1.0,13737.0224609375,11263,6256.2998046875,5324,14488.3359375,15654,70960.9296875,17582,43582.0625,38610,33997.6953125,31764,1721532.625,1735619,0.7979530716670269,0.3634145362007008,0.841595199945746,4.121962526704947,1.9748504802515725,2.5315850462026535
ADNI,ADNI-0070_S_PD6F38F_AD_M_Accelerated_Sagittal_MPRAGE,1.0,11069.5107421875,11263,5312.84521484375,5324,13506.78515625,15654,31186.28515625,17582,44089.23828125,38610,29449.044921875,31764,1782656.625,1735619,0.6209558580687125,0.29802964521245084,0.7576773320689284,1.7494274959570524,1.6519751761994546,2.473232234572937
ADNI,ADNI-0960_S_PC7317E_AD_F_Accelerated_Sagittal_MPRAGE,1.0,14431.453125,11263,5880.1484375,5324,13650.35546875,15654,38164.39453125,17582,46177.875,38610,33480.76171875,31764,1769637.875,1735619,0.8155031788636419,0.3322797573769153,0.7713643373930387,2.1566217060792736,1.891955534617499,2.6094533606204604
ADNI,ADNI-1402_S_PF90ACF_AD_M_Accelerated_Sagittal_MPRAGE_ND,1.0,14274.7744140625,11263,5239.8466796875,5324,14105.619140625,15654,40852.8203125,17582,46748.03515625,38610,33217.76171875,31764,1729448.875,1735619,0.8253944143947303,0.30297783041938725,0.8156135370364735,2.3621872206254144,1.9207137140003634,2.703059675947345
ADNI,ADNI-2025_S_P83F6BB_AD_F_Accelerated_Sagittal_MPRAGE_(MSV21),1.0,15668.5634765625,11263,4854.82421875,5324,14881.0166015625,15654,61264.171875,17582,48552.55859375,38610,35007.3671875,31764,1741019.5,1735619,0.8999648468361497,0.2788495027626055,0.8547300361404626,3.518867644790882,2.0107395228772567,2.7887429516872153
ADNI,ADNI-2033_S_P26CA6E_AD_F_Accelerated_Sagittal_MPRAGE_(MSV21),1.0,10279.4296875,11263,4691.0927734375,5324,13418.962890625,15654,25963.6328125,17582,45871.875,38610,28044.548828125,31764,1771393.375,1735619,0.5803019155753588,0.2648250151346253,0.7575371501332955,1.4657180713741802,1.5831914708456556,2.5895927831388663
ADNI,ADNI-2034_S_PA17C09_AD_M_Accelerated_Sagittal_MPRAGE_(MSV21),1.0,11536.953125,11263,6141.19921875,5324,15446.49609375,15654,28726.796875,17582,43576.0546875,38610,32598.33984375,31764,1769312.25,1735619,0.6520586247565968,0.3470952749436963,0.8730226162029907,1.6236137445496124,1.842430008821224,2.4628809690036344
ADNI,ADNI-0733_S_P4647E4_AD_M_Accelerated_Sagittal_MPRAGE_(MSV21),1.0,15156.677734375,11263,5384.341796875,5324,13792.33984375,15654,69416.453125,17582,42284.78125,38610,33909.5703125,31764,1710183.625,1735619,0.8862602537417583,0.3148399808163875,0.8064829789111096,4.059005834826655,1.9828028883448114,2.472528717493714
ADNI,ADNI-0211_S_P6C2517_AD_F_Accelerated_Sagittal_MPRAGE_(MSV21),1.0,13569.306640625,11263,5443.7314453125,5324,13791.5654296875,15654,42978.390625,17582,42379.7890625,38610,32373.65234375,31764,1756619.625,1735619,0.7724669841727972,0.30989813433927105,0.7851196259797849,2.446653220386286,1.8429517627500034,2.412576317567897
ADNI,ADNI-0734_S_PD83B9D_AD_F_Accelerated_Sagittal_MPRAGE_(MSV21),1.0,13766.078125,11263,4961.134765625,5324,11591.0380859375,15654,73660.28125,17582,37511.17578125,38610,29928.14453125,31764,1723770.375,1735619,0.7986027793870167,0.2878071718586647,0.6724235579195111,4.273207285512144,1.7362025108042596,2.1761121043311817
ADNI,ADNI-1447_S_PF34A32_AD_M_Accelerated_Sagittal_MPRAGE,1.0,10288.4697265625,11263,3989.88037109375,5324,13884.48828125,15654,53997.6796875,17582,41466.3671875,38610,27806.0,31764,1695997.125,1735619,0.6066324980687983,0.23525277916339335,0.8186622534074166,3.1838308503913297,1.6395074962170118,2.444955040091828
ADNI,ADNI-1183_S_PDBF0CC_AD_F_Accelerated_Sagittal_MPRAGE_(MSV21),1.0,15089.1181640625,11263,5839.68310546875,5324,14462.9873046875,15654,52136.28125,17582,42723.26171875,38610,34912.37890625,31764,1768796.875,1735619,0.8530724119502133,0.33015001258800564,0.8176737255196418,2.9475561601724336,1.9737924348294658,2.4153854138141218
ADNI,ADNI-0213_S_P1C988E_AD_F_Accelerated_Sagittal_MPRAGE_(MSV21),1.0,13936.8037109375,11263,5709.1396484375,5324,14293.548828125,15654,35766.359375,17582,44060.0625,38610,33493.38671875,31764,1759855.0,1735619,0.7919290913704538,0.3244096615026522,0.8122003703785254,2.0323469476178433,1.9031901332069974,2.5036189061030596
ADNI,ADNI-0428_S_PACB179_AD_M_Sagittal_3D_Accelerated_MPRAGE,1.0,15124.453125,11263,5429.51513671875,5324,13983.5458984375,15654,77660.6640625,17582,37969.3203125,38610,34113.078125,31764,1727809.375,1735619,0.8753542690437133,0.3142427177025099,0.8093222609373502,4.494747232315486,1.9743542672350647,2.1975410518015046
ADNI,ADNI-0592_S_PF3DD0E_AD_F_MPRAGE,1.0,11109.771484375,11263,3687.21875,5324,12222.939453125,15654,42471.82421875,17582,42164.4765625,38610,26715.57421875,31764,1724848.75,1735619,0.6441011992718202,0.21377055524433664,0.7086383344119304,2.4623506390777745,1.5488647464741474,2.444531821268386
ADNI,ADNI-1107_S_P2223F7_AD_F_MPRAGE_Repeat,1.0,13283.51171875,11263,5434.99365234375,5324,13970.0791015625,15654,40897.1484375,17582,42151.8203125,38610,32221.583984375,31764,1766809.25,1735619,0.7518362108841121,0.30761632317375237,0.7906953793434408,2.314746112943432,1.8237160567489106,2.385759544359415
ADNI,ADNI-0710_S_P730650_AD_M_Accelerated_Sagittal_MPRAGE,1.0,14574.54296875,11263,5117.89453125,5324,13676.90234375,15654,60099.1796875,17582,43637.48828125,38610,32949.78515625,31764,1712510.375,1735619,0.8510630464793535,0.2988533445381316,0.7986463932371797,3.5094198881860788,1.9240633888860381,2.5481590604232105
ADNI,ADNI-1305_S_PBDCA3D_AD_M_Sag_Accel_IR-FSPGR,1.0,11599.4326171875,11263,5938.6416015625,5324,14625.177734375,15654,39702.76953125,17582,46367.6796875,38610,31597.87890625,31764,1770001.875,1735619,0.6553344819020318,0.3355161192449302,0.8262803526338073,2.2430919476427107,1.7851890075681418,2.619640145155213
ADNI,ADNI-0709_S_P62C8E2_AD_F_Accelerated_Sagittal_MPRAGE,1.0,11788.431640625,11263,4821.53857421875,5324,13551.4169921875,15654,28578.28515625,17582,45773.48046875,38610,29765.220703125,31764,1760464.25,1735619,0.6696206208461774,0.2738788120360155,0.7697638274783201,1.6233380005444589,1.6907597358551871,2.600080090734589
ADNI,ADNI-0429_S_P9071CF_AD_F_Sagittal_3D_Accelerated_0_angle_MPRAGE,1.0,12507.142578125,11263,6084.16796875,5324,17625.568359375,15654,32311.66015625,17582,43969.79296875,38610,35676.5703125,31764,1776775.25,1735619,0.7039237280080866,0.34242755062858965,0.9919976293779982,1.818556407528189,2.00793940103004,2.4746963899204473
ADNI,ADNI-1334_S_P6FF7B2_AD_M_CS_Sagittal_MPRAGE_(MSV22),1.0,12830.173828125,11263,6617.64697265625,5324,14542.86328125,15654,65839.3359375,17582,44272.3671875,38610,33439.0234375,31764,1724543.75,1735619,0.7439749689229397,0.3837332032113566,0.843287581498005,3.8177828737310953,1.9390069656104694,2.5671930438123125
ADNI,ADNI-2041_S_PCE1FCF_AD_M_Accelerated_Sagittal_MPRAGE_(MSV21),1.0,12767.1435546875,11263,5819.71484375,5324,16027.7265625,15654,34781.88671875,17582,41409.609375,38610,34107.82421875,31764,1778638.0,1735619,0.7178044973000408,0.3272006357533124,0.9011235879644987,1.9555348934831032,1.9176372155969905,2.328163986994543
ADNI,ADNI-0857_S_PA98C80_AD_F_Accelerated_Sagittal_MPRAGE_(MSV21),1.0,10649.263671875,11263,4231.56640625,5324,11864.294921875,15654,44849.875,17582,40228.16796875,38610,26403.99609375,31764,1754038.75,1735619,0.6071281875542943,0.24124703095926475,0.6763986783002941,2.5569489271545454,1.5053257001163742,2.293459478517792
ADNI,ADNI-1407_S_P20F99D_AD_M_Accelerated_Sagittal_MPRAGE_ND,1.0,12432.3046875,11263,4844.154296875,5324,13005.4970703125,15654,55324.015625,17582,39470.859375,38610,29915.74609375,31764,1727434.0,1735619,0.7196978111754198,0.2804248554141576,0.7528795352130675,3.2026702973890755,1.7318025518630524,2.2849416750509715
ADNI,ADNI-0738_S_P35F439_AD_F_Accelerated_Sagittal_MPRAGE_(MSV21),1.0,14813.607421875,11263,5844.029296875,5324,15551.564453125,15654,43512.10546875,17582,49958.875,38610,35738.6640625,31764,1753841.375,1735619,0.8446378123491926,0.33321310468428195,0.8867144243945665,2.4809601420624485,2.0377363980536725,2.848540108138343
ADNI,ADNI-2037_S_P3C028F_AD_F_Accelerated_Sagittal_MPRAGE_(MSV21),1.0,14914.900390625,11263,5440.10546875,5324,13981.8671875,15654,78521.2578125,17582,40574.984375,38610,33901.375,31764,1726796.0,1735619,0.8637326233454907,0.3150404256640622,0.8096999985811874,4.547222591000906,1.963253042050132,2.3497265672957313
ADNI,ADNI-2042_S_PC54653_AD_M_Accelerated_Sagittal_MPRAGE_(MSV21),1.0,12742.73828125,11263,6180.7099609375,5324,14448.2421875,15654,33450.65625,17582,42815.18359375,38610,32912.8359375,31764,1766044.25,1735619,0.7215412796848097,0.34997480730947145,0.8181132600443052,1.8941006857557503,1.8636472974841938,2.424355085879077
ADNI,ADNI-2043_S_P2F75A8_AD_F_Accelerated_Sagittal_MPRAGE_(MSV21),1.0,12975.5751953125,11263,6788.82861328125,5324,16471.16015625,15654,12308.9150390625,17582,40737.265625,38610,35671.828125,31764,1804040.75,1735619,0.7192506707685233,0.3763123761634126,0.9130148615683986,0.6822969513888475,1.9773293992943344,2.2581122751800367
ADNI,ADNI-0786_S_P9A2292_AD_M_Accelerated_Sagittal_MPRAGE_(MSV21),1.0,12480.6083984375,11263,5804.67529296875,5324,15542.224609375,15654,41214.38671875,17582,45568.65625,38610,33352.3515625,31764,1758560.875,1735619,0.7097057927231265,0.33008099836002264,0.883803616373246,2.3436428789392916,1.8965707719671634,2.591247018958044
ADNI,ADNI-0739_S_P30FCF4_AD_F_Accelerated_Sagittal_MPRAGE_(MSV21),1.0,11064.2763671875,11263,4581.37890625,5324,12497.4072265625,15654,51576.55859375,17582,43632.58203125,38610,27782.267578125,31764,1736926.25,1735619,0.6370032329920455,0.26376358272264006,0.7195128305857833,2.969415574999226,1.599507611686161,2.512057263873466
ADNI,ADNI-0404_S_PB67FF4_AD_M_Sagittal_3D_Accelerated_MPRAGE_(MSV21),1.0,11499.556640625,11263,5523.75,5324,14892.21484375,15654,19822.60546875,17582,46867.6484375,38610,31459.0078125,31764,1748567.25,1735619,0.6576559546465829,0.315901490205767,0.8516809887495034,1.1336484466782732,1.7991305631796548,2.6803457766637226
ADNI,ADNI-0827_S_P139A89_AD_M_Accelerated_Sagittal_MPRAGE,1.0,10989.6474609375,11263,4490.6416015625,5324,11832.24609375,15654,41075.9453125,17582,41195.1015625,38610,26970.80078125,31764,1749519.25,1735619,0.6281524173533672,0.2566786047974322,0.6763141413705508,2.347841860699732,1.5416121189435326,2.354652660295107
ADNI,ADNI-1880_S_P0805A4_AD_F_CS_Sagittal_MPRAGE_(MSV22),1.0,12892.00390625,11263,5609.4833984375,5324,14233.2724609375,15654,33712.53515625,17582,42637.28125,38610,32264.23828125,31764,1767020.75,1735619,0.7295898424650644,0.31745430258459045,0.8054954906974068,1.9078743221464718,1.8259116810739207,2.4129474003064195
ADNI,ADNI-1438_S_P6D1507_AD_F_Accelerated_Sagittal_MPRAGE_ND,1.0,12278.8642578125,11263,4690.349609375,5324,12446.943359375,15654,49679.390625,17582,47103.21484375,38610,29033.94140625,31764,1728933.375,1735619,0.7101988101659787,0.27128573473081347,0.7199203589539707,2.8734126683742223,1.6792978738263988,2.724408905794302
ADNI,ADNI-0282_S_PD1DD2C_AD_F_Accelerated_Sagittal_MPRAGE_(MSV21),1.0,12896.16796875,11263,5939.32275390625,5324,15629.474609375,15654,21243.080078125,17582,46120.88671875,38610,33992.515625,31764,1768522.125,1735619,0.7292059164230134,0.3358353661482324,0.883759065743947,1.201176947567167,1.9220859690969376,2.6078772816455436
ADNI,ADNI-0748_S_PFE9C8D_AD_F_Accelerated_Sagittal_MPRAGE_(MSV21),1.0,13582.0654296875,11263,5411.27783203125,5324,13847.8056640625,15654,57905.41796875,17582,41980.6015625,38610,32400.15625,31764,1760690.5,1735619,0.7714056178350198,0.307338389798278,0.786498573375758,3.288790276811853,1.8401960054876199,2.3843260108747106
ADNI,ADNI-2002_S_PFAB59F_AD_M_Accelerated_Sagittal_MPRAGE_(MSV21),1.0,15200.716796875,11263,5002.87548828125,5324,13514.5859375,15654,58792.43359375,17582,44632.6796875,38610,33339.265625,31764,1723726.375,1735619,0.8818520745135666,0.29023605839304106,0.784033135044418,3.410775309030704,1.9341390900861515,2.589313497480132
ADNI,ADNI-1649_S_P1B553E_AD_F_MP-RAGE_REPEAT,1.0,15980.9794921875,11263,5311.0048828125,5324,13394.263671875,15654,51355.76171875,17582,43193.35546875,38610,34288.71484375,31764,1713750.125,1735619,0.9325151466983846,0.3099054410171086,0.7815762331089545,2.9966890137353017,2.0008001367031265,2.520399843515693
ADNI,ADNI-0730_S_P99ACD5_AD_M_Accelerated_Sagittal_MPRAGE_(MSV21),1.0,11817.189453125,11263,5561.7607421875,5324,13845.52734375,15654,43387.9296875,17582,48007.87890625,38610,30766.1640625,31764,1737947.75,1735619,0.6799507898396254,0.3200188695078722,0.7966595856377154,2.4965036887616443,1.7702582866774907,2.7623315434108995
ADNI,ADNI-0380_S_P95FECE_AD_F_MPRAGE,1.0,16380.5234375,11263,5682.4130859375,5324,15043.2412109375,15654,54690.8671875,17582,39554.08984375,38610,36652.53125,31764,1750624.375,1735619,0.9356960677244083,0.32459350886951405,0.8593071949508014,3.1240777843904977,2.093683360829475,2.2594275738763203
ADNI,ADNI-0218_S_P724FD5_AD_M_Accelerated_Sagittal_MPRAGE_(MSV21),1.0,13825.2001953125,11263,6061.32421875,5324,15760.4814453125,15654,43354.41015625,17582,41180.9921875,38610,35140.11328125,31764,1745862.375,1735619,0.7918837356989551,0.3471822467535564,0.9027333237141616,2.4832661942353846,2.0127653693923038,2.3587765437410266
ADNI,ADNI-2046_S_PC5A0F5_AD_F_Accelerated_Sagittal_MPRAGE_(MSV21),1.0,14035.455078125,11263,5890.580078125,5324,14599.5478515625,15654,60669.3125,17582,41231.5078125,38610,34054.453125,31764,1747953.875,1735619,0.80296484242898,0.33699859946962274,0.8352364476186478,3.470876055010319,1.9482466678361292,2.358844154998083
ADNI,ADNI-0643_S_P10BB22_AD_M_Accelerated_Sagittal_IR-FSPGR,1.0,12250.158203125,11263,6531.93115234375,5324,15839.490234375,15654,36652.375,17582,41780.71875,38610,34080.51171875,31764,1752967.75,1735619,0.6988239346174508,0.3726212962185842,0.903581382736505,2.090875602246533,1.944160793531427,2.383427689984599
ADNI,ADNI-0285_S_PF6DBE5_AD_F_Accelerated_Sagittal_MPRAGE_(MSV21),1.0,15430.646484375,11263,6480.25146484375,5324,15816.84375,15654,33957.21484375,17582,41890.3984375,38610,37216.8515625,31764,1761776.75,1735619,0.8758570848647538,0.3678247805713039,0.8977779818016103,1.9274414220615637,2.1124612731153363,2.3777359099272934
ADNI,ADNI-1949_S_PED878C_AD_F_Accelerated_Sagittal_MPRAGE_(MSV21),1.0,13909.658203125,11263,5904.833984375,5324,15144.935546875,15654,51340.30859375,17582,40775.37890625,38610,34472.89453125,31764,1779010.875,1735619,0.7818759513274477,0.33191668850113126,0.8513121397796402,2.885890655038857,1.9377562563382307,2.2920252753513943
ADNI,ADNI-1942_S_PC8948D_AD_M_Accelerated_Sagittal_MPRAGE_(MSV21),1.0,13935.927734375,11263,6549.3115234375,5324,15256.7734375,15654,40732.890625,17582,42436.9296875,38610,35209.80859375,31764,1763847.75,1735619,0.7900867710591801,0.3713082108950447,0.8649711086175096,2.3093201000483177,1.9961931858206015,2.40592929222491
ADNI,ADNI-1810_S_P2B4331_AD_F_Accelerated_Sagittal_MPRAGE,1.0,14466.2177734375,11263,4694.3955078125,5324,14426.2236328125,15654,55174.625,17582,41966.765625,38610,33221.1640625,31764,1736604.625,1735619,0.8330173469068989,0.27032033890918034,0.8307143390691188,3.1771552491402586,1.9129952543170268,2.4165987479735063
ADNI,ADNI-1981_S_PD1601F_AD_F_Accelerated_Sagittal_MPRAGE_(MSV21),1.0,12913.8203125,11263,6316.75,5324,15209.0859375,15654,35487.6796875,17582,43078.640625,38610,33974.0390625,31764,1751243.5,1735619,0.7374086077978306,0.3607008391465836,0.8684735125355212,2.0264274892383614,1.93999515558516,2.459888680529007
ADNI,ADNI-1979_S_PD7BBB5_AD_F_Accelerated_Sagittal_MPRAGE_(MSV21),1.0,13286.06640625,11263,6681.90673828125,5324,15132.845703125,15654,21362.55078125,17582,43735.4375,38610,34579.12890625,31764,1734204.625,1735619,0.7661187275550023,0.38530094095910106,0.8726101571275074,1.2318356480712305,1.9939474504774777,2.5219306228064062
ADNI,ADNI-1962_S_PC3AECD_AD_F_Accelerated_Sagittal_MPRAGE_(MSV21),1.0,12092.8515625,11263,5468.1044921875,5324,13284.9111328125,15654,19949.712890625,17582,45003.11328125,38610,30424.833984375,31764,1762014.625,1735619,0.6863082400635578,0.3103325258828371,0.7539614566373137,1.1322104032266473,1.726707233453014,2.554071495362872
ADNI,ADNI-1968_S_PEA899F_AD_F_Accelerated_Sagittal_MPRAGE_(MSV21),1.0,13295.15234375,11263,5865.3271484375,5324,14374.57421875,15654,16232.3291015625,17582,47533.28125,38610,33063.0078125,31764,1798877.5,1735619,0.7390804734480253,0.3260548396673759,0.799085775365471,0.9023587821606808,1.8379799520812283,2.6423856682848057
ADNI,ADNI-1967_S_PBE2962_AD_F_Accelerated_Sagittal_MPRAGE_(MSV21),1.0,13172.8515625,11263,5070.291015625,5324,13639.705078125,15654,53631.3203125,17582,44112.51171875,38610,31461.30078125,31764,1739337.625,1735619,0.7573487385751229,0.2915070048936014,0.7841896180521594,3.083433575036934,1.8088093035560016,2.536167279124431
ADNI,ADNI-1976_S_P476C97_AD_F_Accelerated_Sagittal_MPRAGE_(MSV21),1.0,12913.212890625,11263,5141.6103515625,5324,15425.0947265625,15654,27075.275390625,17582,40614.90625,38610,33047.015625,31764,1769956.125,1735619,0.7295781351995377,0.2904936613365204,0.8714958810949339,1.5297144945118344,1.8671093118198059,2.2946843526982907
ADNI,ADNI-1954_S_PB15452_AD_M_Accelerated_Sagittal_MPRAGE_(MSV21),1.0,12413.7099609375,11263,6058.4638671875,5324,15309.142578125,15654,22278.896484375,17582,45624.1953125,38610,33343.609375,31764,1770861.875,1735619,0.7009982052348098,0.34211950422093196,0.8645023530208984,1.258082112382424,1.8829028873299336,2.5763836218169187
ADNI,ADNI-1964_S_PEAC3D5_AD_F_Accelerated_Sagittal_MPRAGE_(MSV21),1.0,11230.669921875,11263,5370.7998046875,5324,15572.310546875,15654,13507.953125,17582,41262.83203125,38610,31719.212890625,31764,1763749.625,1735619,0.6367496702869604,0.3045103300695245,0.8829093611784609,0.765865683741818,1.7983965774408033,2.3394948719691437
ADNI,ADNI-2039_S_P96E0E5_AD_F_Accelerated_Sagittal_MPRAGE_(MSV21),1.0,10845.00390625,11263,5241.8955078125,5324,13826.20703125,15654,25345.6953125,17582,48048.859375,38610,29494.4453125,31764,1746454.125,1735619,0.62097273275071,0.30014504433733696,0.7916730725034075,1.4512660223754803,1.688818783745608,2.751223675858076
ADNI,ADNI-0215_S_PBCA507_AD_F_Accelerated_Sagittal_MPRAGE_(MSV21),1.0,13139.91796875,11263,5621.7373046875,5324,13379.0009765625,15654,49422.9921875,17582,42556.375,38610,31686.498046875,31764,1748646.75,1735619,0.7514335281697119,0.32149073588976734,0.7651059870475554,2.826356563296732,1.8120582700236625,2.433674783085835
ADNI,ADNI-2049_S_PB8D99D_AD_F_Accelerated_Sagittal_MPRAGE_(MSV21),1.0,12677.189453125,11263,5726.7607421875,5324,13512.755859375,15654,58834.8359375,17582,40811.40234375,38610,31484.859375,31764,1740095.0,1735619,0.7285343302017994,0.3291062121428715,0.7765527663360334,3.3811278083955183,1.8093758889600857,2.3453548423361945
ADNI,ADNI-1306_S_P691144_AD_M_Sag_Accel_IR-FSPGR,1.0,13413.330078125,11263,5828.6923828125,5324,15930.7021484375,15654,51729.15625,17582,45136.0859375,38610,34666.09375,31764,1743159.625,1735619,0.7694837515597575,0.3343751369191161,0.9138980687690893,2.967551307872909,1.9886930177148865,2.5893260313151183
ADNI,ADNI-1307_S_P58BDCC_AD_F_Sag_Accel_IR-FSPGR,1.0,12559.9453125,11263,5289.6533203125,5324,14523.392578125,15654,46108.2109375,17582,38425.80859375,38610,31886.55859375,31764,1763705.875,1735619,0.712133779817454,0.29991697568691833,0.8234588762213542,2.614280056049595,1.8079294878886765,2.1786970910753474
ADNI,ADNI-0754_S_P6D9D48_AD_F_Accelerated_Sagittal_MPRAGE_(MSV21),1.0,11692.013671875,11263,5291.68994140625,5324,14211.2734375,15654,30065.091796875,17582,44451.046875,38610,30755.1328125,31764,1762973.125,1735619,0.6631986333810392,0.3001571530709664,0.8060969980753393,1.7053630240038402,1.7445037803681778,2.521368377354022
ADNI,ADNI-2007_S_P380ECB_AD_M_Accelerated_Sagittal_MPRAGE_(MSV21),1.0,16172.80859375,11263,6095.51611328125,5324,15346.16796875,15654,68357.2109375,17582,41951.875,38610,37146.41015625,31764,1722730.625,1735619,0.9387891733653949,0.3538287428588117,0.8908048505116695,3.9679570297010303,2.15625180264326,2.435196448661264
ADNI,ADNI-0761_S_P919B0B_AD_M_Accelerated_Sagittal_MPRAGE_(MSV21),1.0,14277.60546875,11263,6638.5830078125,5324,16010.44140625,15654,52190.58984375,17582,44984.4921875,38610,36393.99609375,31764,1746533.25,1735619,0.8174826026787638,0.380100579694804,0.9166983454938519,2.988239121342236,2.0837848975248536,2.5756447629897683
ADNI,ADNI-1466_S_P560192_AD_M_Accelerated_Sagittal_MPRAGE_(MSV21),1.0,11509.5078125,11263,5404.4306640625,5324,14054.138671875,15654,42188.10546875,17582,46472.109375,38610,30542.5390625,31764,1771666.75,1735619,0.6496429315784134,0.3050478124095573,0.7932721360760989,2.3812664243289547,1.723943798262286,2.6230728422825567
ADNI,ADNI-1498_S_PD906AD_AD_M_Accelerated_Sagittal_IR-FSPGR,1.0,15050.8525390625,11263,7124.47216796875,5324,17381.79296875,15654,42260.55078125,17582,44898.2890625,38610,38952.32421875,31764,1756447.625,1735619,0.856891621750606,0.4056182528055028,0.98959927534133,2.406023964491967,2.2176763863795825,2.556198569399415
ADNI,ADNI-0828_S_PF619FB_AD_F_Accelerated_Sagittal_MPRAGE,1.0,12600.73046875,11263,4577.0087890625,5324,13420.2919921875,15654,38118.125,17582,42710.38671875,38610,30226.91015625,31764,1731444.0,1735619,0.7277584760898995,0.2643463368761854,0.7750924657215307,2.2015222554122453,1.7457630830826756,2.4667495292224295
ADNI,ADNI-0149_S_P085ECB_AD_M_Accelerated_Sagittal_MPRAGE_(MSV21),1.0,13166.361328125,11263,5456.90234375,5324,14942.583984375,15654,63307.0625,17582,39999.43359375,38610,33129.37890625,31764,1746402.125,1735619,0.7539134967626657,0.3124653976099577,0.8556210377020127,3.624999167932185,1.8970074779455504,2.2903907995273425
ADNI,ADNI-1226_S_P45215A_AD_M_Accelerated_Sagittal_MPRAGE_(MSV21),1.0,13428.8349609375,11263,5336.02783203125,5324,14517.1884765625,15654,48802.5703125,17582,40060.78125,38610,32818.453125,31764,1738110.0,1735619,0.7726113399576264,0.3070017336089919,0.8352284076705444,2.8077952668415693,1.888168937811761,2.304847291023008
ADNI,ADNI-1653_S_P5C5D9F_AD_M_Sagittal_3D_Accelerated_MPRAGE_(MSV21),1.0,12001.6669921875,11263,4943.9619140625,5324,13110.8896484375,15654,44973.8515625,17582,45020.82421875,38610,29691.1328125,31764,1731965.75,1735619,0.6929505962913817,0.28545379226249135,0.75699474128963,2.5966940490884416,1.7143025381708616,2.5994061498473626
ADNI,ADNI-1928_S_P4EC27E_AD_M_Accelerated_Sagittal_MPRAGE,1.0,12867.34765625,11263,4796.8623046875,5324,14120.32421875,15654,38619.83984375,17582,49191.49609375,38610,31378.158203125,31764,1751008.375,1735619,0.7348535758002871,0.27394856433439385,0.8064110041021363,2.205577106034687,1.792005032707225,2.809323861386442
ADNI,ADNI-0870_S_P61611E_AD_M_Accelerated_Sagittal_MPRAGE_(MSV21),1.0,13858.9208984375,11263,6230.96728515625,5324,15948.236328125,15654,41626.0390625,17582,46703.625,38610,35542.31640625,31764,1765721.625,1735619,0.7848870797194603,0.35288502994667975,0.9032135135188708,2.357451960328118,2.012905992826021,2.6450163116737047
ADNI,ADNI-1927_S_P5FFBB3_AD_F_Accelerated_Sagittal_MPRAGE,1.0,14921.9404296875,11263,5875.6689453125,5324,14295.314453125,15654,32968.39453125,17582,42435.83203125,38610,34595.09375,31764,1782083.125,1735619,0.8373313354666045,0.329707905477894,0.8021687794796329,1.8499919599008603,1.941272731034923,2.381248744008504
ADNI,ADNI-1686_S_P46A945_AD_M_Accelerated_Sagittal_MPRAGE_(MSV22),1.0,11456.310546875,11263,5457.29150390625,5324,14138.34765625,15654,44738.84375,17582,39482.0859375,38610,30594.2109375,31764,1780654.375,1735619,0.6433764299079657,0.3064767413893137,0.793997299798845,2.512494528872286,1.7181442601684003,2.2172795850682703
ADNI,ADNI-2008_S_PCD89AB_AD_M_Accelerated_Sagittal_MPRAGE_(MSV21),1.0,17473.822265625,11263,6075.240234375,5324,15871.73828125,15654,53959.984375,17582,52783.60546875,38610,38939.296875,31764,1741459.25,1735619,1.003401157140197,0.348859167067791,0.9114045178633953,3.0985499301806807,2.236015391976585,3.03099859894798
ADNI,ADNI-0612_S_P768E94_AD_F_HS_Sagittal_MPRAGE_(MSV22),1.0,13721.859375,11263,5910.43603515625,5324,16184.033203125,15654,50060.2734375,17582,41656.390625,38610,35306.61328125,31764,1796506.5,1735619,0.7638079447527744,0.3289960840751898,0.9008613775193689,2.7865345011276053,1.9652928214426164,2.318744219684148
ADNI,ADNI-0145_S_P2164FD_AD_M_Sagittal_3D_Accelerated_MPRAGE,1.0,12827.2626953125,11263,6298.67578125,5324,15805.302734375,15654,59127.4140625,17582,42939.8671875,38610,34426.16796875,31764,1762710.75,1735619,0.7277009398911591,0.35732894811301286,0.8966475489172004,3.3543458030479476,1.9530242252593057,2.436013236289618
ADNI,ADNI-2023_S_P987F05_AD_M_CS_Sagittal_MPRAGE_(MSV22),1.0,15499.4140625,11263,6827.22705078125,5324,14269.369140625,15654,63805.578125,17582,43721.4296875,38610,36059.59375,31764,1734692.125,1735619,0.8934965368854719,0.3935699570193904,0.8225879932800755,3.67820763151271,2.078731622189154,2.520414375403935
ADNI,ADNI-0331_S_P746CD0_AD_M_Accelerated_Sagittal_MPRAGE_(MSV21),1.0,13361.283203125,11263,6111.18505859375,5324,15633.2919921875,15654,32931.47265625,17582,49391.90625,38610,34643.48828125,31764,1774902.125,1735619,0.7527898589408134,0.344311101582221,0.8807974125439452,1.855396542288212,1.9518534455104108,2.782796051359733
ADNI,ADNI-0106_S_P3986B3_AD_M_Accelerated_Sagittal_MPRAGE_(MSV21),1.0,14463.552734375,11263,6123.583984375,5324,14391.513671875,15654,62738.6640625,17582,41533.71875,38610,34457.0546875,31764,1746723.5,1735619,0.8280390533690649,0.3505754622511806,0.8239148137570143,3.5917913775420094,1.9726679515962315,2.377807291766556
ADNI,ADNI-0203_S_PABA3C1_AD_F_HS_Sagittal_MPRAGE_(MSV22),1.0,12812.255859375,11263,5417.9130859375,5324,16456.310546875,15654,24827.265625,17582,39596.59375,38610,34221.63671875,31764,1792219.375,1735619,0.7148821197949051,0.30230189236390215,0.9182084948096825,1.3852805059090492,1.9094557952064322,2.2093608797193145
ADNI,ADNI-2009_S_P2D12C7_AD_M_Accelerated_Sagittal_MPRAGE_(MSV22),1.0,11147.11328125,11263,5720.796875,5324,15407.5595703125,15654,44700.62890625,17582,36609.375,38610,31837.609375,31764,1797312.5,1735619,0.6202100792850437,0.31829728413951386,0.8572554617136697,2.4870816236046878,1.771400876308377,2.0368953646068784
ADNI,ADNI-0514_S_P49FA74_AD_F_Sagittal_3D_Accelerated_MPRAGE,1.0,10047.201171875,11263,4109.83984375,5324,12291.109375,15654,34167.515625,17582,44318.453125,38610,26122.314453125,31764,1740844.0,1735619,0.5771454060142667,0.23608317826008535,0.7060431247716625,1.9626983018007356,1.500554584622459,2.5458026753115157
ADNI,ADNI-1717_S_P5F8128_AD_F_Accelerated_Sag_IR-FSPGR,1.0,11570.27734375,11263,5470.46826171875,5324,13943.568359375,15654,33245.48046875,17582,41326.0234375,38610,30537.84375,31764,1762474.125,1735619,0.6564792741992737,0.3103857346966016,0.7911360604726608,1.8862960878219985,1.7326690540776024,2.3447733417079246
ADNI,ADNI-0245_S_P58883F_AD_M_MPRAGEadni,1.0,12132.63671875,11263,5632.37744140625,5324,15410.697265625,15654,51695.0078125,17582,40619.90234375,38610,32677.771484375,31764,1769750.0,1735619,0.6855565316428874,0.3182583665153977,0.8707838545345388,2.9210344858030797,1.8464625785774826,2.2952339225173044
ADNI,ADNI-0385_S_PF95BD5_AD_M_MPRAGE,1.0,15779.21875,11263,5969.314453125,5324,16160.005859375,15654,51056.23046875,17582,41204.25,38610,37427.16015625,31764,1746029.0,1735619,0.9037203133510382,0.3418794563621223,0.9255290639144595,2.9241341620757733,2.1435589074551453,2.3598834841803886
ADNI,ADNI-0782_S_PDF7CEF_AD_M_Accelerated_Sagittal_MPRAGE,1.0,15764.5703125,11263,5497.76025390625,5324,14938.65234375,15654,52096.515625,17582,36679.58984375,38610,35788.296875,31764,1726604.75,1735619,0.9130387433777186,0.3184145215577711,0.8652039410727903,3.017280916492324,2.072755613292504,2.12437674828301
ADNI,ADNI-0433_S_P3BEBE1_AD_M_Sagittal_3D_Accelerated_0_angle_MPRAGE,1.0,17370.390625,11263,6627.51708984375,5324,16840.25390625,15654,63964.72265625,17582,45414.41796875,38610,40232.9609375,31764,1760920.75,1735619,0.9864379544053871,0.37636657355782477,0.9563322998067914,3.6324589085709844,2.2847684052504915,2.5790154365975866
ADNI,ADNI-0354_S_P2B299A_AD_M_Accelerated_Sagittal_MPRAGE,1.0,12403.09765625,11263,5810.19921875,5324,13976.46875,15654,32765.029296875,17582,46224.4921875,38610,31750.728515625,31764,1747863.625,1735619,0.70961472501895,0.3324171940902998,0.7996315358985744,1.8745758438033173,1.8165449558814981,2.644628077748343
ADNI,ADNI-0235_S_P9F324A_AD_M_Accelerated_Sagittal_MPRAGE,1.0,10518.7275390625,11263,3859.35595703125,5324,12971.505859375,15654,52179.625,17582,39589.953125,38610,27025.26953125,31764,1744364.875,1735619,0.6030118864358869,0.22124705744440365,0.7436234268002558,2.991325137752501,1.5492899403429,2.2695912817552
ADNI,ADNI-1252_S_P7A5A2B_AD_F_Accelerated_Sagittal_MPRAGE_ND,1.0,13134.916015625,11263,4140.0458984375,5324,12259.84375,15654,69009.7734375,17582,43168.4765625,38610,29182.66015625,31764,1717124.0,1735619,0.7649369536285673,0.24110349039658754,0.7139754467353552,4.018916131712095,1.6995080236634046,2.513998788817814
ADNI,ADNI-1704_S_P40C151_AD_M_Accelerated_Sag_IR-FSPGR,1.0,17397.71875,11263,6229.2734375,5324,15593.986328125,15654,63522.05859375,17582,37729.07421875,38610,38748.94140625,31764,1757536.5,1735619,0.9898923151809365,0.35443209500912215,0.887263867812987,3.6142668214145197,2.204730394290531,2.146702171974807
ADNI,ADNI-1087_S_P027C7D_AD_M_Accelerated_Sagittal_IR-FSPGR,1.0,16635.466796875,11263,7954.9365234375,5324,16573.984375,15654,61763.96484375,17582,45515.14453125,38610,40515.85546875,31764,1757234.75,1735619,0.9466843742348596,0.45269629020468094,0.9431855575926893,3.514838574854612,2.305659814020295,2.5901573213965863
ADNI,ADNI-1855_S_P5B2808_AD_F_Accelerated_Sagittal_MPRAGE,1.0,13626.943359375,11263,5243.9609375,5324,13953.935546875,15654,57689.22265625,17582,43744.85546875,38610,32436.83203125,31764,1745404.0,1735619,0.780732905354577,0.300443962400682,0.799467375282456,3.305207427979425,1.858413985028681,2.506288255827877
ADNI,ADNI-0536_S_P49CFEC_AD_M_MPRAGE_Repeat,1.0,15719.427734375,11263,6295.7265625,5324,14776.7783203125,15654,52933.046875,17582,42176.89453125,38610,36273.44921875,31764,1729208.75,1735619,0.9090532149097095,0.36408135006834774,0.8545398767102295,3.0611137536170805,2.097690589337464,2.439086346934689
ADNI,ADNI-0274_S_P19F4D6_AD_F_Accelerated_Sagittal_MPRAGE,1.0,15744.228515625,11263,6418.08544921875,5324,15359.74609375,15654,73999.234375,17582,40917.1953125,38610,37046.3828125,31764,1722527.375,1735619,0.9140190596753216,0.37259700730264156,0.8916982288162474,4.295968554636178,2.150699219656814,2.3754162578983684
ADNI,ADNI-1580_S_PB28FF6_AD_M_Accelerated_Sag_IR-FSPGR,1.0,16044.8349609375,11263,7473.9677734375,5324,16857.23828125,15654,36136.828125,17582,46173.2265625,38610,39757.71484375,31764,1768889.875,1735619,0.9070567471554722,0.42252306822873864,0.9529840449366583,2.042909998848854,2.2476082545133003,2.610294016324787
ADNI,ADNI-0092_S_PA842B5_AD_F_MP-RAGE_REPEAT,1.0,14561.546875,11263,4521.8505859375,5324,12721.921875,15654,66353.9140625,17582,37637.7265625,38610,31431.34375,31764,1725394.875,1735619,0.8439544527452013,0.26207627317413357,0.737333932036862,3.845723377525391,1.8216898754843003,2.1813978416100257
ADNI,ADNI-1276_S_P7F0142_AD_M_Accelerated_Sagittal_MPRAGE,1.0,12728.23046875,11263,5680.2529296875,5324,14346.9921875,15654,58255.0078125,17582,45331.3125,38610,32314.828125,31764,1727753.25,1735619,0.7366926075092031,0.32876528692320506,0.8303843264366598,3.3717203433129126,1.870338147244116,2.623714497426065
ADNI,ADNI-1624_S_P450BE4_AD_F_Sagittal_3D_Accelerated_MPRAGE,1.0,11972.6455078125,11263,5706.21484375,5324,16636.57421875,15654,38040.6328125,17582,42464.69140625,38610,33847.765625,31764,1786099.125,1735619,0.670323686979719,0.3194791802918553,0.9314474200165122,2.129816440758852,1.895066469225217,2.377510341496304
ADNI,ADNI-1538_S_PF6F607_AD_M_Accelerated_Sagittal_IR-FSPGR,1.0,13079.1015625,11263,6847.2529296875,5324,17503.392578125,15654,30410.853515625,17582,44647.0390625,38610,36802.98046875,31764,1788107.125,1735619,0.7314495524142605,0.38293303762141767,0.9788782972454741,1.7007288372403864,2.0582089268700834,2.4968883820369543
ADNI,ADNI-1934_S_P5C5FAA_AD_M_Accelerated_Sagittal_MPRAGE,1.0,16476.17578125,11263,6152.017578125,5324,16458.46484375,15654,45919.71484375,17582,45491.5703125,38610,38590.6328125,31764,1757062.5,1735619,0.9377114235407108,0.3501308336001138,0.9367034379112866,2.6134366218475438,2.196315316757372,2.589069558567211
ADNI,ADNI-0783_S_PC33C3F_AD_F_Accelerated_Sagittal_MPRAGE,1.0,13672.318359375,11263,5458.6328125,5324,14354.173828125,15654,33976.23828125,17582,43984.94140625,38610,33023.78515625,31764,1755087.0,1735619,0.7790108615342146,0.31101779071350877,0.817861099086541,1.9358720269280099,1.8816038838103182,2.5061402315811123
ADNI,ADNI-1860_S_P355F73_AD_M_Accelerated_Sagittal_MPRAGE,1.0,10891.423828125,11263,4965.6376953125,5324,13954.0185546875,15654,21238.810546875,17582,44329.046875,38610,29417.44921875,31764,1770468.0,1735619,0.6151720239013074,0.28047034429950163,0.7881542368846824,1.1996156127574744,1.6615634520787723,2.5038039024145027
ADNI,ADNI-1541_S_P0D86A4_AD_M_Accelerated_Sagittal_IR-FSPGR,1.0,12503.8046875,11263,5789.3935546875,5324,16582.7109375,15654,38363.875,17582,40450.73828125,38610,34402.12109375,31764,1774150.125,1735619,0.7047771499889278,0.32631925974626863,0.9346847656141839,2.162380424260884,1.9390761023535141,2.2800065062842414
ADNI,ADNI-1587_S_P35CB75_AD_F_MPRAGE_SENSE_repeat,1.0,12150.1376953125,11263,6250.2939453125,5324,16060.291015625,15654,19967.345703125,17582,41777.390625,38610,33905.3984375,31764,1798288.75,1735619,0.6756499864280695,0.3475689844199103,0.8930874430274337,1.1103525895451996,1.8854257102759497,2.323174775185576
ADNI,ADNI-0079_S_P1AF23D_AD_F_Accelerated_Sagittal_MPRAGE,1.0,15433.580078125,11263,6351.8408203125,5324,15781.37109375,15654,43622.63671875,17582,44472.0234375,38610,37084.1484375,31764,1725018.5,1735619,0.8946906991504728,0.36821870723777744,0.9148522809320596,2.528821384741671,2.1497826508817153,2.578060666450823
ADNI,ADNI-1897_S_PC15C32_AD_M_Sagittal_3D_Accelerated_MPRAGE,1.0,13839.134765625,11263,6124.326171875,5324,14161.3720703125,15654,42252.2890625,17582,45252.5078125,38610,33608.4375,31764,1765215.5,1735619,0.7839912331171462,0.3469449578181814,0.8022460753552471,2.3936051469353172,1.9039283022384519,2.5635684601965028
ADNI,ADNI-1719_S_PFBCD54_AD_F_Accelerated_Sag_IR-FSPGR,1.0,13017.6298828125,11263,5732.48828125,5324,13872.1640625,15654,46498.23046875,17582,40714.33984375,38610,32188.421875,31764,1760573.0,1735619,0.7393973372766992,0.325603555277174,0.787934613475272,2.6410850597362336,1.8282923727104754,2.3125618672869575
ADNI,ADNI-1771_S_P90A260_AD_F_Accelerated_Sagittal_MPRAGE,1.0,12042.525390625,11263,5753.703125,5324,13009.12109375,15654,35377.8671875,17582,43008.55859375,38610,30364.31640625,31764,1765440.75,1735619,0.6821257179333262,0.3259074610688577,0.7368766747765395,2.003911328516689,1.7199283751805323,2.4361371852184788
ADNI,ADNI-1862_S_PA8B7DA_AD_F_Accelerated_Sagittal_MPRAGE,1.0,10372.439453125,11263,4604.65771484375,5324,12809.4521484375,15654,18084.693359375,17582,47227.5703125,38610,27399.76953125,31764,1810146.125,1735619,0.5730166924023883,0.25438044206755683,0.7076474087658255,0.9990736719873928,1.5136772193598458,2.6090473945853407
ADNI,ADNI-2092_S_P42109D_AD_M_Accelerated_Sagittal_MPRAGE,1.0,12483.703125,11263,6277.62158203125,5324,15007.0361328125,15654,35937.8671875,17582,47395.3828125,38610,33259.3671875,31764,1773808.25,1735619,0.7037797419760563,0.35390643729564625,0.8460348593379527,2.026028866846233,1.8750260738442275,2.671956386069351
ADNI,ADNI-0614_S_P2A1D36_AD_F_MPRAGE,1.0,15675.244140625,11263,4811.2861328125,5324,13346.3388671875,15654,56819.64453125,17582,47090.3828125,38610,33433.24609375,31764,1720806.5,1735619,0.9109242753688459,0.2795948372354765,0.7755862653463652,3.3019194506325955,1.9428823690374253,2.736529808116136
ADNI,ADNI-0718_S_P86324B_AD_M_Accelerated_Sagittal_MPRAGE,1.0,15472.732421875,11263,5367.59375,5324,14010.2607421875,15654,50225.73828125,17582,43977.5546875,38610,34417.16796875,31764,1745543.375,1735619,0.8864135170445134,0.3075027425199331,0.8026303409497056,2.8773698208015026,1.9717165704203712,2.519419185873854
ADNI,ADNI-0568_S_PE1B63F_AD_F_Accelerated_Sagittal_MPRAGE,1.0,18502.619140625,11263,6747.5380859375,5324,17141.4375,15654,78403.703125,17582,47026.96875,38610,41866.3515625,31764,1735932.875,1735619,1.0658602879806052,0.388698099051641,0.9874481753794773,4.516516983699614,2.411749449845519,2.709031520011971
ADNI,ADNI-0006_S_P22060F_AD_F_MPRAGE,1.0,11847.904296875,11263,5346.6728515625,5324,14274.1357421875,15654,30238.705078125,17582,46644.34375,38610,31083.5859375,31764,1758654.125,1735619,0.6736915535836246,0.30402071536166897,0.811651110885007,1.7194230888421562,1.767464420412968,2.6522750031931377
ADNI,ADNI-1707_S_P8AA62F_AD_M_Accelerated_Sag_IR-FSPGR,1.0,14020.6640625,11263,5469.080078125,5324,15338.65625,15654,57939.45703125,17582,43060.7734375,38610,34370.41796875,31764,1748741.375,1735619,0.8017574389752172,0.31274379140969316,0.8771254840356254,3.3132090233325666,1.9654374546236146,2.462386608625875
ADNI,ADNI-0518_S_P352758_AD_M_Accelerated_Sagittal_MPRAGE,1.0,19414.248046875,11263,7027.28759765625,5324,16193.91015625,15654,54383.20703125,17582,43298.05078125,38610,42097.58203125,31764,1764509.125,1735619,1.1002633974406337,0.39825736790430316,0.9177572349618764,3.0820587018075067,2.3857956547121852,2.453829802736214
ADNI,ADNI-1477_S_P6C8CB5_AD_F_Sagittal_3D_Accelerated_MPRAGE,1.0,13555.3359375,11263,5234.3955078125,5324,15716.3291015625,15654,48943.59375,17582,41768.0546875,38610,34047.00390625,31764,1744216.75,1735619,0.7771589131625986,0.30010005968653264,0.9010536736080823,2.806049979166867,1.9519938623597095,2.394659648091328
ADNI,ADNI-1401_S_P441C34_AD_M_Accelerated_Sagittal_MPRAGE,1.0,17820.724609375,11263,5255.83837890625,5324,13806.85546875,15654,54799.7734375,17582,41291.4140625,38610,36445.91796875,31764,1737160.25,1735619,1.0258538099392385,0.3025534563611072,0.794794577457664,3.154560636389187,2.0980170349137337,2.3769490501811794
ADNI,ADNI-0683_S_P0EEFF3_AD_F_MPRAGE_Repeat,1.0,13032.212890625,11263,4791.5185546875,5324,12548.6796875,15654,46976.58984375,17582,45068.62109375,38610,30006.703125,31764,1736629.875,1735619,0.7504312276457297,0.2759090249260799,0.7225880349144633,2.7050432864256697,1.7278697986811957,2.595177115316526
ADNI,ADNI-0956_S_PBE9868_AD_M_Accelerated_Sagittal_MPRAGE,1.0,15026.123046875,11263,4889.09619140625,5324,13847.0234375,15654,63737.99609375,17582,41949.12109375,38610,33369.60546875,31764,1727125.875,1735619,0.8700074073567453,0.28307700452963513,0.8017379415093298,3.6904082682305948,1.9320887928188788,2.4288398258030846
ADNI,ADNI-0617_S_P2E894C_AD_F_MPRAGE,1.0,10834.83203125,11263,5321.18359375,5324,13381.263671875,15654,25591.376953125,17582,46629.3828125,38610,29106.56640625,31764,1734039.75,1735619,0.6248318143370127,0.30686629840809587,0.7716814837650059,1.4758241241658387,1.678540898860594,2.689060779171873
ADNI,ADNI-0644_S_P52CE16_AD_M_Accelerated_Sagittal_IR-FSPGR,1.0,15058.548828125,11263,6173.0322265625,5324,15265.587890625,15654,54544.390625,17582,43494.6484375,38610,36027.15625,31764,1772091.5,1735619,0.8497613598465429,0.3483472623486146,0.8614446765657982,3.0779669461198815,2.033030249848837,2.4544245281634725
ADNI,ADNI-0351_S_P43EAF0_AD_M_Accelerated_Sagittal_MPRAGE,1.0,16716.40625,11263,5986.703125,5324,16467.728515625,15654,70025.8203125,17582,43232.0234375,38610,38683.0,31764,1712663.25,1735619,0.9760474658401177,0.34955518109003625,0.9615275224493198,4.088709225967218,2.2586460006075333,2.5242570854194484
ADNI,ADNI-1499_S_PBBD066_AD_M_Accelerated_Sagittal_IR-FSPGR,1.0,11973.07421875,11263,5046.3974609375,5324,12700.5,15654,50867.19140625,17582,42437.078125,38610,29352.146484375,31764,1760506.75,1735619,0.680092491480081,0.28664459599132464,0.721411604925684,2.8893494106881445,1.6672555492544971,2.4105035737579534
ADNI,ADNI-2093_S_P5FCA03_AD_F_Accelerated_Sagittal_MPRAGE,1.0,13631.013671875,11263,5884.5166015625,5324,14784.0693359375,15654,31211.689453125,17582,51605.7890625,38610,33809.28515625,31764,1729099.0,1735619,0.7883304352078742,0.34032271151406024,0.8550157819730102,1.8050840034679911,1.9553122843891528,2.9845479676120337
ADNI,ADNI-1720_S_PB4A9DD_AD_F_Accelerated_Sag_IR-FSPGR,1.0,13535.814453125,11263,5730.2451171875,5324,14562.5234375,15654,48271.9453125,17582,42414.90234375,38610,33381.734375,31764,1732488.25,1735619,0.7812932903368897,0.3307523221117084,0.8405553940986324,2.786278366534376,1.9268087027430054,2.4482072154746217
ADNI,ADNI-0842_S_P79D9FC_AD_M_Accelerated_Sagittal_MPRAGE_Phase_A-P,1.0,14675.6005859375,11263,6539.6611328125,5324,15224.07421875,15654,49074.1015625,17582,44813.703125,38610,35909.17578125,31764,1742517.75,1735619,0.8422066625110419,0.3752995418733898,0.8736825905360217,2.8162755623292792,2.060763844801581,2.5717788599283997
ADNI,ADNI-0277_S_PE50F70_AD_M_Accelerated_Sagittal_MPRAGE_ND,1.0,11421.5126953125,11263,4601.953125,5324,12350.1328125,15654,40012.33984375,17582,40778.4140625,38610,28021.14453125,31764,1753867.125,1735619,0.6512188142709214,0.2623889266981956,0.7041658194317315,2.281378062990376,1.5976777334970573,2.325057211075782
ADNI,ADNI-1133_S_P848A82_AD_F_Accelerated_Sagittal_MPRAGE,1.0,12109.1328125,11263,6351.4013671875,5324,15057.443359375,15654,26080.06640625,17582,44382.875,38610,33026.85546875,31764,1795989.625,1735619,0.6742317797353646,0.3536435444156589,0.8383925580513863,1.4521278989153403,1.8389223973802187,2.471221124119801
ADNI,ADNI-0379_S_P159ACC_AD_F_Accelerated_Sagittal_MPRAGE,1.0,13002.548828125,11263,5781.603515625,5324,14711.111328125,15654,25635.0078125,17582,45205.703125,38610,33070.71484375,31764,1771968.875,1735619,0.7337910395364591,0.32628132453088377,0.8302127388171533,1.4466962808531274,1.8663259445654767,2.5511567253121195
ADNI,ADNI-0365_S_P6082F9_AD_F_Accelerated_Sagittal_MPRAGE,1.0,13639.548828125,11263,6415.93310546875,5324,16208.75,15654,65163.78515625,17582,38595.7734375,38610,35729.4921875,31764,1745962.25,1735619,0.7812052539008217,0.36747261319474406,0.9283562688712199,3.7322562475935546,2.046406913293801,2.2105731918029727
ADNI,ADNI-0833_S_P415B9A_AD_F_Accelerated_Sagittal_MPRAGE_Phase_A-P,1.0,13006.267578125,11263,5426.08544921875,5324,14814.7421875,15654,33822.37890625,17582,43658.11328125,38610,32778.5234375,31764,1765577.375,1735619,0.7366580339264373,0.30732640359184205,0.8390876773384117,1.9156554329005264,1.8565328204605023,2.4727386009491656
ADNI,ADNI-1083_S_P9DE350_AD_F_Sagittal_3D_Accelerated_MPRAGE,1.0,12894.3359375,11263,6600.390625,5324,15780.9765625,15654,37701.984375,17582,43429.36328125,38610,34736.4296875,31764,1760969.75,1735619,0.73222926955446,0.3748156732959212,0.8961526205944197,2.1409785361162506,1.972573900687391,2.4662185867332473
ADNI,ADNI-0854_S_P43C246_AD_M_Accelerated_Sagittal_MPRAGE_Phase_A-P,1.0,12658.5927734375,11263,5029.3486328125,5324,14802.583984375,15654,47750.453125,17582,42868.3203125,38610,32058.60546875,31764,1731050.625,1735619,0.7312664685030514,0.2905373511426045,0.8551213795018272,2.7584665887515567,1.8519738825518173,2.476433657883345
ADNI,ADNI-0787_S_P5EB172_AD_F_Accelerated_Sagittal_MPRAGE,1.0,10751.9462890625,11263,4174.5712890625,5324,12281.1591796875,15654,43588.00390625,17582,44636.3125,38610,26872.58984375,31764,1717235.875,1735619,0.6261193610960696,0.24309830407325378,0.71517019638828,2.538265391540926,1.5648747056224876,2.5993116699824363
ADNI,ADNI-0528_S_P1E31F9_AD_F_MPRAGE_Repeat,1.0,12169.0673828125,11263,5212.52392578125,5324,14217.912109375,15654,37374.3828125,17582,44144.421875,38610,31177.72265625,31764,1721668.625,1735619,0.706818211478559,0.30275999981014057,0.8258216420349183,2.170823250757677,1.8109014826386813,2.564048692877818
ADNI,ADNI-1484_S_PE17A0D_AD_F_MP-RAGE,1.0,10322.41796875,11263,3888.380615234375,5324,12750.06640625,15654,32665.984375,17582,41402.3046875,38610,26628.8125,31764,1770566.5,1735619,0.5830008626476328,0.21961223231289959,0.7201122582094488,1.8449453536481122,1.5039713278207851,2.338364850317681
ADNI,ADNI-0934_S_P79734B_AD_F_MPRAGE_GRAPPA2,1.0,14971.421875,11263,6294.7041015625,5324,14594.7998046875,15654,42073.46875,17582,47035.234375,38610,35395.0546875,31764,1743514.375,1735619,0.8586921960422609,0.3610354002135773,0.8370908788571073,2.413141489011239,2.0300982426657654,2.697725642497212
ADNI,ADNI-1085_S_P7AEB6A_AD_F_MPRAGE_GRAPPA2,1.0,13403.35546875,11263,5786.8369140625,5324,14549.736328125,15654,31916.205078125,17582,44777.953125,38610,33268.671875,31764,1756715.75,1735619,0.7629780440432665,0.32941225204262553,0.8282350931347316,1.8168110053163125,1.8937993739169243,2.548958368762846
ADNI,ADNI-1318_S_PF3198E_AD_M_MPRAGE,1.0,11550.9638671875,11263,5292.0107421875,5324,14183.552734375,15654,46133.51171875,17582,37563.05859375,38610,30588.73828125,31764,1728962.125,1735619,0.6680865763434524,0.3060802006977163,0.8203506906997745,2.668277751818884,1.7691965508642937,2.1725784533163215
ADNI,ADNI-1430_S_P3B3102_AD_F_MPRAGE,1.0,13961.5546875,11263,5554.38525390625,5324,14088.96875,15654,43251.109375,17582,40522.3828125,38610,33158.0546875,31764,1741590.25,1735619,0.8016555379487225,0.31892606506646726,0.8089714988930377,2.483426246500863,1.903895286936752,2.3267460766101555
ADNI,ADNI-1429_S_P4125EA_AD_M_MPRAGE_GRAPPA2,1.0,11603.220703125,11263,5581.5029296875,5324,14518.681640625,15654,23690.083984375,17582,44570.3671875,38610,31244.857421875,31764,1747721.0,1735619,0.6639057780460955,0.3193589211142682,0.8307207867059445,1.3554843126777671,1.787748583548232,2.5501992130036775
ADNI,ADNI-0046_S_P72EDA3_AD_F_Accelerated_SAG_IR-SPGR,1.0,13622.115234375,11263,6392.4541015625,5324,17236.5546875,15654,53860.578125,17582,37939.8515625,38610,36729.390625,31764,1761617.375,1735619,0.7732732106127757,0.3628741514633676,0.9784505382447196,3.0574504367045083,2.084981173905599,2.1536942187857337
ADNI,ADNI-0291_S_PF9E504_AD_M_MPRAGE_GRAPPA2,1.0,13247.7841796875,11263,5800.50830078125,5324,14017.556640625,15654,39830.640625,17582,47014.2578125,38610,32623.3828125,31764,1754101.375,1735619,0.7552462114504357,0.3306826152383154,0.7991303604459576,2.27071486247481,1.8598345156932563,2.6802474750069676
ADNI,ADNI-0685_S_P26B71B_AD_F_MPRAGE_SENSE2,1.0,11486.8515625,11263,5884.4375,5324,15342.8662109375,15654,43674.7421875,17582,41996.5390625,38610,32250.390625,31764,1755031.875,1735619,0.6545095690925842,0.3352894943859638,0.8742215129817799,2.488544100516693,1.8375957203056497,2.392921727561216
ADNI,ADNI-1431_S_PF75681_AD_M_MPRAGE_GRAPPA2,1.0,16386.4140625,11263,5477.326171875,5324,15105.2919921875,15654,59690.3046875,17582,42472.30078125,38610,36519.8046875,31764,1746472.125,1735619,0.9382579789242271,0.31362230713387423,0.8649031253325902,3.417764522723201,2.091061412589107,2.431891134892863
ADNI,ADNI-0341_S_PAD0669_AD_F_Sag_IR-SPGR,1.0,12751.0439453125,11263,5240.85498046875,5324,15539.732421875,15654,43281.9140625,17582,44447.5625,38610,33118.3203125,31764,1753236.0,1735619,0.7272862264585315,0.2989246730313974,0.88634572994594,2.4686872766986303,1.888982448027533,2.5351728175784665
ADNI,ADNI-1364_S_P7A12D2_AD_M_Sag_IR-SPGR,1.0,12440.70703125,11263,6514.59423828125,5324,14811.3759765625,15654,55801.57421875,17582,39330.6328125,38610,33280.91796875,31764,1715332.625,1735619,0.725264992336399,0.37978606267581777,0.8634696128724596,3.2531051648801936,1.9402020041885464,2.292886652960384
ADNI,ADNI-0121_S_PF935B5_AD_M_MPRAGE,1.0,14707.412109375,11263,5336.37646484375,5324,15035.673828125,15654,80262.34375,17582,38867.94140625,38610,34644.5859375,31764,1722919.125,1735619,0.8536333421555699,0.30972878456171005,0.8726859903029401,4.65850907250217,2.010807439234851,2.2559353391732766
ADNI,ADNI-0576_S_P2DDA2E_AD_M_MPRAGE_GRAPPA2,1.0,13996.6044921875,11263,5514.55712890625,5324,14442.5,15654,53355.30078125,17582,41144.76953125,38610,33495.56640625,31764,1716370.625,1735619,0.8154768141751143,0.3212917448354868,0.8414557898880378,3.108611858307118,1.9515345880642767,2.397196091097749
ADNI,ADNI-0338_S_P79BF0A_AD_M_Sag_IR-SPGR,1.0,12352.880859375,11263,4926.60595703125,5324,15266.1015625,15654,30442.748046875,17582,40686.2265625,38610,32106.59765625,31764,1795256.75,1735619,0.6880843567013465,0.2744234749169583,0.8503575637579416,1.695732270432906,1.7884125853446866,2.2663179827899267
ADNI,ADNI-1296_S_P2262FD_AD_F_Accelerated_Sag_IR-SPGR,1.0,11885.9189453125,11263,4952.75390625,5324,13976.357421875,15654,34488.85546875,17582,40830.859375,38610,30408.0390625,31764,1765420.375,1735619,0.6732628168128229,0.2805424688864826,0.7916730553126758,1.9535775137267237,1.72242483960796,2.3128122884046807
ADNI,ADNI-1434_S_P9223E9_AD_F_MPRAGE_GRAPPA2,1.0,13354.4873046875,11263,5291.515625,5324,14675.919921875,15654,52995.125,17582,42982.6640625,38610,32902.03125,31764,1699823.625,1735619,0.7856395868534596,0.31129792215942403,0.8633789827385767,3.1176837538071043,1.9356144229375563,2.5286543515654456
ADNI,ADNI-0047_S_PA0F90C_AD_M_Accelerated_SAG_IR-SPGR,1.0,13822.0390625,11263,5659.25439453125,5324,15690.8486328125,15654,48011.19921875,17582,41739.109375,38610,34659.9921875,31764,1767771.5,1735619,0.7818905929018541,0.32013494925850144,0.8876061545744175,2.71591657738288,1.9606601977404885,2.3611145091432912
ADNI,ADNI-0125_S_P8BC2C7_AD_M_MPRAGE,1.0,13327.615234375,11263,5790.6337890625,5324,12550.234375,15654,62538.1796875,17582,38614.90625,38610,31206.904296875,31764,1724776.75,1735619,0.7727153809543758,0.335732365888078,0.7276439907367722,3.625870982287997,1.8093300652896092,2.238835040534956
ADNI,ADNI-1605_S_PE60639_AD_F_MPRAGE,1.0,13175.10546875,11263,5757.11328125,5324,17385.40234375,15654,31496.904296875,17582,43425.75,38610,35789.4453125,31764,1762024.125,1735619,0.7477256004511289,0.32673294307193435,0.9866722082338119,1.7875410359023889,2.0311552381554367,2.46453776562225
ADNI,ADNI-0555_S_P2E3180_AD_M_MPRAGE_GRAPPA2,1.0,11564.953125,11263,4739.08349609375,5324,14147.0126953125,15654,36378.84375,17582,41222.8203125,38610,30070.15625,31764,1732896.75,1735619,0.6673769296987833,0.27347754539292374,0.8163794349151212,2.099308210370872,1.7352537737750389,2.3788388034370773
ADNI,ADNI-1095_S_PF45799_AD_F_MPRAGE,1.0,11807.1123046875,11263,5771.74609375,5324,13702.7763671875,15654,26626.830078125,17582,42811.7265625,38610,30854.28125,31764,1759755.0,1735619,0.6709520532510207,0.32798577607394214,0.7786752341767746,1.513098702837895,1.7533282331915523,2.432823123815531
ADNI,ADNI-0342_S_PD2AEE3_AD_M_Accelerated_SAG_IR-SPGR,1.0,12940.939453125,11263,6501.7685546875,5324,15245.16015625,15654,36406.296875,17582,45434.9296875,38610,34190.75390625,31764,1758493.125,1735619,0.7359107220350947,0.3697352274088362,0.8669445412958325,2.0703121529121704,1.9443211588472942,2.583742241670692
ADNI,ADNI-0661_S_P089A2E_AD_M_IR-SPGR_w_acceleration,1.0,20384.95703125,11263,6909.78857421875,5324,15646.8876953125,15654,70490.0703125,17582,44287.40234375,38610,42429.3671875,31764,1731648.125,1735619,1.1771997287988285,0.3990295992852907,0.903583555424258,4.07069249779022,2.4502303080482934,2.557528963556034
ADNI,ADNI-1692_S_P8C7371_AD_F_MPRAGE_GRAPPA2,1.0,11546.94140625,11263,4575.5537109375,5324,12345.75390625,15654,46124.82421875,17582,43631.375,38610,28090.861328125,31764,1752743.75,1735619,0.6587923309525423,0.26105092150164566,0.7043673044761962,2.6315783022332844,1.6026793036988438,2.4893185327290426
ADNI,ADNI-1761_S_PD033C6_AD_M_MPRAGE_GRAPPA2,1.0,11986.17578125,11263,4797.2490234375,5324,15070.2431640625,15654,38915.8359375,17582,41139.8671875,38610,31409.068359375,31764,1750700.0,1735619,0.6846504701690752,0.2740189080617753,0.8608124272612384,2.2228729044096647,1.7940862717413033,2.3499095897355344
ADNI,ADNI-1260_S_PF8C0C8_AD_M_Sag_IR-SPGR,1.0,16774.1484375,11263,6487.4052734375,5324,16293.919921875,15654,39287.77734375,17582,40770.75,38610,38992.421875,31764,1787483.5,1735619,0.9384225609634999,0.36293511371923154,0.911556382023946,2.1979379022939236,2.181414366901848,2.280902173362719
ADNI,ADNI-1607_S_P4CF6E9_AD_F_MPRAGE_SENSE2,1.0,10504.611328125,11263,5332.27734375,5324,14932.505859375,15654,27000.783203125,17582,40908.7265625,38610,30385.62109375,31764,1777405.5,1735619,0.5910081480070248,0.30000342317777234,0.8401293829334386,1.5191121667579515,1.7095491768057431,2.3015978381129125
ADNI,ADNI-0420_S_P649EF6_AD_M_MPRAGE,1.0,13841.650390625,11263,5691.9892578125,5324,15314.703125,15654,63331.19140625,17582,43481.6796875,38610,34293.265625,31764,1735379.375,1735619,0.7976152413719335,0.32799682535194935,0.8824988556176657,3.6494147803416186,1.9761249971638046,2.505600810629664
ADNI,ADNI-1495_S_PF83886_AD_M_Sag_IR-SPGR,1.0,12035.0537109375,11263,5185.904296875,5324,14826.810546875,15654,35106.4296875,17582,41822.00390625,38610,31616.013671875,31764,1778215.375,1735619,0.6768051767034969,0.2916353311181442,0.8338028539920255,1.9742507111940815,1.7779631261975226,2.3519088010500417
ADNI,ADNI-1753_S_PDF110D_AD_M_MPRAGE_GRAPPA2,1.0,11200.142578125,11263,5791.9580078125,5324,14939.732421875,15654,39864.984375,17582,43472.84375,38610,31491.67578125,31764,1755504.5,1735619,0.6380013596162812,0.3299312538254673,0.8510221660995458,2.2708562908839025,1.7938818032793422,2.476373244842152
ADNI,ADNI-1493_S_P66EB61_AD_M_Sag_IR-SPGR,1.0,12788.7607421875,11263,5707.7177734375,5324,16794.1875,15654,28403.521484375,17582,44891.203125,38610,34749.828125,31764,1812254.0,1735619,0.7056825777284806,0.31495131330583354,0.926701637849882,1.5673035614419943,1.9174921465203003,2.4770922356910234
ADNI,ADNI-0393_S_P1B1695_AD_F_MPRAGE_SENSE2,1.0,11946.005859375,11263,4371.740234375,5324,13553.830078125,15654,73358.2265625,17582,41382.05859375,38610,29520.53125,31764,1725676.25,1735619,0.6922506964660955,0.2533349018609371,0.785421371947664,4.250984306152443,1.710664514853235,2.3980198251989617
ADNI,ADNI-1394_S_P6CECDB_AD_F_MPRAGE,1.0,12613.1533203125,11263,5056.5498046875,5324,13732.361328125,15654,51922.44140625,17582,40265.15625,38610,30977.544921875,31764,1748063.875,1735619,0.7215499102006498,0.2892657343363669,0.7855754886602756,2.9702828454280596,1.772106006245052,2.3034144704809485
ADNI,ADNI-0108_S_P0FCB5B_AD_M_Accelerated_Sag_IR-SPGR,1.0,12977.830078125,11263,5447.18701171875,5324,14563.5322265625,15654,44400.890625,17582,37155.9453125,38610,32550.87109375,31764,1770748.375,1735619,0.7329008605259909,0.30762061333071955,0.8224506898989813,2.507464711071668,1.8382550312237333,2.09831875816348
ADNI,ADNI-1155_S_PA9C5EC_AD_F_MPRAGE,1.0,13280.37890625,11263,5101.068359375,5324,12388.67578125,15654,46136.78515625,17582,44469.15234375,38610,30390.671875,31764,1709719.25,1735619,0.7767578745019101,0.2983570758400831,0.7246029300570839,2.698500654785866,1.777524109586998,2.6009622541098487
ADNI,ADNI-0394_S_P232B93_AD_M_MPRAGE,1.0,13071.486328125,11263,5589.7314453125,5324,14301.345703125,15654,50690.609375,17582,40953.7734375,38610,32476.625,31764,1745983.25,1735619,0.7486604655643174,0.3201480567074455,0.8190998225856404,2.90327008434932,1.8600765499898124,2.3455994458996097
ADNI,ADNI-0873_S_P2B8FB7_AD_M_MPRAGE,1.0,13856.4150390625,11263,5209.80615234375,5324,11927.9951171875,15654,77757.453125,17582,42382.74609375,38610,30581.3671875,31764,1717844.75,1735619,0.8066162579047088,0.30327572688648086,0.694358155309873,4.526454042194442,1.78021716965401,2.467204681549366
ADNI,ADNI-1517_S_PE35EB3_AD_F_Sag_IR-SPGR,1.0,14691.404296875,11263,4887.19189453125,5324,14806.1015625,15654,49824.9765625,17582,42118.921875,38610,33975.15234375,31764,1771081.5,1735619,0.8295159932998566,0.27594392999595163,0.8359921077883768,2.813251482921593,1.9183280014923083,2.3781470177967527
ADNI,ADNI-1266_S_P6A479D_AD_F_Accelerated_SAG_IR-SPGR,1.0,14601.5263671875,11263,6366.7822265625,5324,16909.17578125,15654,46712.58203125,17582,43350.8125,38610,37348.39453125,31764,1769194.0,1735619,0.8253208165519157,0.35986908312839067,0.9557558855190557,2.6403312486505155,2.1110400855559086,2.450314239139405
ADNI,ADNI-1554_S_P058441_AD_F_MPRAGE,1.0,13403.5673828125,11263,6126.4287109375,5324,14284.0888671875,15654,59620.0546875,17582,43521.578125,38610,33317.15625,31764,1721327.25,1735619,0.7786763024179453,0.35591307294632674,0.8298299389141431,3.463609530814085,1.9355503870632385,2.5283732727173174
ADNI,ADNI-1556_S_P9EB3CC_AD_M_MPRAGE_GRAPPA2,1.0,16550.33984375,11263,5412.65283203125,5324,14628.798828125,15654,70219.46875,17582,47052.7421875,38610,36187.43359375,31764,1720008.5,1735619,0.9622243055048855,0.31468756299932527,0.850507356686028,4.082507077726651,2.103910160545718,2.7356110267769025
ADNI,ADNI-0161_S_PC1EC1C_AD_F_Sag_IR-SPGR,1.0,12544.8828125,11263,4803.875,5324,14023.3662109375,15654,42430.2890625,17582,39329.53125,38610,30961.890625,31764,1770722.25,1735619,0.7084613531286457,0.2712946652135873,0.7919574179935617,2.3962136954285183,1.7485458617239376,2.2211010930709207
ADNI,ADNI-1555_S_P4B5270_AD_M_MPRAGE_GRAPPA2,1.0,11999.4609375,11263,5215.330078125,5324,14372.986328125,15654,33156.265625,17582,44719.0234375,38610,31147.82421875,31764,1746701.75,1735619,0.6869782398454687,0.2985816026190504,0.8228643686951708,1.8982213549050375,1.7832365610643033,2.560198009620131
ADNI,ADNI-1435_S_P326BA0_AD_M_MPRAGE_GRAPPA2,1.0,13777.3203125,11263,6013.880859375,5324,16412.998046875,15654,32650.19140625,17582,45648.3671875,38610,35689.96875,31764,1760755.5,1735619,0.7824664078857059,0.3415511613835652,0.932156568409129,1.8543285201295694,2.02696903403113,2.59254434744063
ADNI,ADNI-0815_S_P13EC71_AD_M_MPRAGE,1.0,11239.95703125,11263,5429.6103515625,5324,14928.271484375,15654,28128.00390625,17582,44799.03125,38610,31154.142578125,31764,1740922.125,1735619,0.645632384690958,0.311881288289245,0.8574922031262598,1.6156956995563485,1.789519596008638,2.5732932338946526
ADNI,ADNI-0941_S_P162666_AD_M_MPRAGE_GRAPPA2,1.0,14965.9970703125,11263,6136.89208984375,5324,15341.6328125,15654,52833.2890625,17582,42536.78125,38610,35938.74609375,31764,1710849.375,1735619,0.8747699995689275,0.3587044060990904,0.8967260962117135,3.0881321193164655,2.1006376492816616,2.4862960978081428
ADNI,ADNI-1210_S_PA26050_AD_F_MPRAGE_GRAPPA2,1.0,12476.8671875,11263,5587.5400390625,5324,14506.9931640625,15654,48252.8046875,17582,42748.7890625,38610,32122.17578125,31764,1748461.25,1735619,0.7135912899127733,0.3195689946838971,0.8297005818151533,2.759729715914493,1.8371682976245542,2.4449377452602965
ADNI,ADNI-0231_S_PEF0BC0_AD_F_MPRAGE_GRAPPA2,1.0,13668.53125,11263,5332.97265625,5324,14260.8466796875,15654,52119.015625,17582,45870.08203125,38610,32862.32421875,31764,1743227.0,1735619,0.784093594810085,0.3059253130114437,0.8180716957508976,2.9898008477954963,1.8851431407814356,2.6313315495486247
ADNI,ADNI-1154_S_P94D1BC_AD_M_MPRAGE,1.0,14895.796875,11263,4887.916015625,5324,14181.708984375,15654,59336.84375,17582,43089.98828125,38610,33532.48828125,31764,1736354.625,1735619,0.8578775706604289,0.2815044775559601,0.8167518766147784,3.4173228726245943,1.9312004471004878,2.481635240914568
ADNI,ADNI-1514_S_P56751D_AD_F_Accelerated_Sag_IR-SPGR,1.0,14809.69140625,11263,6189.291015625,5324,15747.1572265625,15654,50501.3359375,17582,40214.87890625,38610,36199.9140625,31764,1762563.875,1735619,0.840235727981773,0.35115272152193633,0.893423350490631,2.865220185991841,2.053821400515201,2.281612568863639
ADNI,ADNI-0876_S_P9FAB49_AD_F_MPRAGE,1.0,10702.322265625,11263,4852.97265625,5324,12787.0830078125,15654,32805.46484375,17582,42007.2734375,38610,27957.876953125,31764,1748649.5,1735619,0.6120335873841498,0.277526894683583,0.7312547773474616,1.8760457623869162,1.5988268062367559,2.4022694906840965
ADNI,ADNI-1258_S_PD4EF7C_AD_M_Sag_IR-SPGR,1.0,12894.94140625,11263,5249.7158203125,5324,15011.572265625,15654,38617.72265625,17582,38214.55859375,38610,32674.705078125,31764,1773730.5,1735619,0.7269955275759198,0.295970319071161,0.8463276842578397,2.1772035073112854,1.84214597866615,2.154473782446093
ADNI,ADNI-1475_S_PF90CE2_AD_M_MPRAGE,1.0,13009.0576171875,11263,5200.201171875,5324,14350.4423828125,15654,51925.078125,17582,47008.44140625,38610,32128.673828125,31764,1722435.875,1735619,0.7552709396039199,0.3019097109710978,0.83314813579417,3.0146305519211274,1.8653044966405499,2.7291838313719516
ADNI,ADNI-1804_S_P316C4D_AD_M_MPRAGE,1.0,12636.9501953125,11263,5609.5234375,5324,14780.29296875,15654,53017.6640625,17582,44424.84765625,38610,32540.5078125,31764,1748117.375,1735619,0.7228891135134734,0.32088940466597676,0.8454977440373533,3.0328434932751582,1.861460121492128,2.541296613807182
ADNI,ADNI-0470_S_PA20497_AD_M_Sag_IR-SPGR,1.0,17559.328125,11263,6862.7060546875,5324,18126.26953125,15654,49768.3203125,17582,40069.359375,38610,41983.7109375,31764,1762198.25,1735619,0.9964445331278703,0.38944006752290783,1.0286169295225438,2.824218007962498,2.382462412359109,2.2738281220628838
ADNI,ADNI-0346_S_P0A1187_AD_M_Accelerated_SAG_IR-SPGR,1.0,12621.162109375,11263,4719.8232421875,5324,13289.705078125,15654,44333.56640625,17582,37340.296875,38610,30241.625,31764,1764236.125,1735619,0.715389619933953,0.26752786519364014,0.7532838087716291,2.512904354356195,1.7141483824904675,2.116513563341755
ADNI,ADNI-0057_S_P65A0D2_AD_F_Accelerated_SAG_IR-SPGR,1.0,13977.3046875,11263,5566.36083984375,5324,14859.68359375,15654,39033.5390625,17582,37444.99609375,38610,33981.4609375,31764,1763225.875,1735619,0.7927120901342263,0.31569187582638836,0.8427555314630351,2.213757160437542,1.9272324334226325,2.123664167175972
ADNI,ADNI-1111_S_PD40851_AD_M_MPRAGE_GRAPPA2,1.0,17155.2890625,11263,6164.6552734375,5324,14604.208984375,15654,83431.5625,17582,46336.078125,38610,37424.578125,31764,1702050.5,1735619,1.0079189226465373,0.3621899158360754,0.8580361736843296,4.901826502797655,2.198793638907894,2.722367998188068
ADNI,ADNI-0164_S_P56B01A_AD_M_Sag_IR-SPGR,1.0,15693.908203125,11263,5508.701171875,5324,14877.30078125,15654,53419.83984375,17582,43048.0390625,38610,35628.29296875,31764,1754864.25,1735619,0.8943089588339953,0.3139103877621873,0.8477750219853188,3.044100980674146,2.0302592048786683,2.453069464632378
ADNI,ADNI-0471_S_P02F5B3_AD_M_Accelerated_Sag_IR-SPGR,1.0,13747.6904296875,11263,5850.1640625,5324,16440.4765625,15654,30546.38671875,17582,44096.90234375,38610,35530.328125,31764,1805498.0,1735619,0.7614348190741557,0.3240194152804379,0.9105784975945694,1.6918538109014798,1.9678962881709092,2.442367831133017
ADNI,ADNI-1762_S_P0F62E3_AD_M_MPRAGE_GRAPPA2,1.0,14869.8583984375,11263,5687.13525390625,5324,14049.7060546875,15654,54111.29296875,17582,48557.23046875,38610,34149.17578125,31764,1706438.5,1735619,0.871397263859055,0.33327513730534386,0.8233350369607518,3.1710075088407814,2.001195811114787,2.845530645771881
ADNI,ADNI-0120_S_P4792FF_AD_M_MPRAGE_SENSE2,1.0,12428.583984375,11263,5389.185546875,5324,12728.376953125,15654,42006.62890625,17582,40296.95703125,38610,30118.25390625,31764,1736518.125,1735619,0.715718644421002,0.3103443303751868,0.7329826720423663,2.4190147111911084,1.7344048111360773,2.3205606927511915
ADNI,ADNI-1436_S_PD1E127_AD_M_MPRAGE,1.0,12429.5,11263,5327.4326171875,5324,13976.474609375,15654,56001.14453125,17582,38523.56640625,38610,31323.537109375,31764,1735733.125,1735619,0.7160951082269632,0.30692694288400474,0.8052202500528415,3.226368369921499,1.8046286412477723,2.219440641616493
ADNI,ADNI-0623_S_PFA6A49_AD_M_SAG_IR-SPGR,1.0,13007.072265625,11263,5259.33447265625,5324,16633.65234375,15654,54736.0078125,17582,40658.57421875,38610,34448.78125,31764,1760614.75,1735619,0.7387801485603254,0.29872148195147463,0.9447638868043108,3.1089145318417897,1.9566336843423582,2.3093396337131677
ADNI,ADNI-0620_S_P93F44D_AD_M_Accelerated_SAG_IR-SPGR,1.0,15080.4033203125,11263,6157.533203125,5324,15037.6396484375,15654,52289.24609375,17582,41309.87109375,38610,35736.23046875,31764,1753828.625,1735619,0.8598561515845085,0.3510909284608694,0.8574178476781049,2.9814341805346003,2.0376124530838924,2.355410928120186
ADNI,ADNI-0874_S_P8FCAA9_AD_F_MPRAGE_GRAPPA2,1.0,12256.7265625,11263,5609.6962890625,5324,12668.7578125,15654,44674.72265625,17582,49988.14453125,38610,30095.556640625,31764,1748101.25,1735619,0.7011451174524359,0.32090225260479044,0.7247153339945269,2.5556141359803957,1.7216140449888129,2.8595680331016298
ADNI,ADNI-0625_S_P915377_AD_M_Accelerated_SAG_IR-SPGR,1.0,14720.1103515625,11263,6886.853515625,5324,17009.91015625,15654,47495.48046875,17582,45754.40625,38610,37990.80078125,31764,1756155.875,1735619,0.8382006723385247,0.39215502528356144,0.9685877203952639,2.704513941209803,2.1632932088815866,2.6053727292288333
ADNI,ADNI-0349_S_P50A2FC_AD_F_Accelerated_SAG_IR-SPGR,1.0,11059.2041015625,11263,4655.7314453125,5324,14576.7109375,15654,24993.357421875,17582,43789.7734375,38610,29860.96484375,31764,1798686.75,1735619,0.6148488113098348,0.2588405927442619,0.8104085348657848,1.3895336373537526,1.6601537117983438,2.4345413917959866
ADNI,ADNI-0297_S_P7CA399_AD_M_MPRAGE_GRAPPA2,1.0,14744.287109375,11263,4541.73974609375,5324,12497.46875,15654,52258.0703125,17582,43812.625,38610,31423.470703125,31764,1740760.375,1735619,0.8470026846386023,0.26090551067913353,0.7179315964151586,3.0020254977655956,1.8051577433869954,2.516867090336888
ADNI,ADNI-1611_S_P58405F_AD_F_MPRAGE_SENSE2,1.0,13592.73046875,11263,6129.8232421875,5324,15465.7001953125,15654,44354.81640625,17582,45017.12890625,38610,34729.56640625,31764,1743014.25,1735619,0.7798404670960092,0.35167946803576045,0.8872962567754393,2.5447190925863055,1.992500428854784,2.582717204190958
ADNI,ADNI-1609_S_P4561CB_AD_M_MPRAGE_SENSE2,1.0,18489.328125,11263,7167.521484375,5324,18199.736328125,15654,50494.01953125,17582,47801.41015625,38610,43281.5078125,31764,1732430.625,1735619,1.0672478226941988,0.4137263207509392,1.0505318981027019,2.9146344334134593,2.4983111697474176,2.759210641190899
ADNI,ADNI-1734_S_PDB3AF1_AD_F_MPRAGE,1.0,14552.5517578125,11263,6898.283203125,5324,16907.48828125,15654,43130.1953125,17582,40628.9765625,38610,37798.2578125,31764,1738623.375,1735619,0.8370157658677803,0.39676696530811334,0.9724641071991799,2.4807095045814624,2.1740336841209214,2.3368474821351115
ADNI,ADNI-1211_S_PC0B046_AD_F_MPRAGE,1.0,11206.35546875,11263,5068.50146484375,5324,13166.810546875,15654,28600.38671875,17582,42258.5625,38610,29035.583984375,31764,1738381.5,1735619,0.6446430469232444,0.29156439278971563,0.7574177789440926,1.645230734378501,1.670265357999668,2.430914186558014
ADNI,ADNI-1612_S_P2EB126_AD_F_MPRAGE,1.0,14571.7236328125,11263,6227.61181640625,5324,16903.515625,15654,52462.91015625,17582,39672.015625,38610,37151.0234375,31764,1731805.625,1735619,0.8414179641443595,0.3596022397956035,0.9760630974391251,3.029376357190779,2.1452190073294166,2.2907891654988704
ADNI,ADNI-1021_S_P82DA89_AD_M_MPRAGE_GRAPPA2,1.0,16959.1484375,11263,6538.0126953125,5324,15960.34375,15654,62249.2578125,17582,48288.76953125,38610,38905.671875,31764,1736317.25,1735619,0.9767309768707303,0.3765448218240359,0.9192066570783651,3.585131565818401,2.2407006481678393,2.78110290796512
ADNI,ADNI-1297_S_PE2BDC8_AD_M_Sag_IR-SPGR,1.0,11963.9970703125,11263,5250.45703125,5324,14446.826171875,15654,49193.9375,17582,41498.4921875,38610,31197.859375,31764,1788551.25,1735619,0.6689211209526426,0.29355921622318626,0.8077390106587664,2.750490795273549,1.7443089413848218,2.3202294140299307
ADNI,ADNI-1696_S_PF8DF9C_AD_M_MPRAGE_GRAPPA2,1.0,11393.93359375,11263,4675.94580078125,5324,15266.650390625,15654,23861.18359375,17582,42329.19140625,38610,30932.71484375,31764,1793978.625,1735619,0.6351209225667335,0.2606466841700107,0.8509939961310855,1.3300706742673705,1.7242521406156663,2.3595148134081025
ADNI,ADNI-0577_S_P3BE080_AD_M_MPRAGE,1.0,10898.84375,11263,4556.67578125,5324,14239.529296875,15654,28133.203125,17582,48493.19140625,38610,29345.51953125,31764,1745139.875,1735619,0.6245255126039682,0.26110662225570885,0.8159534660151525,1.61208872297414,1.6815568741302183,2.7787567117650096
ADNI,ADNI-1693_S_P15E6CF_AD_M_MPRAGE,1.0,11141.9365234375,11263,6022.23388671875,5324,14325.8046875,15654,36926.90625,17582,44499.05078125,38610,31056.671875,31764,1779324.25,1735619,0.6261892133172186,0.3384562362210682,0.8051261419890163,2.0753331636996464,1.74541946893603,2.5008961003734984
ADNI,ADNI-0772_S_P119678_AD_F_MPRAGE_P2_NO_ANGLE=,1.0,12850.5693359375,11263,6254.8310546875,5324,14062.037109375,15654,29573.47265625,17582,42375.0078125,38610,32668.69140625,31764,1778555.125,1735619,0.7225285938740583,0.35168047179237694,0.7906438721923225,1.66278077303058,1.8368107317590172,2.382552399802621
ADNI,ADNI-0018_S_PBD6ABC_AD_M_MPRAGE_SENSE2,1.0,11836.251953125,11263,5924.27490234375,5324,15122.615234375,15654,29016.134765625,17582,41155.66015625,38610,32422.078125,31764,1767695.625,1735619,0.6695865388661014,0.3351411192378637,0.8554988212054323,1.6414666843804062,1.8341437104026321,2.3282096518313216
ADNI,ADNI-0232_S_PB05672_AD_F_MPRAGE,1.0,13417.3125,11263,5492.97119140625,5324,13260.2041015625,15654,51055.76953125,17582,37039.78515625,38610,31752.474609375,31764,1722803.75,1735619,0.7788067851605268,0.3188390547330913,0.7696874412748694,2.963527884777938,1.8430697407859138,2.1499712405577247
ADNI,ADNI-1613_S_PE89514_AD_F_MPRAGE_SENSE2,1.0,14453.80859375,11263,6729.841796875,5324,16335.41015625,15654,35289.109375,17582,40987.79296875,38610,36980.4296875,31764,1743027.875,1735619,0.8292356537183894,0.38610064092491925,0.937185824194005,2.0245866334753826,2.1216200967239267,2.3515282547475036
ADNI,ADNI-1146_S_PAACB09_AD_M_MPRAGE,1.0,14859.689453125,11263,6023.5107421875,5324,13684.39453125,15654,63792.71875,17582,37980.109375,38610,34100.9296875,31764,1715199.125,1735619,0.8663536050442541,0.35118434089613354,0.7978312448853424,3.719260220005068,1.9881615603960852,2.2143265362848177
ADNI,ADNI-0185_S_PC79931_AD_M_MPRAGE,1.0,14062.89453125,11263,5562.7470703125,5324,13976.7275390625,15654,61810.94921875,17582,38359.66796875,38610,33141.14453125,31764,1734188.125,1735619,0.8109209334627406,0.32076952841044853,0.8059522111571661,3.564258590385054,1.9110466767410252,2.211966938059272
ADNI,ADNI-1608_S_PCDBC60_AD_F_MPRAGE_SENSE2,1.0,17615.11328125,11263,6691.2353515625,5324,15983.962890625,15654,55910.29296875,17582,43802.3671875,38610,39760.2734375,31764,1740166.875,1735619,1.0122657507343944,0.38451687867937956,0.9185304651098476,3.2129270917623924,2.2848540567409663,2.5171360182051505
ADNI,ADNI-0579_S_PEAC7A3_AD_F_MPRAGE_GRAPPA2,1.0,13637.392578125,11263,6227.52734375,5324,15492.154296875,15654,47009.84375,17582,41098.74609375,38610,34843.234375,31764,1769814.625,1735619,0.7705548584290289,0.35187455543543156,0.8753546319505072,2.6562015640479864,1.9687505054378223,2.322206264610905
ADNI,ADNI-1520_S_PC54B24_AD_F_Sag_IR-FSPGR,1.0,14170.626953125,11263,4915.033203125,5324,15216.875,15654,52923.0390625,17582,36106.453125,38610,33845.5390625,31764,1773788.75,1735619,0.7988903387241012,0.2770923653183053,0.8578741408750056,2.9836156680157093,1.9080930050153944,2.035555424793398
ADNI,ADNI-1078_S_PF30748_AD_M_MPRAGE_SENSE2,1.0,13866.96484375,11263,5325.091796875,5324,14257.859375,15654,70604.7109375,17582,38123.953125,38610,33045.0546875,31764,1751366.125,1735619,0.791779893752941,0.30405360254841063,0.8140993006245338,4.0314078209945965,1.8868159099228894,2.1768122941740695
ADNI,ADNI-0422_S_PDC863B_AD_M_MPRAGE_SENSE2,1.0,12589.4296875,11263,6108.6474609375,5324,17751.6640625,15654,52167.765625,17582,41400.5390625,38610,35936.6953125,31764,1757170.5,1735619,0.71646033708738,0.3476411344794088,1.0102414115477127,2.96885052560352,2.0451456083800634,2.356091173992507
ADNI,ADNI-1615_S_P2E59B0_AD_M_MPRAGE,1.0,14164.1533203125,11263,6316.83349609375,5324,15581.19921875,15654,48146.78125,17582,39945.65234375,38610,35533.81640625,31764,1748755.25,1735619,0.8099563000775838,0.36121884386587255,0.8909879880989636,2.753202956788836,2.0319490910034435,2.2842334479767823
ADNI,ADNI-1610_S_PDD0232_AD_F_MPRAGE,1.0,12638.72265625,11263,5054.03857421875,5324,14511.087890625,15654,39886.88671875,17582,44874.34375,38610,31788.98046875,31764,1767377.75,1735619,0.7151115632325913,0.2859625552159831,0.8210518600579305,2.256839926764383,1.798652295399215,2.5390352317154607
ADNI,ADNI-1213_S_P57DC00_AD_M_MPRAGE_GRAPPA2,1.0,11703.900390625,11263,4928.77685546875,5324,13917.6328125,15654,31081.89453125,17582,49581.8671875,38610,30112.1875,31764,1746035.0,1735619,0.6703130458796644,0.2822839665567271,0.7970993028490265,1.7801415510714274,1.7246038882382082,2.839683464964906
ADNI,ADNI-0774_S_P936998_AD_F_MPRAGE_GRAPPA2,1.0,13475.171875,11263,5352.8154296875,5324,14814.19921875,15654,55138.1484375,17582,41416.27734375,38610,33204.7890625,31764,1752796.375,1735619,0.7687813637222978,0.30538718050962993,0.8451751401385685,3.145724695916261,1.8943894188793036,2.3628687241979263
ADNI,ADNI-0419_S_P45AAAC_AD_F_MPRAGE,1.0,12878.341796875,11263,6287.2119140625,5324,14922.7578125,15654,44178.65234375,17582,45054.84375,38610,33584.55859375,31764,1740657.25,1735619,0.7398551206376212,0.3611975829280865,0.8573059292689585,2.538044313074846,1.9294182466852678,2.588381127301196
ADNI,ADNI-0395_S_P4F663A_AD_F_MPRAGE_SENSE2,1.0,12075.5859375,11263,5418.18505859375,5324,15809.95703125,15654,40686.98046875,17582,39528.859375,38610,32889.8515625,31764,1747776.75,1735619,0.6909112355167787,0.31000441324063555,0.9045753143958459,2.3279277784619805,1.8818107954863228,2.261665248436335
ADNI,ADNI-1147_S_P41F5FE_AD_M_MPRAGE,1.0,15696.046875,11263,7165.9228515625,5324,16525.66015625,15654,59839.09765625,17582,43537.7578125,38610,38827.3984375,31764,1730337.375,1735619,0.9071090471590836,0.41413443153318585,0.9550542220848693,3.4582329735696775,2.2439206942229983,2.5161427153765317
ADNI,ADNI-1521_S_P7A4CF4_AD_M_Sag_IR-FSPGR,1.0,11057.439453125,11263,5124.275390625,5324,14075.7470703125,15654,24889.23046875,17582,39858.0,38610,29828.68359375,31764,1816725.0,1735619,0.6086468482090024,0.28206114797919335,0.7747868868602843,1.3700053926020723,1.641893164554349,2.19394790075548
ADNI,ADNI-1319_S_PF7B618_AD_M_MPRAGE,1.0,14176.8134765625,11263,5688.0302734375,5324,14028.1865234375,15654,53866.203125,17582,47302.66015625,38610,33458.0234375,31764,1730250.375,1735619,0.8193504062417846,0.3287402999948779,0.8107604960604328,3.1132028002016763,1.933709937066189,2.73386215311469
ADNI,ADNI-1525_S_PF51F8F_AD_M_Sag_IR-FSPGR,1.0,11637.3291015625,11263,4812.5595703125,5324,11907.298828125,15654,54583.6953125,17582,36505.6796875,38610,27966.599609375,31764,1762581.125,1735619,0.6602436016420238,0.27304045765907653,0.6755603279324235,3.0968047109037324,1.586684392151028,2.07114890598298
ADNI,ADNI-0127_S_P57D71F_AD_M_MPRAGE_SENSE2,1.0,14966.32421875,11263,7159.7626953125,5324,16279.2197265625,15654,42489.31640625,17582,38631.1015625,38610,37895.98046875,31764,1738001.875,1735619,0.8611224437689401,0.4119536807353847,0.9366629553585781,2.4447221270258988,2.180433808148222,2.2227307184291734
ADNI,ADNI-0578_S_PA0EE2B_AD_F_MPRAGE_GRAPPA2,1.0,12429.736328125,11263,4743.171875,5324,12098.1455078125,15654,42022.32421875,17582,44762.41796875,38610,28871.75390625,31764,1739212.25,1735619,0.7146762178178655,0.27271955306202567,0.6956106425660525,2.416169976881775,1.6600477547378132,2.5737179558590393
ADNI,ADNI-1519_S_PA447E7_AD_M_Sag_IR-FSPGR,1.0,14173.0537109375,11263,5550.466796875,5324,15037.208984375,15654,46266.2265625,17582,43016.94140625,38610,34287.8359375,31764,1794721.75,1735619,0.7897075806284456,0.30926614651407663,0.8378573995871506,2.577905269298709,1.910481997418263,2.3968585328756395
ADNI,ADNI-1243_S_P35A748_AD_M_MPRAGE,1.0,11621.267578125,11263,4933.86328125,5324,12670.080078125,15654,44095.5546875,17582,42539.3125,38610,28843.490234375,31764,1734770.0,1735619,0.6699024987822594,0.2844102262115439,0.7303608016120292,2.541867491800066,1.662669416370758,2.452158643508938
ADNI,ADNI-0343_S_PB92975_AD_F_Sag_IR-SPGR,1.0,11938.1923828125,11263,5287.6015625,5324,14612.6435546875,15654,23868.6796875,17582,46798.29296875,38610,31359.47265625,31764,1809344.875,1735619,0.6598074556025424,0.2922384579943611,0.8076206894878181,1.3191890621460434,1.7331948756452524,2.5864772169954606
ADNI,ADNI-0109_S_P3AAFD5_AD_F_Accelerated_Sag_IR-FSPGR,1.0,14133.7392578125,11263,4719.095703125,5324,12551.005859375,15654,58893.59765625,17582,46253.49609375,38610,31030.32421875,31764,1752614.0,1735619,0.8064376558564808,0.26926041348094903,0.716130640253644,3.3603290659694607,1.770516737784247,2.6391148361105183
ADNI,ADNI-0045_S_PB89B54_AD_M_Sag_IR-SPGR,1.0,16180.82421875,11263,5061.2275390625,5324,13821.697265625,15654,56566.3984375,17582,44112.1796875,38610,34651.578125,31764,1743495.5,1735619,0.928068023046231,0.2902919760367893,0.7927578399614452,3.244424688076339,1.9874773479484173,2.5301000024089535
ADNI,ADNI-1606_S_P112A87_AD_F_MPRAGE_SENSE2,1.0,12704.673828125,11263,5486.3857421875,5324,15909.8984375,15654,61537.53515625,17582,39067.95703125,38610,33662.1328125,31764,1738629.0,1735619,0.7307294326808652,0.3155581634832676,0.9150830014626468,3.539428777286586,1.9361308716523191,2.24705541154841
ADNI,ADNI-0879_S_P554A42_AD_M_MPRAGE_GRAPPA2,1.0,14425.29296875,11263,5798.7744140625,5324,13853.14453125,15654,58376.1015625,17582,41031.34375,38610,33623.2578125,31764,1723580.625,1735619,0.8369375217796963,0.3364376652854577,0.803742182426192,3.386908666515093,1.9507795182195204,2.380587432630255
ADNI,ADNI-0877_S_PE8F1DF_AD_F_MPRAGE,1.0,14226.705078125,11263,5615.6005859375,5324,15204.51953125,15654,43934.4296875,17582,41755.51953125,38610,34564.60546875,31764,1732594.0,1735619,0.8211216867959257,0.32411520448169046,0.8775581314058574,2.535760235086812,1.9949627823223446,2.4100002384430512
ADNI,ADNI-1351_S_PD2AA8C_AD_M_MPRAGE_SENSE2,1.0,15002.7353515625,11263,6183.583984375,5324,15521.69921875,15654,65492.6875,17582,38619.21875,38610,36202.3125,31764,1745823.25,1735619,0.8593501863125319,0.3541930137758791,0.8890762119676204,3.751392788473862,2.073652788161688,2.212092131892504
ADNI,ADNI-0944_S_P3B69B9_AD_M_MPRAGE_GRAPPA2,1.0,13896.10546875,11263,5921.2841796875,5324,16245.857421875,15654,29857.125,17582,44661.546875,38610,35601.2890625,31764,1767171.875,1735619,0.7863471383478192,0.3350712097366025,0.9193139417678317,1.6895427899450925,2.014591198861175,2.527289365953722
ADNI,ADNI-0556_S_PB0BA8B_AD_M_MPRAGE,1.0,12785.580078125,11263,6195.73828125,5324,16525.947265625,15654,26999.13671875,17582,43570.85546875,38610,35007.30859375,31764,1747491.0,1735619,0.7316535580512289,0.35455051163353635,0.9456957011867301,1.5450229339521635,2.003289779103297,2.4933379038146692
ADNI,ADNI-1106_S_P54937E_AD_M_MPRAGE,1.0,14257.953125,11263,5581.55859375,5324,15528.212890625,15654,37662.38671875,17582,43935.671875,38610,34896.63671875,31764,1746049.125,1735619,0.816583733003503,0.31966790131119593,0.8893342500100047,2.157006133418497,1.9986056645886179,2.5162907071701093
ADNI,ADNI-1148_S_PA72C1E_AD_F_MPRAGE,1.0,12717.529296875,11263,5879.5888671875,5324,15171.916015625,15654,30410.201171875,17582,44232.265625,38610,33313.57421875,31764,1744724.125,1735619,0.7289134777611331,0.3369924667710719,0.86958825170283,1.7429804939434195,1.9093892118188027,2.5352011238452956
ADNI,ADNI-1244_S_P8D4D0D_AD_F_MPRAGE_GRAPPA2,1.0,11934.7919921875,11263,5054.00927734375,5324,14492.0986328125,15654,30758.4375,17582,44841.27734375,38610,31085.98046875,31764,1755246.0,1735619,0.6799498185546357,0.2879373761480585,0.8256448744399646,1.7523718897522058,1.7710326910729324,2.5547004433424148
ADNI,ADNI-1022_S_P467400_AD_M_MPRAGE_GRAPPA2,1.0,16798.583984375,11263,5673.1845703125,5324,16513.939453125,15654,55905.859375,17582,43022.06640625,38610,38495.7578125,31764,1745113.0,1735619,0.9626072342808174,0.3250898119670474,0.9462962829985796,3.203566724618979,2.2059177722302223,2.4652882882798997
ADNI,ADNI-0206_S_PECB8D5_AD_M_MPRAGE_SENSE2,1.0,11546.59765625,11263,5588.33837890625,5324,16307.66015625,15654,29028.275390625,17582,39128.51171875,38610,33026.04296875,31764,1760605.625,1735619,0.6558310102099101,0.317410003668837,0.9262528714373499,1.6487664800358115,1.8758342299826516,2.222446138029918
ADNI,ADNI-0110_S_P9BE4AB_AD_M_Sag_IR-FSPGR,1.0,15363.0322265625,11263,6823.9755859375,5324,15995.3212890625,15654,59439.46875,17582,43864.94140625,38610,37703.05078125,31764,1757211.75,1735619,0.8742846288480886,0.3883411083460772,0.9102671484562119,3.3826013711779472,2.145617953058304,2.4962809067404654
ADNI,ADNI-0165_S_PBE97FB_AD_F_Accelerated_SAG_IR-SPGR,1.0,10628.501953125,11263,4361.25537109375,5324,13071.931640625,15654,29161.626953125,17582,38426.23046875,38610,27699.515625,31764,1803904.125,1735619,0.589194392641294,0.24176758125068037,0.7246466959891785,1.616584082766871,1.535531475377052,2.130170330906583
ADNI,ADNI-0880_S_P12C834_AD_M_MPRAGE_GRAPPA2,1.0,14915.0419921875,11263,6045.48291015625,5324,17184.63671875,15654,48313.125,17582,45077.71484375,38610,37651.4765625,31764,1744095.625,1735619,0.855173407833501,0.34662565650070076,0.9853035849883517,2.7700961063989826,2.15879657186228,2.584589640476278
ADNI,ADNI-1113_S_P44C6DC_AD_F_MPRAGE,1.0,13899.54296875,11263,5698.28271484375,5324,16444.97265625,15654,34583.7890625,17582,48793.5234375,38610,35586.52734375,31764,1761088.875,1735619,0.7892584619700127,0.32356587993571595,0.9337957265927309,1.9637730698003528,2.0207116091032034,2.7706451463160824
ADNI,ADNI-1079_S_P80FEF5_AD_M_MPRAGE,1.0,11189.50390625,11263,5999.412109375,5324,13106.14453125,15654,39162.96484375,17582,42785.88671875,38610,29815.955078125,31764,1762748.625,1735619,0.634775925934987,0.34034416616691443,0.7435061554082902,2.22169878837659,1.691446792541109,2.4272256470346134
ADNI,ADNI-1558_S_PEDFE44_AD_F_MPRAGE_GRAPPA2,1.0,10757.1904296875,11263,5280.060546875,5324,13907.4541015625,15654,24321.115234375,17582,46214.49609375,38610,29524.8984375,31764,1759670.0,1735619,0.6113186239287765,0.30005970135735677,0.7903444453541004,1.3821406987886933,1.6778656473941136,2.6263160759545823
ADNI,ADNI-0111_S_P5B70F2_AD_F_Accelerated_Sag_IR-FSPGR,1.0,11416.677734375,11263,4933.44921875,5324,13228.3671875,15654,41743.50390625,17582,38322.19140625,38610,29213.203125,31764,1786916.875,1735619,0.6389036834393877,0.27608722530811625,0.7402900141899438,2.3360629971245865,1.6348383930841777,2.1445984389313018
ADNI,ADNI-0050_S_P7011FC_AD_F_Sag_IR-SPGR,1.0,15783.951171875,11263,6388.2197265625,5324,17570.71875,15654,45530.11328125,17582,44886.93359375,38610,39187.03515625,31764,1756327.25,1735619,0.8986907862344561,0.36372604971895184,1.0004239671166064,2.5923479397845703,2.2311921173146976,2.5557272196141123
ADNI,ADNI-1149_S_P430AC8_AD_M_MPRAGE_GRAPPA2,1.0,13210.328125,11263,5387.1826171875,5324,14685.689453125,15654,55791.87890625,17582,47755.85546875,38610,32857.12109375,31764,1724657.5,1735619,0.7659682067309016,0.3123624613691414,0.8515133847227638,3.2349541231374923,1.9051389098270237,2.7690051774772675
ADNI,ADNI-1657_S_PA8C746_AD_M_MPRAGE_SENSE2,1.0,13060.537109375,11263,6397.6025390625,5324,17296.5625,15654,25747.560546875,17582,41265.8984375,38610,36195.65234375,31764,1786064.875,1735619,0.7312465124972014,0.35819541768114666,0.9684173706176266,1.4415803651519097,2.026558656988873,2.310436704461813
ADNI,ADNI-0621_S_PA2127C_AD_M_Sag_IR-FSPGR,1.0,13920.4150390625,11263,5786.5576171875,5324,16645.447265625,15654,51377.12109375,17582,41764.37109375,38610,35872.9609375,31764,1760120.25,1735619,0.7908786367898728,0.3287592206945804,0.9456994353439772,2.9189551733042105,2.038097166230546,2.372813510539976
ADNI,ADNI-0187_S_P6DE604_AD_M_MPRAGE_GRAPPA2,1.0,13824.142578125,11263,5152.46044921875,5324,13264.439453125,15654,57426.890625,17582,42223.1796875,38610,31796.42578125,31764,1715900.125,1735619,0.8056496049340285,0.30027740974835293,0.7730309742313819,3.3467501859993165,1.8530464167458465,2.4607014751222773
ADNI,ADNI-1617_S_P81163B_AD_F_MPRAGE_SENSE2,1.0,12984.517578125,11263,5117.1220703125,5324,14177.0859375,15654,33694.66015625,17582,47731.828125,38610,31833.568359375,31764,1754553.75,1735619,0.7400467257343926,0.2916480655159467,0.8080166217478375,1.9204119655068987,1.8143398775543353,2.7204540257031167
ADNI,ADNI-0396_S_PF8CF05_AD_F_MPRAGE_SENSE2,1.0,12962.5693359375,11263,5948.69140625,5324,15589.234375,15654,21652.279296875,17582,40028.4296875,38610,34036.6796875,31764,1766440.75,1735619,0.7338241792676884,0.33676144564996024,0.882522347551142,1.2257574615437852,1.9268509112179393,2.2660499474720566
ADNI,ADNI-0702_S_P53A15A_AD_M_MPRAGE,1.0,9509.736328125,11263,5058.4453125,5324,13229.732421875,15654,40859.19140625,17582,41069.48046875,38610,27417.41796875,31764,1739474.25,1735619,0.5467017593462508,0.2908031155103331,0.7605592564463084,2.348939135273201,1.5761899303050906,2.3610283664015146
ADNI,ADNI-1701_S_P42D5B7_AD_F_MPRAGE,1.0,12416.04296875,11263,5984.427734375,5324,15180.2197265625,15654,60788.88671875,17582,39847.8984375,38610,33089.7734375,31764,1756425.375,1735619,0.7068927120658343,0.3407163104993857,0.8642678443746863,3.4609433218163335,1.8839270889889075,2.2686929376376153
ADNI,ADNI-0878_S_PFA436B_AD_F_MPRAGE,1.0,12931.12109375,11263,5264.859375,5324,13470.681640625,15654,45304.9453125,17582,48332.2578125,38610,31210.37109375,31764,1763839.375,1735619,0.7331235075614524,0.2984885953688385,0.763713625602955,2.568541441734171,1.7694565353350271,2.7401734249469287
ADNI,ADNI-0557_S_P4760E1_AD_M_MPRAGE_GRAPPA2,1.0,11024.931640625,11263,4803.4169921875,5324,13685.572265625,15654,42211.046875,17582,47782.33203125,38610,29162.83984375,31764,1713934.375,1735619,0.6432528457004079,0.28025676258389415,0.7984886974231437,2.4628158166790954,1.7015143793793157,2.7878740708056573
ADNI,ADNI-0352_S_PD72BCF_AD_F_Sag_IR-SPGR,1.0,12911.560546875,11263,5730.0927734375,5324,16656.373046875,15654,39032.67578125,17582,42264.44921875,38610,34791.4609375,31764,1792599.875,1735619,0.7202700796169028,0.31965263711945197,0.9291740604899351,2.177433811393633,1.9408380767347762,2.357717960833284
ADNI,ADNI-0350_S_P73533E_AD_F_Sag_IR-SPGR,1.0,12488.796875,11263,5991.8447265625,5324,14528.0498046875,15654,26680.767578125,17582,50943.48046875,38610,32558.046875,31764,1745106.125,1735619,0.7156468421082414,0.3433513091682318,0.8325023674240728,1.5288908333941582,1.8656771876839295,2.919219624465532
ADNI,ADNI-0942_S_PE772E2_AD_F_MPRAGE_GRAPPA2,1.0,11828.615234375,11263,5034.2138671875,5324,14246.923828125,15654,25301.51171875,17582,43990.62890625,38610,30711.138671875,31764,1760549.75,1735619,0.6718705469342744,0.28594556144678673,0.8092315385080712,1.4371369919395915,1.7444061817551593,2.4986870667102705
ADNI,ADNI-1650_S_PDFF076_AD_M_MP-RAGE,1.0,17875.4453125,11263,6985.6220703125,5324,16234.8515625,15654,68759.890625,17582,45034.5546875,38610,40569.27734375,31764,1726870.25,1735619,1.0351354024716102,0.4045250110894261,0.9401315218963323,3.981763576331227,2.3492950523497638,2.607871360775368
ADNI,ADNI-0060_S_P26B31A_AD_M_Accelerated_SAG_IR-SPGR,1.0,16211.7529296875,11263,7023.404296875,5324,15665.24609375,15654,62766.73828125,17582,40324.53125,38610,38333.5,31764,1745900.875,1735619,0.928560902960055,0.40227967105377616,0.8972586197798887,3.595091747763171,2.1956286607623126,2.3096689982471084
ADNI,ADNI-0233_S_PED8DC8_AD_F_MPRAGE,1.0,11537.7412109375,11263,5169.966796875,5324,14874.5986328125,15654,39235.26171875,17582,43605.1796875,38610,31127.333984375,31764,1735843.25,1735619,0.6646764453494001,0.2978360400269437,0.8569090920399927,2.260299812137415,1.7932111084555014,2.5120459285422228
ADNI,ADNI-0061_S_P577928_AD_F_Accelerated_SAG_IR-SPGR,1.0,11085.693359375,11263,4841.322265625,5324,14163.14453125,15654,34940.2109375,17582,42448.7578125,38610,29690.19140625,31764,1762833.75,1735619,0.628856428428092,0.27463294627896706,0.803430529467115,1.9820479916214446,1.684230938184046,2.407984179591524
ADNI,ADNI-0624_S_P7A20AD_AD_F_Sag_IR-FSPGR,1.0,14814.853515625,11263,6166.2265625,5324,15031.625,15654,45509.4453125,17582,41101.48046875,38610,35507.11328125,31764,1778535.0,1735619,0.8329807125316623,0.3467025705144965,0.8451689171143665,2.5588164029664866,1.9964247698948854,2.310973945902105
ADNI,ADNI-1752_S_P029B32_AD_F_MPRAGE_GRAPPA2,1.0,12630.83203125,11263,5417.294921875,5324,14799.333984375,15654,41131.80078125,17582,41693.515625,38610,32390.4140625,31764,1761617.5,1735619,0.7170019616204993,0.30751822809860824,0.8400991693358518,2.334888293358235,1.8386746307016137,2.3667746048730782
ADNI,ADNI-1697_S_P5D9CE4_AD_M_MPRAGE,1.0,12804.337890625,11263,5701.8232421875,5324,14356.11328125,15654,43475.54296875,17582,43249.7265625,38610,32382.9296875,31764,1741136.0,1735619,0.7354013638581363,0.32747718973058393,0.82452567066846,2.496964221562819,1.8598736507372198,2.483994734615791
ADNI,ADNI-0234_S_PBB41C3_AD_F_MPRAGE_GRAPPA2,1.0,10526.37890625,11263,4677.939453125,5324,12948.13671875,15654,22588.830078125,17582,45104.921875,38610,27776.75,31764,1741882.875,1735619,0.6043103734084302,0.2685564867916277,0.7433414097230848,1.2968053364739005,1.594639364027274,2.5894348306857315
ADNI,ADNI-0417_S_PB5AE2F_AD_F_MPRAGE_SENSE2,1.0,15610.9677734375,11263,6105.619140625,5324,15198.38671875,15654,74104.484375,17582,41223.203125,38610,36447.1796875,31764,1721435.5,1735619,0.90685754844939,0.3546818420222541,0.8828902807424386,4.304807492061132,2.1172550285793457,2.39469925681212
ADNI,ADNI-1614_S_PD2A3C4_AD_F_MPRAGE,1.0,11549.78125,11263,5412.787109375,5324,15126.916015625,15654,42231.42578125,17582,46651.28125,38610,31647.1640625,31764,1751465.125,1735619,0.6594354112531929,0.3090433849988877,0.8636721222539329,2.4112056345540993,1.8068966153408277,2.663557531583736
ADNI,ADNI-1698_S_PE31E1F_AD_F_MPRAGE_GRAPPA2,1.0,13673.322265625,11263,5876.388671875,5324,14709.63671875,15654,50495.25390625,17582,40477.71875,38610,33809.265625,31764,1767462.25,1735619,0.7736132562732245,0.33247604987744434,0.8322461607737308,2.856935354984244,1.9128705931343088,2.2901602990389187
ADNI,ADNI-0773_S_P752E91_AD_M_MPRAGE_GRAPPA2,1.0,11768.42578125,11263,4078.231201171875,5324,12813.5947265625,15654,45533.51953125,17582,37904.65625,38610,28333.515625,31764,1706433.125,1735619,0.6896505704699092,0.2389915632452268,0.7508993196883997,2.6683447985252866,1.6603941408486196,2.221279913914001
ADNI,ADNI-1523_S_PD5DC3F_AD_M_Accelerated_Sag_IR-FSPGR,1.0,14574.779296875,11263,6683.1494140625,5324,17723.8515625,15654,42539.765625,17582,41348.2421875,38610,38396.1171875,31764,1783357.875,1735619,0.8172660967936679,0.3747508847074511,0.9938471582715837,2.385374591457141,2.153023671006023,2.318561112558521
ADNI,ADNI-1524_S_PD5A265_AD_M_Accelerated_Sag_IR-FSPGR,1.0,12980.12890625,11263,5401.58984375,5324,14666.1708984375,15654,39514.8828125,17582,42175.99609375,38610,32553.6328125,31764,1783305.375,1735619,0.7278691068965123,0.30289763713351675,0.8224149999232464,2.215822559975181,1.8254659728427052,2.3650462049299885
ADNI,ADNI-0271_S_PF511B1_AD_M_MPRAGE_ND,1.0,10915.4716796875,11263,4801.11962890625,5324,12615.990234375,15654,41164.046875,17582,46908.94140625,38610,27933.107421875,31764,1762766.25,1735619,0.619223999761029,0.2723628064076136,0.715692749074076,2.3351959952149075,1.5846177802573087,2.661098225941755
ADNI,ADNI-0186_S_P8400F6_AD_M_MPRAGE_GRAPPA2,1.0,13551.4306640625,11263,5252.2080078125,5324,13458.0888671875,15654,72354.15625,17582,42138.08203125,38610,31834.5625,31764,1743557.375,1735619,0.7772288344719657,0.3012351691502266,0.7718753085018208,4.14980070558332,1.82583968594667,2.416787806093849
ADNI,ADNI-0423_S_P7FD945_AD_F_MPRAGE,1.0,12999.923828125,11263,6360.52978515625,5324,14617.8662109375,15654,40271.09375,17582,42955.89453125,38610,33506.33984375,31764,1741598.5,1735619,0.7464363243379574,0.3652121763515673,0.8393361736897167,2.312306409887239,1.9238842846815727,2.466463684439898
ADNI,ADNI-0188_S_P494276_AD_M_MPRAGE,1.0,13392.880859375,11263,6138.12353515625,5324,15078.0888671875,15654,47486.25,17582,41619.1484375,38610,34124.6875,31764,1732302.375,1735619,0.7731260461600995,0.3543332632766407,0.8704074464590803,2.7412217800601932,1.9699036376371648,2.402533705323818
ADNI,ADNI-1066_S_PE4F9A5_AD_M_Accelerated_Sag_IR-FSPGR,1.0,14900.494140625,11263,6482.44677734375,5324,17467.14453125,15654,55564.7109375,17582,43708.8515625,38610,38293.54296875,31764,1776290.25,1735619,0.8388546939682295,0.3649429915715492,0.9833496823646923,3.1281324061481506,2.155815637041863,2.4606818374699744
ADNI,ADNI-0549_S_PAEADF6_AD_F_MPRAGE,1.0,13399.6865234375,11263,5671.21533203125,5324,15458.6162109375,15654,39511.22265625,17582,43732.37890625,38610,34047.20703125,31764,1726098.0,1735619,0.7762992902742196,0.32855697254913974,0.8955816072400002,2.289048632015679,1.9724955959192352,2.5335976813744066
ADNI,ADNI-1067_S_PF5E75D_AD_F_Sag_IR-FSPGR,1.0,12872.298828125,11263,5326.9794921875,5324,14666.53125,15654,39157.1875,17582,43788.31640625,38610,32416.27734375,31764,1793823.125,1735619,0.7175901931872464,0.2969623603323488,0.8176130102013263,2.182890105176897,1.8071055552787567,2.441060982879792
ADNI,ADNI-0263_S_PC748A8_AD_F_MPRAGE_REPEAT,1.0,13356.396484375,11263,6552.84228515625,5324,15856.083984375,15654,45292.1328125,17582,42373.70703125,38610,35219.3046875,31764,1748155.625,1735619,0.7640278870695508,0.3748431885265507,0.9070178740165082,2.5908524484197453,2.0146549988934765,2.4239093147814
ADNI,ADNI-0155_S_PB5AB41_AD_F_MP-RAGE_REPEAT,1.0,14451.19140625,11263,6356.18115234375,5324,17016.8828125,15654,43253.4453125,17582,42582.4140625,38610,37300.828125,31764,1762732.625,1735619,0.8198175492582149,0.3605867992795419,0.9653694820846696,2.45377232480167,2.116079750041502,2.415704654158767
ADNI,ADNI-1094_S_P7A9F8D_AD_F_MPRAGE_Repeat,1.0,13269.4345703125,11263,4939.1728515625,5324,12663.759765625,15654,57564.15625,17582,44678.37109375,38610,30475.533203125,31764,1717022.875,1735619,0.7728164116807412,0.2876591176202297,0.7375417037251178,3.3525561649841156,1.7749054859344842,2.602083626506723
ADNI,ADNI-1509_S_P68EAF9_AD_F_MP-RAGE,1.0,12095.994140625,11263,4780.9326171875,5324,13341.51171875,15654,61752.3046875,17582,33360.19140625,38610,29846.74609375,31764,1754815.125,1735619,0.6893030478424329,0.2724465129731259,0.7602801872789876,3.5190205399842336,1.700848463666507,1.9010658690470312
ADNI,ADNI-1422_S_P48F232_AD_F_MPRAGE_Repeat,1.0,11096.13671875,11263,5676.89501953125,5324,13734.1748046875,15654,21874.212890625,17582,44706.75,38610,30063.4609375,31764,1773590.875,1735619,0.6256311348438799,0.32007917381347883,0.7743710795020582,1.2333291289979713,1.6950617733359727,2.5206912501734653
ADNI,ADNI-1412_S_PF2EC91_AD_F_MPRAGE_Repeat,1.0,16706.84765625,11263,5769.212890625,5324,14533.125,15654,67661.46875,17582,45015.7578125,38610,36534.5,31764,1723469.5,1735619,0.969372980273222,0.33474412460591846,0.8432481688825941,3.925887214714273,2.119822834114558,2.6119265709372863
ADNI,ADNI-1413_S_P455CB4_AD_M_MPRAGE,1.0,15259.30859375,11263,5388.90283203125,5324,14134.103515625,15654,48973.8671875,17582,43797.08203125,38610,34360.890625,31764,1726692.75,1735619,0.8837303911625273,0.31209390506974966,0.8185650582956927,2.836281509116199,1.989982909524581,2.5364722259504475
ADNI,ADNI-1678_S_P1F9EC1_AD_M_MPRAGE,1.0,12554.208984375,11263,5991.00390625,5324,15534.279296875,15654,44148.609375,17582,43636.546875,38610,33602.015625,31764,1733720.0,1735619,0.7241197531536234,0.3455577547845096,0.8960085421449253,2.546467098205016,1.9381454689915325,2.5169316195810163
ADNI,ADNI-0550_S_P2D5241_AD_F_MPRAGE,1.0,11044.17578125,11263,4436.44970703125,5324,11737.4794921875,15654,33626.66015625,17582,46661.94921875,38610,26883.1328125,31764,1772496.5,1735619,0.6230859006632735,0.2502938486497011,0.6622004326771591,1.897135489759782,1.5166818559303221,2.632555224721177
ADNI,ADNI-0722_S_P96C86C_AD_F_MPRAGE_Repeat,1.0,12958.1923828125,11263,5883.48876953125,5324,15244.4140625,15654,25265.08984375,17582,46469.03125,38610,33629.5234375,31764,1759413.25,1735619,0.7365064678700414,0.33440061733826604,0.8664487471888711,1.4359952014542348,1.9114056028337858,2.641166380325941
ADNI,ADNI-0720_S_P8791BE_AD_M_MPRAGE,1.0,16629.341796875,11263,6015.958984375,5324,15441.384765625,15654,56687.55078125,17582,40747.3359375,38610,37568.31640625,31764,1742327.25,1735619,0.9544327448747071,0.34528295326695946,0.8862505459651738,3.2535535893874123,2.156214706866922,2.3386729408898357
ADNI,ADNI-0695_S_PFD559E_AD_F_MPRAGE_Repeat,1.0,14370.3671875,11263,5645.41162109375,5324,14671.6884765625,15654,33714.08203125,17582,44317.06640625,38610,34211.91015625,31764,1740762.375,1735619,0.8255214723089359,0.324306849813074,0.8428312035732333,1.9367423443564489,1.965340625899615,2.545842387376393
ADNI,ADNI-1677_S_PB25A46_AD_M_MPRAGE,1.0,17561.123046875,11263,6133.72412109375,5324,15922.44140625,15654,54886.90234375,17582,46451.35546875,38610,39103.015625,31764,1699009.125,1735619,1.033609695702782,0.36101772679377164,0.9371604408687327,3.230524282425499,2.301518870594647,2.734026250079734
ADNI,ADNI-1395_S_PBF6271_AD_M_Accelerated_Sagittal_MPRAGE,1.0,12556.443359375,11263,6379.64208984375,5324,16083.740234375,15654,28915.97265625,17582,48721.71875,38610,34463.453125,31764,1778414.375,1735619,0.7060471134223147,0.358726412669924,0.9043865400815263,1.6259412352225282,1.937875312383257,2.7396156618448386
ADNI,ADNI-0230_S_PF53F67_AD_M_Accelerated_Sagittal_MPRAGE,1.0,12669.416015625,11263,5242.8427734375,5324,15074.4716796875,15654,41479.41796875,17582,47653.6875,38610,32535.9921875,31764,1740447.375,1735619,0.7279401950102053,0.301235351826567,0.8661262555949156,2.3832618305250395,1.869403962156569,2.7380136960475463
ADNI,ADNI-0613_S_P510AAA_AD_M_MPRAGE_Repeat,1.0,13671.439453125,11263,4783.17529296875,5324,12774.62109375,15654,68093.5,17582,39811.140625,38610,30842.595703125,31764,1707570.0,1735619,0.8006371307252411,0.280115912845081,0.7481169787329363,3.987742815814286,1.8062273115084595,2.3314499918012146
ADNI,ADNI-1233_S_P2EC834_AD_M_MPRAGE_Repeat,1.0,14449.8076171875,11263,4777.421875,5324,12870.142578125,15654,64822.7109375,17582,43163.234375,38610,31723.39453125,31764,1713878.125,1735619,0.8431059015463833,0.2787492182386072,0.7509368601180437,3.7822240678578005,1.8509714353959676,2.518454127244316
ADNI,ADNI-0884_S_PF8E592_AD_M_Accelerated_Sagittal_MPRAGE,1.0,13848.828125,11263,6095.0986328125,5324,14088.9765625,15654,58152.015625,17582,46351.30859375,38610,33581.3046875,31764,1686577.875,1735619,0.8211199927545593,0.3613885088355318,0.8353587919858133,3.4479294722753315,1.9910912614989686,2.7482459767089025
ADNI,ADNI-0886_S_P16044C_AD_F_Accelerated_Sagittal_MPRAGE,1.0,14237.958984375,11263,5826.150390625,5324,14812.328125,15654,49399.71875,17582,45837.86328125,38610,34374.75390625,31764,1746597.125,1735619,0.8151827791640845,0.33357150926404966,0.8480678178718517,2.828340780075428,1.968098619551432,2.6244096377549
ADNI,ADNI-1068_S_P9B1E8E_AD_M_Accelerated_Sagittal_MPRAGE,1.0,14470.11328125,11263,6636.00390625,5324,14799.3671875,15654,27570.587890625,17582,46176.3203125,38610,35395.23046875,31764,1750743.875,1735619,0.8265122893118789,0.3790391045206427,0.8453188041283308,1.5747927657679226,2.021725220586592,2.6375257381665835
MIRIAD,miriad_197_HC_F_07_MR_1,0.0,13377.6494140625,11263,6492.380859375,5324,15350.6455078125,15654,24097.77734375,17582,42989.265625,38610,34710.97265625,31764,1739655.625,1735619,0.7689826205725343,0.3731991990871757,0.8823956470012563,1.3852038873354604,1.9952783848383786,2.4711365288173055
MIRIAD,miriad_199_HC_F_07_MR_1,0.0,12089.021484375,11263,5848.859375,5324,15588.458984375,15654,33517.71484375,17582,41915.5546875,38610,32995.1953125,31764,1773289.875,1735619,0.6817284446726455,0.32983098011541967,0.8790699819664284,1.8901430226544322,1.8606769134403365,2.3637170255370687
MIRIAD,miriad_200_HC_M_07_MR_1,0.0,13303.71484375,11263,6746.69580078125,5324,17064.29296875,15654,29757.228515625,17582,41214.09375,38610,36582.68359375,31764,1749409.125,1735619,0.7604690437264068,0.3856556882188007,0.9754318029380349,1.7009873842761054,2.0911451227139337,2.355886519684182
MIRIAD,miriad_202_HC_M_10_MR_1,0.0,13227.2451171875,11263,6699.79248046875,5324,17269.556640625,15654,22082.181640625,17582,43863.61328125,38610,36696.7109375,31764,1763702.5,1735619,0.7499703105930564,0.37987089548655456,0.9791649465045835,1.2520355128274185,2.080663316942625,2.4870188300606255
MIRIAD,miriad_218_HC_F_10_MR_1,0.0,11056.52734375,11263,6179.5341796875,5324,15173.376953125,15654,22420.435546875,17582,42052.10546875,38610,31890.625,31764,1766251.5,1735619,0.6259882776461902,0.34986717235271986,0.8590722755578694,1.2693795615672514,1.8055540221763435,2.3808673605514277
MIRIAD,miriad_219_HC_M_07_MR_1,0.0,13454.8818359375,11263,6411.18310546875,5324,17530.76171875,15654,38689.91015625,17582,40649.59375,38610,36860.41796875,31764,1736693.5,1735619,0.7747413021317521,0.3691603098341043,1.009433254558159,2.22779149897492,2.1224480870545093,2.340631421145988
MIRIAD,miriad_221_HC_F_10_MR_1,0.0,12626.302734375,11263,5651.75927734375,5324,14995.533203125,15654,23615.953125,17582,44321.8359375,38610,32826.29296875,31764,1749975.75,1735619,0.7215130115017309,0.3229621483236982,0.8568994857857316,1.349501735952627,1.8758141630676881,2.532711435429891
MIRIAD,miriad_223_HC_M_10_MR_1,0.0,14977.025390625,11263,6082.6943359375,5324,14847.859375,15654,85168.890625,17582,41353.828125,38610,35407.25,31764,1714563.625,1735619,0.8735182044133825,0.35476632346831105,0.8659847414527997,4.967380001719096,2.0650881357639905,2.411915633926971
MIRIAD,miriad_224_HC_M_10_MR_1,0.0,13110.2109375,11263,6221.46875,5324,16617.1640625,15654,48283.328125,17582,41259.5234375,38610,35423.76171875,31764,1749032.25,1735619,0.7495694226049863,0.35570920719157695,0.9500776250695206,2.760573918805671,2.0253349655931157,2.3589915759129085
MIRIAD,miriad_227_HC_M_10_MR_1,0.0,13821.4892578125,11263,6049.71826171875,5324,17202.951171875,15654,28703.291015625,17582,41952.72265625,38610,36523.0859375,31764,1756533.625,1735619,0.7868616382343662,0.3444123229760973,0.9793693059462496,1.6340871934987864,2.0792705256353976,2.3883814154852856
MIRIAD,miriad_230_HC_M_10_MR_1,0.0,12565.822265625,11263,6160.22802734375,5324,14672.5224609375,15654,57699.3359375,17582,37881.421875,38610,32940.48046875,31764,1740756.25,1735619,0.7218599540070587,0.3538822869280952,0.8428820784608702,3.314613170999673,1.8923086140721885,2.1761474000165157
MIRIAD,miriad_231_HC_M_10_MR_1,0.0,12838.1318359375,11263,6207.408203125,5324,17328.951171875,15654,43178.4296875,17582,40449.41796875,38610,35906.75390625,31764,1764025.375,1735619,0.7277747824878936,0.35188882717319186,0.9823527154123278,2.4477215747250805,2.035500986274078,2.2930179203771375
MIRIAD,miriad_232_HC_M_07_MR_1,0.0,12482.607421875,11263,5804.57470703125,5324,14967.384765625,15654,35779.05078125,17582,39513.55859375,38610,32797.5390625,31764,1750810.5,1735619,0.7129616495831502,0.3315364345273946,0.8548831964181732,2.0435707223168924,1.8732774941948316,2.256872379606474
MIRIAD,miriad_233_HC_M_09_MR_1,0.0,12754.607421875,11263,6147.9404296875,5324,15350.875,15654,30584.24609375,17582,45112.234375,38610,33781.9921875,31764,1748734.875,1735619,0.7293619864403401,0.35156503810719164,0.8778274636971485,1.7489355608436643,1.931796104169307,2.5797069081155026
MIRIAD,miriad_235_HC_F_09_MR_1,0.0,11630.3828125,11263,5676.966796875,5324,16784.32421875,15654,16854.9921875,17582,42689.10546875,38610,33590.109375,31764,1783720.0,1735619,0.652029624184289,0.31826557962432445,0.9409730349354158,0.9449348657580786,1.8831492260556588,2.393262702035633
MIRIAD,miriad_238_HC_F_09_MR_1,0.0,13388.70703125,11263,6429.65478515625,5324,15438.658203125,15654,27676.5,17582,43569.4375,38610,34756.515625,31764,1775739.5,1735619,0.7539792312583011,0.3620832213934673,0.8694213426645632,1.5585900972524405,1.9572981073518947,2.4535939815496586
MIRIAD,miriad_241_HC_M_09_MR_1,0.0,10654.162109375,11263,5209.7900390625,5324,14163.375,15654,26368.068359375,17582,40601.5703125,38610,29614.41796875,31764,1752917.875,1735619,0.6077958506398938,0.29720673816863785,0.8079885088740966,1.504238660318014,1.689435562903938,2.316227753253985
MIRIAD,miriad_243_HC_F_09_MR_1,0.0,14594.3359375,11263,6309.36328125,5324,14814.05078125,15654,51973.29296875,17582,41899.109375,38610,35237.59375,31764,1720999.875,1735619,0.8480149330342048,0.36661032768814117,0.8607816302862892,3.0199475156121087,2.047507048773028,2.4345794548648643
MIRIAD,miriad_245_HC_F_07_MR_1,0.0,12398.67578125,11263,6686.68310546875,5324,15085.8486328125,15654,26639.76953125,17582,41008.84765625,38610,33657.9921875,31764,1762523.0,1735619,0.7034617863851989,0.37938132469583374,0.8559235047039102,1.511456561488843,1.9096483953684578,2.3267127666560947
MIRIAD,miriad_247_HC_F_07_MR_1,0.0,11221.138671875,11263,5384.45458984375,5324,14624.486328125,15654,37007.3359375,17582,43450.37109375,38610,30798.79296875,31764,1757709.625,1735619,0.6383954728514956,0.30633356689070584,0.8320194712550999,2.105429441310592,1.7522116583249636,2.4719880050580025
MIRIAD,miriad_248_HC_F_07_MR_1,0.0,11285.517578125,11263,5987.771484375,5324,14481.09375,15654,26795.328125,17582,42156.98828125,38610,31243.34765625,31764,1766980.0,1735619,0.6386896047564206,0.33887035984419744,0.8195391996513826,1.5164477314400842,1.7681777754275656,2.385821473998008
MIRIAD,miriad_249_HC_F_07_MR_1,0.0,13152.4013671875,11263,5422.017578125,5324,15827.078125,15654,26613.3125,17582,41939.96484375,38610,33941.42578125,31764,1775132.125,1735619,0.7409252067469344,0.30544304290166574,0.8916000055488827,1.4992299516859906,1.9120506751715733,2.3626390539098603
MIRIAD,miriad_251_HC_M_07_MR_1,0.0,15726.24609375,11263,6707.7861328125,5324,18237.009765625,15654,35149.74609375,17582,43021.625,38610,40086.75390625,31764,1732376.25,1735619,0.9077846740135118,0.3872014600068836,1.0527164503452988,2.0289903012552846,2.313975033209443,2.483388063072326
MIRIAD,miriad_188_AD_M_09_MR_1,1.0,14658.779296875,11263,6050.384765625,5324,15981.998046875,15654,45801.6953125,17582,44656.1640625,38610,36170.5703125,31764,1746387.5,1735619,0.83937724570721,0.34645144709435904,0.9151461543829762,2.622653638582502,2.0711652088955055,2.5570593045644223
MIRIAD,miriad_189_AD_M_10_MR_1,1.0,16177.521484375,11263,6258.29931640625,5324,15206.814453125,15654,57863.98046875,17582,42693.38671875,38610,37136.9765625,31764,1738879.25,1735619,0.9303418557887214,0.35990419210570546,0.8745181388026225,3.3276594949735583,2.1356846119418584,2.4552243474496573
MIRIAD,miriad_190_AD_M_07_MR_1,1.0,18774.5078125,11263,5727.3935546875,5324,14752.0263671875,15654,69821.53125,17582,43656.7890625,38610,38773.1015625,31764,1707330.75,1735619,1.0996409343942293,0.3354589352231546,0.864040337069282,4.089514070428358,2.2709777565067575,2.5570200186753502
MIRIAD,miriad_191_AD_F_10_MR_1,1.0,13383.2919921875,11263,5561.3544921875,5324,14129.64453125,15654,56086.05078125,17582,45633.0546875,38610,32607.724609375,31764,1731471.25,1735619,0.7729433562461693,0.3211924247767614,0.8160484634815622,3.2392135174782717,1.8832380040601309,2.6355075019293563
MIRIAD,miriad_192_AD_M_09_MR_1,1.0,16750.66015625,11263,6770.2958984375,5324,16164.4345703125,15654,48374.484375,17582,45531.79296875,38610,39103.359375,31764,1753973.75,1735619,0.9550120209182149,0.38599756116290224,0.9215893094359308,2.7579936344543357,2.229415313370568,2.5959221435754096
MIRIAD,miriad_193_AD_M_09_MR_1,1.0,14167.826171875,11263,5664.44970703125,5324,13880.51953125,15654,54750.6796875,17582,43480.7265625,38610,33249.875,31764,1736744.25,1735619,0.8157692862305431,0.3261533589088462,0.7992264567019582,3.1524894749183714,1.9144946067908386,2.5035768255746347
MIRIAD,miriad_194_AD_F_07_MR_1,1.0,15139.966796875,11263,5418.42724609375,5324,14400.1962890625,15654,53520.640625,17582,44428.296875,38610,34514.3359375,31764,1739966.75,1735619,0.8701296617808931,0.31140981550904634,0.8276133029014778,3.075957665570334,1.9836204305340892,2.553399188518976
MIRIAD,miriad_195_AD_F_10_MR_1,1.0,13098.248046875,11263,4909.849609375,5324,13321.6865234375,15654,71716.421875,17582,39882.58203125,38610,30927.306640625,31764,1746315.875,1735619,0.750050333641673,0.28115472576660855,0.7628451824866735,4.106726789905634,1.77100300600686,2.2838126024165013
MIRIAD,miriad_196_AD_F_07_MR_1,1.0,13851.7314453125,11263,4576.4990234375,5324,12930.77734375,15654,62582.51171875,17582,44860.0546875,38610,30944.421875,31764,1708592.5,1735619,0.8107100695638368,0.26785199065532006,0.7568087384060271,3.6628108644249577,1.811106034645476,2.6255561046592444
MIRIAD,miriad_198_AD_F_09_MR_1,1.0,13906.13671875,11263,5414.9287109375,5324,14455.1630859375,15654,47300.1796875,17582,42223.8671875,38610,33324.07421875,31764,1716282.0,1735619,0.810247775059693,0.3155034377181314,0.8422370616214293,2.755967823906561,1.941643285820745,2.460194023330665
MIRIAD,miriad_201_AD_F_07_MR_1,1.0,13407.466796875,11263,5218.6953125,5324,13994.744140625,15654,33417.99609375,17582,48283.109375,38610,32170.07421875,31764,1732813.5,1735619,0.7737397473458627,0.30116889743183556,0.8076312967682328,1.9285396895713243,1.8565225985802858,2.7863996543771155
MIRIAD,miriad_203_AD_F_10_MR_1,1.0,20822.513671875,11263,6367.28515625,5324,16212.15234375,15654,72884.3828125,17582,45112.11328125,38610,42829.4375,31764,1713949.875,1735619,1.2148846343522737,0.3714977461782539,0.9458941933030568,4.252422073457661,2.498873399083506,2.6320555775442385
MIRIAD,miriad_204_AD_M_10_MR_1,1.0,17346.041015625,11263,5914.08984375,5324,15270.638671875,15654,57885.66796875,17582,46672.125,38610,38013.578125,31764,1747803.25,1735619,0.992448149734531,0.33837274554501484,0.8737046731017921,3.3119098484769385,2.1749346286545697,2.670330599282271
MIRIAD,miriad_205_AD_F_10_MR_1,1.0,15033.1494140625,11263,5728.6611328125,5324,14199.533203125,15654,54868.421875,17582,41566.89453125,38610,34477.953125,31764,1720374.0,1735619,0.8738303074832856,0.3329892879578801,0.8253747849668154,3.189331033542706,2.004096383983948,2.41615454146889
MIRIAD,miriad_206_AD_M_10_MR_1,1.0,16614.12109375,11263,6852.43212890625,5324,15715.04296875,15654,68353.515625,17582,44103.984375,38610,38645.5,31764,1722365.125,1735619,0.9646108628534846,0.3978501439354359,0.9124106579172637,3.9685845139833518,2.243746081423937,2.5606640389330924
MIRIAD,miriad_207_AD_F_09_MR_1,1.0,17247.5546875,11263,6173.82763671875,5324,14495.72265625,15654,65348.17578125,17582,45562.890625,38610,37405.8203125,31764,1689724.625,1735619,1.0207316880109978,0.3653747803266316,0.8578748537945938,3.8673861299293075,2.2137228610549484,2.6964684038382885
MIRIAD,miriad_208_AD_M_07_MR_1,1.0,13366.19140625,11263,5731.892578125,5324,15140.0234375,15654,37457.23046875,17582,46899.4453125,38610,33759.90625,31764,1734031.0,1735619,0.7708161737737099,0.33055306266871815,0.8731114632610374,2.1601246153471307,1.9469032704720965,2.7046486085023855
MIRIAD,miriad_209_AD_F_07_MR_1,1.0,18051.578125,11263,5734.6484375,5324,14850.244140625,15654,48147.1171875,17582,41332.0078125,38610,38201.84375,31764,1726555.375,1735619,1.0455255815354316,0.3321439045938506,0.8601081874147826,2.7886228200181535,2.2126046058615407,2.393899924148103
MIRIAD,miriad_210_AD_F_07_MR_1,1.0,15457.2109375,11263,5859.34326171875,5324,15585.220703125,15654,48301.43359375,17582,44075.30078125,38610,36365.12890625,31764,1730422.375,1735619,0.8932623133412732,0.3386076917618885,0.900659915653541,2.7913088903366727,2.101517492586167,2.547083383688332
MIRIAD,miriad_211_AD_F_10_MR_1,1.0,11456.478515625,11263,5024.328125,5324,14184.169921875,15654,42437.6796875,17582,38640.7421875,38610,30230.3125,31764,1725878.5,1735619,0.6638056222164538,0.29111713976389414,0.8218521710465134,2.458903085443153,1.7515898425062946,2.2389028073239223
MIRIAD,miriad_212_AD_M_04_MR_1,1.0,13489.634765625,11263,5266.544921875,5324,13982.1513671875,15654,52296.7421875,17582,45921.703125,38610,32296.671875,31764,1749184.75,1735619,0.771195539271938,0.30108568702505556,0.7993524621791667,2.989778077330025,1.8463842584381096,2.625320345663887
MIRIAD,miriad_213_AD_F_10_MR_1,1.0,14506.0361328125,11263,6780.6123046875,5324,15455.962890625,15654,37531.4921875,17582,43719.08984375,38610,36209.91015625,31764,1722262.625,1735619,0.8422662097084352,0.39370373636758793,0.8974219533228853,2.179196810213541,2.102461589227717,2.538468245732848
MIRIAD,miriad_214_AD_M_09_MR_1,1.0,15421.23828125,11263,5786.0830078125,5324,13902.451171875,15654,51160.7265625,17582,49588.75,38610,34632.8359375,31764,1734792.25,1735619,0.8889386196675712,0.33353175331585094,0.8013899746136749,2.9490981737150372,1.9963679188386967,2.8584834869996683
MIRIAD,miriad_215_AD_M_09_MR_1,1.0,15675.6748046875,11263,6124.197265625,5324,15375.23828125,15654,50764.08203125,17582,43430.7421875,38610,36648.7890625,31764,1747675.25,1735619,0.896944372513572,0.3504196369219625,0.8797537346397736,2.904663325251645,2.0970022355411855,2.485057918368988
MIRIAD,miriad_216_AD_M_07_MR_1,1.0,13775.931640625,11263,5592.0791015625,5324,14897.228515625,15654,56618.28125,17582,43886.2578125,38610,33812.26953125,31764,1728750.625,1735619,0.7968721133867993,0.32347517453898245,0.8617338036031079,3.275098237491599,1.955878947621494,2.5386112477905827
MIRIAD,miriad_217_AD_F_09_MR_1,1.0,15593.5205078125,11263,5830.419921875,5324,14779.849609375,15654,59977.19921875,17582,43822.4609375,38610,35743.56640625,31764,1701764.5,1735619,0.9163148313302163,0.34261026845224474,0.8685014647664233,3.5244124095167106,2.1003826561342653,2.5751189978108013
MIRIAD,miriad_220_AD_M_10_MR_1,1.0,14767.8447265625,11263,6056.6298828125,5324,14905.8427734375,15654,55566.5390625,17582,42358.60546875,38610,35186.1484375,31764,1737351.625,1735619,0.850020486012007,0.3486127848651536,0.857963497944033,3.1983473157024274,2.0252750180896744,2.4381135550927984
MIRIAD,miriad_222_AD_F_10_MR_1,1.0,16117.400390625,11263,5526.21484375,5324,14346.234375,15654,66883.2578125,17582,41524.24609375,38610,35518.54296875,31764,1704273.875,1735619,0.9457048322485726,0.3242562668368075,0.8417798679804325,3.9244430600979556,2.084086571399799,2.4364772999732804
MIRIAD,miriad_225_AD_M_07_MR_1,1.0,13091.1328125,11263,4842.9462890625,5324,14717.8828125,15654,31282.99609375,17582,43749.421875,38610,32213.796875,31764,1754154.125,1735619,0.7462931920249596,0.27608442268791517,0.8390301971042596,1.7833664469905117,1.8364291036855156,2.494046632019863
MIRIAD,miriad_226_AD_F_10_MR_1,1.0,14590.52734375,11263,5151.3896484375,5324,14398.7109375,15654,52386.42578125,17582,45092.8125,38610,33706.08984375,31764,1728178.5,1735619,0.8442720091558829,0.2980820354169144,0.8331726692294806,3.0313087323589545,1.9503824311985136,2.6092682266328393
MIRIAD,miriad_228_AD_F_07_MR_1,1.0,12697.568359375,11263,5232.98046875,5324,13992.90234375,15654,33794.9140625,17582,43192.69921875,38610,31504.259765625,31764,1745358.375,1735619,0.7275049377395058,0.29982269221643376,0.801720869718232,1.936273635636578,1.8050310020499374,2.4747180772401545
MIRIAD,miriad_234_AD_M_09_MR_1,1.0,11711.9462890625,11263,5562.578125,5324,13560.1513671875,15654,39724.88671875,17582,41722.1484375,38610,30377.69921875,31764,1754084.5,1735619,0.6676956719623541,0.3171214456886199,0.7730614669468603,2.2647076990162103,1.7318264438657316,2.378571182716682
MIRIAD,miriad_236_AD_M_07_MR_1,1.0,11066.42578125,11263,4531.2890625,5324,12728.953125,15654,47618.1484375,17582,37696.2265625,38610,27956.28515625,31764,1739180.25,1735619,0.6363012563677629,0.26054165820362785,0.7318938405033061,2.737965109568143,1.6074403533647534,2.1674709428479306
MIRIAD,miriad_237_AD_M_07_MR_1,1.0,14017.474609375,11263,5330.416015625,5324,14008.1875,15654,59628.53515625,17582,40952.921875,38610,32925.4375,31764,1740796.125,1735619,0.8052335599825051,0.3062056457429787,0.8047000621626499,3.4253600579591135,1.8914011254477028,2.3525398113463747
MIRIAD,miriad_239_AD_F_09_MR_1,1.0,14976.7998046875,11263,5259.376953125,5324,14317.4345703125,15654,48004.46875,17582,42045.51171875,38610,34099.7890625,31764,1721199.25,1735619,0.8701374814500704,0.3055646784139024,0.8318290035457835,2.789012878665849,1.9811645317937479,2.4428032790945036
MIRIAD,miriad_240_AD_M_07_MR_1,1.0,17271.125,11263,8142.8505859375,5324,16601.33203125,15654,50260.9921875,17582,47400.4453125,38610,41409.16796875,31764,1724791.375,1735619,1.0013457424669694,0.47210640683645005,0.9625124679934116,2.9140331356016898,2.40082183671344,2.7481842731559345
MIRIAD,miriad_242_AD_F_07_MR_1,1.0,14846.453125,11263,4628.19921875,5324,13754.263671875,15654,51559.5859375,17582,40425.48828125,38610,32854.33984375,31764,1740655.375,1735619,0.852923176995906,0.26588831340322033,0.7901773015738398,2.962078920274497,1.8874695310523486,2.3224291759217417
MIRIAD,miriad_244_AD_F_09_MR_1,1.0,13227.984375,11263,6447.50439453125,5324,16164.435546875,15654,30932.787109375,17582,41961.4140625,38610,35297.26171875,31764,1731010.5,1735619,0.7641770153907211,0.3724705537332818,0.9338149911207932,1.7869785948366574,2.039113091385061,2.424099337496797
MIRIAD,miriad_246_AD_F_07_MR_1,1.0,13130.900390625,11263,5890.7255859375,5324,14661.52734375,15654,31687.20703125,17582,44573.94140625,38610,33243.86328125,31764,1748181.5,1735619,0.7511176837545186,0.33696304336463345,0.8386730636235425,1.8125810753202687,1.901625390798953,2.5497319017647766
MIRIAD,miriad_250_AD_F_05_MR_1,1.0,12967.056640625,11263,5801.50927734375,5324,16569.671875,15654,29437.21875,17582,50840.6015625,38610,34853.359375,31764,1723010.0,1735619,0.7525816240547066,0.3367078123367682,0.9616700933250533,1.7084763727430488,2.0228181713977285,2.950685228901748
MIRIAD,miriad_252_AD_M_10_MR_1,1.0,16990.9375,11263,6244.9296875,5324,15867.0224609375,15654,67850.96875,17582,42980.7578125,38610,38569.4921875,31764,1705679.375,1735619,0.9961390017980373,0.36612564934719927,0.9302464867371395,3.9779439057824098,2.2612392899163716,2.519861495804274
MIRIAD,miriad_253_AD_F_07_MR_1,1.0,11497.015625,11263,4692.703125,5324,12417.0654296875,15654,37052.0078125,17582,46365.34765625,38610,28229.939453125,31764,1722211.375,1735619,0.6675728538257971,0.2724812524827273,0.720995437025696,2.151420455720774,1.6391680988127835,2.6921984333223907
MIRIAD,miriad_254_AD_F_09_MR_1,1.0,12574.0673828125,11263,5308.34228515625,5324,13537.306640625,15654,48554.73828125,17582,40874.328125,38610,30990.875,31764,1738458.0,1735619,0.7232885340233989,0.3053477441017413,0.7786962147273618,2.7929773558665207,1.7826645797597642,2.35118295207592
MIRIAD,miriad_255_AD_F_09_MR_1,1.0,15116.580078125,11263,5866.04150390625,5324,14072.935546875,15654,53976.625,17582,47486.89453125,38610,34588.9765625,31764,1713799.25,1735619,0.882050804849226,0.34228288429384307,0.8211542598629915,3.1495302031436876,2.0182630236592765,2.7708551355271043
MIRIAD,miriad_256_AD_F_07_MR_1,1.0,13832.306640625,11263,5125.798828125,5324,14120.4326171875,15654,52288.20703125,17582,39430.3515625,38610,32648.0625,31764,1723907.625,1735619,0.802380965199629,0.2973360494373937,0.8190945043930355,3.033121164554858,1.8938405994926788,2.287265917888147
MIRIAD,miriad_257_AD_F_10_MR_1,1.0,14721.052734375,11263,4847.2744140625,5324,13449.08203125,15654,62082.5546875,17582,38726.28515625,38610,32573.0234375,31764,1717024.875,1735619,0.8573581518074979,0.28230659232950833,0.7832782289336373,3.615705025094642,1.8970618254729712,2.2554294768880387
OASIS2,OAS2_0001_MR2_mpr-1.nifti_0233,0.0,14648.59765625,11263,5811.5517578125,5324,14646.69140625,15654,59112.98046875,17582,42298.9765625,38610,34665.7890625,31764,1740319.25,1735619,0.841718992434865,0.33393595788890457,0.8416094579342268,3.3966745163997927,1.9919212559707078,2.4305297181824543
OASIS2,OAS2_0004_MR2_mpr-1.nifti_0235,0.0,13983.189453125,11263,5945.9462890625,5324,16339.630859375,15654,33372.3203125,17582,44023.61328125,38610,35800.140625,31764,1766714.375,1735619,0.7914799161083976,0.33655390895104365,0.9248597900481225,1.8889482524587484,2.0263683327419577,2.4918353472530046
OASIS2,OAS2_0005_MR3_mpr-1.nifti_0236,0.0,15814.55078125,11263,6848.16015625,5324,16392.708984375,15654,62177.11328125,17582,44044.125,38610,38569.21484375,31764,1762550.875,1735619,0.8972535775031175,0.3885368787581805,0.9300559329599494,3.5276776496593323,2.1882610817545904,2.4988853158635775
OASIS2,OAS2_0008_MR2_mpr-1.nifti_0238,0.0,14522.0634765625,11263,6419.7646484375,5324,17207.98046875,15654,39568.2734375,17582,43889.23046875,38610,37616.625,31764,1752042.875,1735619,0.8288646176288637,0.36641595591303666,0.9821666304113704,2.2584078279191657,2.1470150951642664,2.5050317600675154
OASIS2,OAS2_0012_MR3_mpr-1.nifti_0241,0.0,14186.759765625,11263,5958.779296875,5324,14983.921875,15654,34540.0,17582,42933.35546875,38610,34685.37890625,31764,1752075.5,1735619,0.8097116685682209,0.3400983175025848,0.8552098282865094,1.971376233501353,1.9796737587078868,2.4504283901435753
OASIS2,OAS2_0013_MR3_mpr-1.nifti_0242,0.0,10851.609375,11263,4457.69921875,5324,12650.4033203125,15654,41323.890625,17582,40470.81640625,38610,27631.9921875,31764,1766364.875,1735619,0.614346986208045,0.25236570777880757,0.7161829075837176,2.339487792690624,1.5643422589854203,2.291192322664931
OASIS2,OAS2_0017_MR5_mpr-1.nifti_0245,0.0,12545.390625,11263,5583.55322265625,5324,15032.697265625,15654,69325.7890625,17582,38634.6875,38610,32737.42578125,31764,1721474.125,1735619,0.7287585937430224,0.324347205779596,0.8732456124267916,4.0271176926635475,1.9017088497481773,2.2442793033557793
OASIS2,OAS2_0022_MR2_mpr-1.nifti_0249,0.0,11782.2890625,11263,6033.2861328125,5324,15772.783203125,15654,24368.86328125,17582,40998.40234375,38610,33155.5234375,31764,1791488.125,1735619,0.6576816724643374,0.33677511163031015,0.8804291238673436,1.360258153050833,1.8507252699484122,2.2885109742912753
OASIS2,OAS2_0027_MR4_mpr-1.nifti_0252,0.0,13757.62890625,11263,5873.26611328125,5324,17684.8984375,15654,33747.92578125,17582,44167.0078125,38610,36837.6875,31764,1783328.0,1735619,0.7714581336832035,0.3293430099948663,0.9916795136677043,1.8924127127062436,2.0656708973335247,2.4766620505313663
OASIS2,OAS2_0029_MR2_mpr-1.nifti_0254,0.0,12755.93359375,11263,5434.4189453125,5324,14561.42578125,15654,35275.0625,17582,50424.0234375,38610,32346.49609375,31764,1793589.0,1735619,0.7111960205905589,0.3029913177050317,0.8118596724918585,1.9667305330262397,1.8034508515468148,2.8113477188753944
OASIS2,OAS2_0030_MR2_mpr-1.nifti_0255,0.0,11288.248046875,11263,6129.341796875,5324,15190.4208984375,15654,16672.525390625,17582,42735.34375,38610,32141.11328125,31764,1786174.0,1735619,0.6319791939013221,0.34315479885358313,0.8504446318464775,0.9334211219413675,1.7994390961490876,2.392563308501859
OASIS2,OAS2_0034_MR4_mpr-1.nifti_0258,0.0,14336.103515625,11263,4719.55419921875,5324,13470.28125,15654,82624.265625,17582,38734.08984375,38610,32170.34375,31764,1727877.75,1735619,0.8296943181093107,0.2731416733168044,0.7795853178849024,4.781835151531988,1.8618414265708323,2.2417147187496336
OASIS2,OAS2_0035_MR2_mpr-1.nifti_0259,0.0,12207.359375,11263,5314.828125,5324,15224.9052734375,15654,21726.025390625,17582,42791.109375,38610,32337.2734375,31764,1781246.375,1735619,0.6853268332967134,0.2983769230126854,0.8547332635799751,1.2197091708116459,1.815429571751409,2.402312783654086
OASIS2,OAS2_0036_MR5_mpr-1.nifti_0260,0.0,11692.1162109375,11263,5170.8671875,5324,15270.2587890625,15654,23710.6484375,17582,40713.8984375,38610,31728.705078125,31764,1772244.125,1735619,0.659735080850529,0.29176946418146543,0.8616340476830471,1.3378883926332665,1.7903123294667433,2.297307569717575
OASIS2,OAS2_0042_MR2_mpr-1.nifti_0265,0.0,11787.3291015625,11263,5259.50244140625,5324,15545.6611328125,15654,31425.736328125,17582,40147.8515625,38610,32163.517578125,31764,1793096.75,1735619,0.6573727324843179,0.2933195011036772,0.8669728018196732,1.752595688332211,1.7937413348233997,2.2390231627211414
OASIS2,OAS2_0045_MR2_mpr-1.nifti_0268,0.0,10885.9296875,11263,4835.1513671875,5324,13690.8857421875,15654,40618.953125,17582,43880.63671875,38610,29030.37109375,31764,1753855.125,1735619,0.6206857985205592,0.27568704497114604,0.7806166853255625,2.3159810947896853,1.6552319903703563,2.5019533308801662
OASIS2,OAS2_0047_MR2_mpr-1.nifti_0270,0.0,13032.353515625,11263,5468.318359375,5324,15155.875,15654,54697.484375,17582,38200.64453125,38610,33241.828125,31764,1749004.625,1735619,0.745129734326746,0.3126531674766154,0.8665428772093727,3.1273493273352546,1.9006140778501373,2.1841362787276792
OASIS2,OAS2_0049_MR3_mpr-1.nifti_0272,0.0,12790.1298828125,11263,5608.74169921875,5324,16009.9892578125,15654,21363.9921875,17582,41118.3984375,38610,33972.953125,31764,1792425.0,1735619,0.7135656935610973,0.31291360582555755,0.8932027425310682,1.1919043858180955,1.8953626023404047,2.2940094250805476
OASIS2,OAS2_0051_MR3_mpr-1.nifti_0274,0.0,12565.4150390625,11263,5117.3037109375,5324,15741.3310546875,15654,40937.8515625,17582,41493.12890625,38610,33049.51171875,31764,1757887.75,1735619,0.71480190012488,0.2911052603294778,0.8954684993218424,2.32880919515481,1.8800695163129728,2.3603969540290612
OASIS2,OAS2_0052_MR2_mpr-1.nifti_0275,0.0,11796.982421875,11263,5076.64501953125,5324,14624.9765625,15654,39610.92578125,17582,42946.91796875,38610,31096.357421875,31764,1762076.375,1735619,0.66949325178229,0.28810584442069087,0.8299853950711983,2.2479687227660605,1.7647565033538912,2.437290379581305
OASIS2,OAS2_0053_MR2_mpr-1.nifti_0276,0.0,11946.2392578125,11263,4971.93603515625,5324,13853.2255859375,15654,58792.34765625,17582,38221.7265625,38610,30411.45703125,31764,1755599.5,1735619,0.6804649498825045,0.2832044572327715,0.7890880343687441,3.348847368448783,1.732254824135573,2.1771324588837033
OASIS2,OAS2_0055_MR2_mpr-1.nifti_0278,0.0,10662.6943359375,11263,5323.005859375,5324,15627.1796875,15654,25805.33984375,17582,38331.453125,38610,31179.544921875,31764,1794946.125,1735619,0.5940397980433814,0.29655518821630367,0.8706210994215773,1.4376665396433557,1.737074137636025,2.1355210939826956
OASIS2,OAS2_0056_MR2_mpr-1.nifti_0279,0.0,12722.12890625,11263,6491.1318359375,5324,16110.25390625,15654,33284.06640625,17582,40088.11328125,38610,34812.33984375,31764,1776164.0,1735619,0.7162699450191536,0.36545791018945883,0.9070251342922162,1.8739297951230856,1.9599732819576345,2.2570051685120296
OASIS2,OAS2_0057_MR3_mpr-1.nifti_0280,0.0,12957.890625,11263,6554.28125,5324,15480.5947265625,15654,63888.29296875,17582,44578.921875,38610,34516.0390625,31764,1742449.875,1735619,0.7436593046901852,0.3761532164590961,0.8884384537352904,3.6665785274741403,1.980891362082941,2.558404836466243
OASIS2,OAS2_0061_MR3_mpr-1.nifti_0283,0.0,13323.2431640625,11263,6606.9482421875,5324,16897.033203125,15654,51155.75390625,17582,44765.5390625,38610,36297.80859375,31764,1768037.125,1735619,0.7535612785315523,0.3736883207238932,0.9556944797256449,2.893364238957935,2.0530003629731475,2.531934337210255
OASIS2,OAS2_0062_MR3_mpr-1.nifti_0284,0.0,14698.8759765625,11263,5035.03564453125,5324,15527.1748046875,15654,68428.421875,17582,41734.15625,38610,34838.76171875,31764,1742281.875,1735619,0.84365659698793,0.28899087551669844,0.8911976315363723,3.9275172896463726,1.9996053577008024,2.395373380670679
OASIS2,OAS2_0067_MR4_mpr-1.nifti_0288,0.0,12386.251953125,11263,6048.83984375,5324,15883.189453125,15654,51035.8359375,17582,37852.3203125,38610,33832.97265625,31764,1752879.5,1735619,0.7066231280087992,0.3450801862735003,0.9061198703690129,2.911542746520796,1.9301368209423408,2.1594365335723302
OASIS2,OAS2_0068_MR2_mpr-1.nifti_0289,0.0,13829.232421875,11263,5597.0224609375,5324,15541.4306640625,15654,61760.2890625,17582,42375.41015625,38610,34517.6328125,31764,1726240.125,1735619,0.8011186984704691,0.32423197560290173,0.9003052610691981,3.577734532297469,1.9995846645321143,2.45478074240975
OASIS2,OAS2_0069_MR2_mpr-1.nifti_0290,0.0,12542.962890625,11263,6217.70361328125,5324,15547.2724609375,15654,37688.0234375,17582,39392.53515625,38610,33848.7265625,31764,1760594.5,1735619,0.7124276993154869,0.35315932279018536,0.8830694666453577,2.1406418932638944,1.9225736853375381,2.237456447594832
OASIS2,OAS2_0070_MR5_mpr-1.nifti_0291,0.0,16685.53515625,11263,7474.603515625,5324,18007.80859375,15654,56923.42578125,17582,39410.9921875,38610,41583.25,31764,1707847.75,1735619,0.9769919570553055,0.4376621695713216,1.054415336129933,3.333050371805683,2.434833550004677,2.3076408413747656
OASIS2,OAS2_0073_MR5_mpr-1.nifti_0293,0.0,11694.314453125,11263,5289.25732421875,5324,15875.4443359375,15654,25913.3984375,17582,38040.2890625,38610,32455.396484375,31764,1788594.875,1735619,0.6538269015852458,0.29572137313760055,0.8875930797877021,1.4488131884812652,1.8145750576622333,2.1268253417364846
OASIS2,OAS2_0076_MR3_mpr-1.nifti_0295,0.0,14270.591796875,11263,6570.935546875,5324,15832.544921875,15654,42962.58984375,17582,38291.63671875,38610,36176.1015625,31764,1762557.0,1735619,0.8096527826830565,0.37280698138414814,0.8982713706209218,2.4375149197302557,2.052478391478971,2.1725048732466523
OASIS2,OAS2_0077_MR2_mpr-1.nifti_0296,0.0,14403.40625,11263,6454.2275390625,5324,17191.375,15654,57815.01171875,17582,38649.72265625,38610,37551.68359375,31764,1731332.125,1735619,0.8319262400332345,0.37278968291901243,0.9929565074061107,3.3393368542012123,2.1689474279090155,2.2323690583775195
OASIS2,OAS2_0078_MR3_mpr-1.nifti_0297,0.0,15740.501953125,11263,7156.45166015625,5324,16944.056640625,15654,63679.6328125,17582,40869.421875,38610,39335.5625,31764,1724404.375,1735619,0.912808050207191,0.4150100616716569,0.9826034360777471,3.6928480196241678,2.2811101079466933,2.3700602055709816
OASIS2,OAS2_0085_MR2_mpr-1.nifti_0301,0.0,11179.3603515625,11263,5347.75732421875,5324,16204.6923828125,15654,23182.3984375,17582,39305.8046875,38610,32294.76171875,31764,1792832.25,1735619,0.6235586375447285,0.2982854265489005,0.9038599335109294,1.2930600973682842,1.8013264608972759,2.1923860800417883
OASIS2,OAS2_0086_MR2_mpr-1.nifti_0302,0.0,12159.3828125,11263,5683.37890625,5324,16883.94921875,15654,19799.345703125,17582,40401.30078125,38610,34274.8125,31764,1774246.0,1735619,0.6853267704985667,0.3203264319744838,0.9516126410176492,1.1159301304962783,1.931795957268609,2.277096906587362
OASIS2,OAS2_0090_MR3_mpr-1.nifti_0305,0.0,13070.9375,11263,5966.2158203125,5324,15107.673828125,15654,40763.00390625,17582,43043.16015625,38610,33672.015625,31764,1728339.125,1735619,0.756271573728333,0.34519937285528385,0.8741151322443735,2.3585072695875007,1.9482296696257455,2.49043486510496
OASIS2,OAS2_0091_MR2_mpr-1.nifti_0306,0.0,13365.56640625,11263,5930.626953125,5324,15993.5498046875,15654,46179.12890625,17582,47079.125,38610,34829.7109375,31764,1731683.75,1735619,0.7718249019920641,0.34247748488284885,0.9235837550989031,2.6667183835530013,2.0113205391862112,2.71869069626599
OASIS2,OAS2_0094_MR2_mpr-1.nifti_0308,0.0,10900.048828125,11263,5284.60888671875,5324,16087.7890625,15654,21729.203125,17582,38403.58984375,38610,31845.16796875,31764,1774816.25,1735619,0.614150835509028,0.29775526828305465,0.9064481499141108,1.2243071994072625,1.7942797159283392,2.1638065260981243
OASIS2,OAS2_0095_MR3_mpr-1.nifti_0309,0.0,13697.71875,11263,6018.7158203125,5324,16157.150390625,15654,58530.63671875,17582,39717.23046875,38610,35433.84375,31764,1767044.0,1735619,0.7751770046473092,0.3406092785642293,0.9143603889108025,3.3123474411927494,2.005260975391671,2.247665053544224
OASIS2,OAS2_0096_MR2_mpr-1.nifti_0310,0.0,12085.3427734375,11263,4978.37353515625,5324,13706.609375,15654,29733.4453125,17582,42373.5,38610,30396.2265625,31764,1777830.25,1735619,0.6797804668605172,0.28002524623238073,0.7709740215636448,1.6724569352163967,1.709737280176215,2.383439026307489
OASIS2,OAS2_0097_MR2_mpr-1.nifti_0311,0.0,10046.7294921875,11263,4073.7900390625,5324,13550.146484375,15654,42245.59375,17582,39567.6640625,38610,27352.287109375,31764,1759234.5,1735619,0.5710852926194604,0.23156606120801407,0.7702296927655182,2.401362282856549,1.5547834645907068,2.249140979357783
OASIS2,OAS2_0100_MR3_mpr-1.nifti_0314,0.0,12414.5087890625,11263,5839.455078125,5324,13820.5068359375,15654,42174.82421875,17582,37627.2578125,38610,31657.623046875,31764,1762096.375,1735619,0.7045306355086566,0.3313924914081388,0.7843218470917914,2.3934459441101796,1.7965886256859815,2.1353688905069115
OASIS2,OAS2_0101_MR3_mpr-1.nifti_0315,0.0,12620.8515625,11263,6081.8798828125,5324,15179.82421875,15654,25683.615234375,17582,39702.1484375,38610,33412.828125,31764,1774233.0,1735619,0.711341270425023,0.34278924373588476,0.855571067540171,1.4475897604415542,1.8832266182062896,2.237707698904259
OASIS2,OAS2_0105_MR2_mpr-1.nifti_0319,0.0,14992.2646484375,11263,6022.68115234375,5324,15744.1015625,15654,57193.8046875,17582,41093.6015625,38610,36282.45703125,31764,1728210.375,1735619,0.8675022940096341,0.34849236177879966,0.911006078325389,3.3094237550506547,2.099423632452733,2.3778124559922285
OASIS2,OAS2_0109_MR2_mpr-1.nifti_0322,0.0,10958.2822265625,11263,5297.75,5324,14813.37109375,15654,50525.98046875,17582,39135.06640625,38610,30639.908203125,31764,1762861.5,1735619,0.6216190112815159,0.30051992172952896,0.8403026042459945,2.8661344336324777,1.7380780170833048,2.2199739688143394
OASIS2,OAS2_0117_MR4_mpr-1.nifti_0328,0.0,13812.3466796875,11263,5261.9482421875,5324,13986.072265625,15654,61773.96875,17582,34422.69140625,38610,32649.078125,31764,1745766.0,1735619,0.7911911836802584,0.30141200150464037,0.80114243636461,3.5385022248113436,1.870186389527577,1.971781522051065
OASIS2,OAS2_0119_MR3_mpr-1.nifti_0330,0.0,14548.037109375,11263,6401.06005859375,5324,17337.4609375,15654,37764.5234375,17582,46926.49609375,38610,37733.3671875,31764,1766986.125,1735619,0.8233249205267529,0.3622586486690013,0.9811882896081031,2.1372280689244234,2.1354648264428224,2.6557365352118993
OASIS2,OAS2_0121_MR2_mpr-1.nifti_0331,0.0,12749.646484375,11263,6455.2744140625,5324,16129.771484375,15654,37802.671875,17582,42001.0859375,38610,34856.96875,31764,1758453.125,1735619,0.725048982148728,0.3670996014785723,0.9172704836459602,2.1497685288028365,1.9822518015656514,2.3885246265805353
OASIS2,OAS2_0122_MR2_mpr-1.nifti_0332,0.0,13959.58203125,11263,6357.91796875,5324,15542.7373046875,15654,27633.333984375,17582,38716.42578125,38610,35398.2265625,31764,1782509.5,1735619,0.7831420831838484,0.35668353906388717,0.8719581749599371,1.5502489038277216,1.9858646791223271,2.172017920872231
OASIS2,OAS2_0126_MR3_mpr-1.nifti_0334,0.0,11723.6357421875,11263,5253.89697265625,5324,13514.98046875,15654,40946.30859375,17582,40381.26953125,38610,30089.478515625,31764,1782093.25,1735619,0.6578575920304675,0.2948160525638178,0.758376727410308,2.2976524148638124,1.6884345707288324,2.265945933595226
OASIS2,OAS2_0128_MR2_mpr-1.nifti_0336,0.0,12029.818359375,11263,6231.8349609375,5324,15422.23046875,15654,32704.283203125,17582,41865.9375,38610,33235.6796875,31764,1768282.25,1735619,0.6803109831235935,0.3524230908802879,0.8721588687976708,1.8494945138495282,1.8795460785460012,2.367604917144873
OASIS2,OAS2_0129_MR3_mpr-1.nifti_0337,0.0,16647.44921875,11263,5672.330078125,5324,15157.044921875,15654,68542.203125,17582,46522.0546875,38610,37029.359375,31764,1729593.625,1735619,0.9625063933009119,0.3279573881480397,0.8763356144929709,3.9629079417426736,2.140928298981213,2.689767932481828
OASIS2,OAS2_0131_MR2_mpr-1.nifti_0338,0.0,11096.759765625,11263,5427.7509765625,5324,16559.0703125,15654,24516.94921875,17582,40821.171875,38610,32648.583984375,31764,1767117.875,1735619,0.6279580962093432,0.30715274025296696,0.9370665390671803,1.3873974999404042,1.847561186849236,2.310042383279044
OASIS2,OAS2_0135_MR2_mpr-1.nifti_0341,0.0,10967.6875,11263,4578.890625,5324,14111.5791015625,15654,52377.7109375,17582,42561.78125,38610,29282.71484375,31764,1753496.625,1735619,0.6254752557621832,0.261129138186964,0.8047679647836505,2.9870437268449264,1.669961289132792,2.427251962917237
OASIS2,OAS2_0138_MR2_mpr-1.nifti_0343,0.0,12642.431640625,11263,5684.0322265625,5324,14911.4267578125,15654,18049.5859375,17582,38964.4375,38610,32800.84765625,31764,1778503.875,1735619,0.7108464489921339,0.31959628013531877,0.8384253173366012,1.014874704026158,1.844294416072048,2.190854799233991
OASIS2,OAS2_0141_MR2_mpr-1.nifti_0346,0.0,12456.4599609375,11263,6194.49951171875,5324,15568.0634765625,15654,15526.220703125,17582,44374.5703125,38610,33721.703125,31764,1778690.375,1735619,0.7003163752397041,0.34826182222517227,0.8752542710848423,0.8729018226752927,1.895872581252372,2.4947889152714393
OASIS2,OAS2_0142_MR2_mpr-1.nifti_0347,0.0,12860.6025390625,11263,5957.92578125,5324,14979.916015625,15654,37905.76171875,17582,44407.578125,38610,33318.6015625,31764,1791048.625,1735619,0.7180487653741116,0.3326501412684985,0.8363768468667343,2.116400481240424,1.8602845895655122,2.479417783813658
OASIS2,OAS2_0143_MR3_mpr-1.nifti_0348,0.0,12428.173828125,11263,5532.388671875,5324,14961.8603515625,15654,49550.5625,17582,43947.75,38610,32488.650390625,31764,1746224.0,1735619,0.7117170436395903,0.316820102797522,0.8568122045947427,2.837583408543234,1.8605087543536798,2.516730385105233
OASIS2,OAS2_0147_MR4_mpr-1.nifti_0352,0.0,13499.7353515625,11263,5687.62939453125,5324,16419.765625,15654,26745.048828125,17582,41185.046875,38610,35135.23828125,31764,1784894.0,1735619,0.7563326086346024,0.3186536228219295,0.9199294537938947,1.4984110444723888,1.9684775836128086,2.3074225626283686
OASIS2,OAS2_0149_MR2_mpr-1.nifti_0353,0.0,11376.2578125,11263,5178.3369140625,5324,14298.859375,15654,42027.203125,17582,39077.9765625,38610,30425.24609375,31764,1762969.625,1735619,0.6452894962668457,0.2937280847401157,0.8110666895352777,2.3838869671393232,1.7257952526408389,2.2165995379812626
OASIS2,OAS2_0152_MR3_mpr-1.nifti_0355,0.0,13236.328125,11263,6034.0068359375,5324,15789.908203125,15654,25004.75,17582,42482.62109375,38610,34580.32421875,31764,1798127.125,1735619,0.7361174825167047,0.3355717597518307,0.8781308053024893,1.3905996774282574,1.9231301134367793,2.362603872835187
OASIS2,OAS2_0154_MR2_mpr-1.nifti_0356,0.0,13468.056640625,11263,6204.67822265625,5324,15326.44921875,15654,33384.12890625,17582,38436.73828125,38610,34564.94140625,31764,1719104.625,1735619,0.7834343788485241,0.3609249915581054,0.8915367334754277,1.9419486412148999,2.0106362872620394,2.235857999698535
OASIS2,OAS2_0156_MR2_mpr-1.nifti_0357,0.0,12550.322265625,11263,5296.76171875,5324,14638.3076171875,15654,33769.52734375,17582,44814.40234375,38610,32090.4453125,31764,1756967.5,1735619,0.7143172691370216,0.30147180973751647,0.8331575636537102,1.9220348323887606,1.8264677811342556,2.550667689854821
OASIS2,OAS2_0158_MR2_mpr-1.nifti_0359,0.0,13033.765625,11263,5888.359375,5324,16926.4453125,15654,26293.474609375,17582,39161.515625,38610,35380.71875,31764,1769561.875,1735619,0.7365532570032342,0.3327580379182842,0.9565331143054832,1.4858748360734773,1.9994055732015588,2.2130628026216943
OASIS2,OAS2_0161_MR3_mpr-1.nifti_0362,0.0,12490.265625,11263,5975.14306640625,5324,16609.869140625,15654,50335.109375,17582,38548.65625,38610,34623.28125,31764,1767368.75,1735619,0.7067153147864587,0.3380812898500242,0.9398077871765584,2.848025313053657,1.9590298430930162,2.181132615929754
OASIS2,OAS2_0169_MR2_mpr-1.nifti_0365,0.0,14081.2255859375,11263,6877.61328125,5324,15182.080078125,15654,36593.97265625,17582,42872.0078125,38610,35622.2421875,31764,1777095.375,1735619,0.7923730928587611,0.38701430311527313,0.8543199364370075,2.0592013895849566,2.00452056139643,2.412476472316518
OASIS2,OAS2_0171_MR3_mpr-1.nifti_0366,0.0,13614.017578125,11263,6916.4873046875,5324,17581.93359375,15654,34055.52734375,17582,41542.171875,38610,37528.16796875,31764,1761909.875,1735619,0.7726852418103962,0.3925562483545022,0.9978906323883338,1.932875672414856,2.1299709196958783,2.357792101880353
OASIS2,OAS2_0174_MR3_mpr-1.nifti_0368,0.0,11474.9189453125,11263,6324.5302734375,5324,16156.060546875,15654,18841.294921875,17582,38648.2265625,38610,33452.1484375,31764,1790712.75,1735619,0.6408017670791979,0.3531850808253585,0.9022139674202354,1.0521673519035926,1.8680912635206288,2.1582594172348415
OASIS2,OAS2_0177_MR2_mpr-1.nifti_0371,0.0,11646.3720703125,11263,5490.443359375,5324,14607.296875,15654,24349.3515625,17582,41641.92578125,38610,31344.57421875,31764,1793500.125,1735619,0.6493655566548957,0.3061300795490605,0.8144575331434672,1.3576442634761456,1.7476761658296511,2.321824526287669
OASIS2,OAS2_0178_MR3_mpr-1.nifti_0372,0.0,13194.6875,11263,5776.49169921875,5324,13903.3330078125,15654,46314.703125,17582,42962.37890625,38610,32464.890625,31764,1755275.75,1735619,0.7517159340918371,0.3290931182304974,0.7920882521058301,2.6385998396548236,1.8495607100479796,2.447614222793769
OASIS2,OAS2_0183_MR4_mpr-1.nifti_0376,0.0,12438.4775390625,11263,5702.23583984375,5324,13843.720703125,15654,53946.75,17582,41297.1875,38610,31561.73046875,31764,1754450.875,1735619,0.7089669888341843,0.32501541770690784,0.7890628857376814,3.0748509843571425,1.7989520777405639,2.3538525978961937
OASIS2,OAS2_0186_MR3_mpr-1.nifti_0379,0.0,11466.724609375,11263,5655.24169921875,5324,16471.845703125,15654,25149.30078125,17582,43991.06640625,38610,33125.1484375,31764,1775116.125,1735619,0.6459703930285123,0.3185843235590432,0.9279305996459809,1.416769327203875,1.866083461863657,2.4782078077427188
OASIS2,OAS2_0002_MR3_mpr-1.nifti_0234,0.5,10597.802734375,11263,4427.0126953125,5324,12314.576171875,15654,49029.98046875,17582,40889.5859375,38610,26997.21484375,31764,1764057.0,1735619,0.6007630555234327,0.2509563293766868,0.698082668069966,2.7793875406945467,1.5304049043625008,2.317928838892394
OASIS2,OAS2_0009_MR2_mpr-1.nifti_0239,0.5,12272.421875,11263,5791.3701171875,5324,15377.8642578125,15654,23801.8125,17582,45894.2578125,38610,33004.90625,31764,1794989.5,1735619,0.6837043823933232,0.3226408910574407,0.856710541081856,1.3260140240374665,1.8387241958796974,2.5567981212424917
OASIS2,OAS2_0010_MR2_mpr-1.nifti_0240,0.5,11902.5908203125,11263,5609.9345703125,5324,15498.3076171875,15654,31735.2578125,17582,40783.70703125,38610,32574.466796875,31764,1759960.875,1735619,0.6762986035307461,0.3187533683277192,0.8806052360219372,1.8031797333278785,1.8508631219926976,2.3173075953321973
OASIS2,OAS2_0016_MR2_mpr-1.nifti_0244,0.5,14565.21484375,11263,5832.3681640625,5324,16202.6572265625,15654,39474.64453125,17582,40866.40625,38610,36155.66015625,31764,1740779.0,1735619,0.8367067182996808,0.3350435732544166,0.9307704899106952,2.2676425055248255,2.0769816361669116,2.34759301726411
OASIS2,OAS2_0018_MR4_mpr-1.nifti_0246,0.5,12603.0625,11263,5038.5107421875,5324,17029.642578125,15654,62157.75390625,17582,42239.51953125,38610,34230.1640625,31764,1737154.375,1735619,0.7255004322802342,0.2900439255542559,0.9803183196153766,3.5781364512437186,1.9704733531526235,2.431535166887514
OASIS2,OAS2_0020_MR3_mpr-1.nifti_0247,0.5,13025.9853515625,11263,5557.5986328125,5324,14532.4228515625,15654,46649.9375,17582,35801.1796875,38610,32704.154296875,31764,1766333.875,1735619,0.7374588426303323,0.3146403243165169,0.8227449553704845,2.6410600034492346,1.8515273221986415,2.026863674768169
OASIS2,OAS2_0021_MR2_mpr-1.nifti_0248,0.5,15000.677734375,11263,5424.080078125,5324,15348.1337890625,15654,27452.80859375,17582,40661.0234375,38610,35330.96484375,31764,1761569.125,1735619,0.8515520351422485,0.30791184979045316,0.8712762713221658,1.5584292551534131,2.0056530477479844,2.308227526268661
OASIS2,OAS2_0023_MR2_mpr-1.nifti_0250,0.5,14309.71484375,11263,5372.111328125,5324,15927.958984375,15654,40818.77734375,17582,45353.2265625,38610,35176.3671875,31764,1754689.0,1735619,0.8155128825535466,0.3061574631245195,0.907736868720041,2.326268492237086,2.0047066567066874,2.584687460997362
OASIS2,OAS2_0026_MR2_mpr-1.nifti_0251,0.5,12540.9921875,11263,5596.8935546875,5324,15251.6875,15654,37352.8671875,17582,44017.2421875,38610,32934.16796875,31764,1783075.5,1735619,0.7033348945403601,0.3138898804165892,0.8553584803335585,2.094856173364504,1.847042818363552,2.468613482014643
OASIS2,OAS2_0031_MR3_mpr-1.nifti_0256,0.5,14466.5390625,11263,5910.60986328125,5324,16370.181640625,15654,61080.4296875,17582,40360.12109375,38610,36290.35546875,31764,1740393.75,1735619,0.8312221910989971,0.339613369864219,0.9406021850299681,3.5095753295769994,2.0851807511231293,2.319022410517735
OASIS2,OAS2_0032_MR2_mpr-1.nifti_0257,0.5,16191.1142578125,11263,6730.9130859375,5324,16548.390625,15654,52336.09765625,17582,44483.28125,38610,38940.8359375,31764,1738487.625,1735619,0.931333305165891,0.3871706067472008,0.9518842922451057,3.0104383202756475,2.2399259780465792,2.558734420096893
OASIS2,OAS2_0037_MR4_mpr-1.nifti_0261,0.5,15407.0390625,11263,6423.984375,5324,16058.48828125,15654,54854.5546875,17582,41628.8203125,38610,37374.9296875,31764,1731235.875,1735619,0.8899445352875444,0.3710634967635476,0.9275736780379508,3.168519985036701,2.158858317761004,2.404572416367007
OASIS2,OAS2_0039_MR2_mpr-1.nifti_0262,0.5,13687.3076171875,11263,5383.849609375,5324,14304.63671875,15654,35400.78125,17582,43514.33984375,38610,32980.3984375,31764,1741180.75,1735619,0.7860934378689576,0.3092068189574805,0.8215480626436974,2.033147980185285,1.894139849495809,2.499128240634983
OASIS2,OAS2_0040_MR3_mpr-1.nifti_0263,0.5,10962.3330078125,11263,5025.580078125,5324,14196.2802734375,15654,26500.705078125,17582,40040.47265625,38610,29798.5546875,31764,1794454.25,1735619,0.610900668423979,0.28006175571904385,0.7911196550949962,1.4768114081551535,1.6605914966904283,2.231345416371022
OASIS2,OAS2_0041_MR3_mpr-1.nifti_0264,0.5,12066.119140625,11263,5697.5,5324,15327.43359375,15654,24980.3125,17582,41250.2109375,38610,32677.453125,31764,1781421.875,1735619,0.6773308057994404,0.31982878845023727,0.8604044785152309,1.4022682021910167,1.8343466858461026,2.315577882835867
OASIS2,OAS2_0043_MR2_mpr-1.nifti_0266,0.5,10987.2392578125,11263,5545.89453125,5324,13928.748046875,15654,33971.94921875,17582,44834.09765625,38610,30072.6484375,31764,1784338.375,1735619,0.6157598475576416,0.3108095756361234,0.7806113594835957,1.903896127255011,1.6853669045536277,2.5126454872243613
OASIS2,OAS2_0054_MR2_mpr-1.nifti_0277,0.5,14902.26171875,11263,5553.4296875,5324,14952.130859375,15654,52081.3125,17582,48396.19921875,38610,34968.6328125,31764,1757740.125,1735619,0.8478080181932468,0.3159414528071947,0.8506451350068032,2.9629699953512754,1.9894085772491539,2.7533193633359194
OASIS2,OAS2_0058_MR3_mpr-1.nifti_0281,0.5,12317.16796875,11263,5316.3515625,5324,16266.7900390625,15654,41087.09765625,17582,45756.109375,38610,33433.58984375,31764,1759532.625,1735619,0.7000249835520953,0.3021456656707346,0.9244949373452226,2.3351142838996806,1.900140376411037,2.600469506781666
OASIS2,OAS2_0060_MR2_mpr-1.nifti_0282,0.5,12577.7734375,11263,5848.2412109375,5324,16744.98046875,15654,25799.05859375,17582,39335.4921875,38610,34675.1328125,31764,1788674.0,1735619,0.7031898175687689,0.3269595919064905,0.9361672651780034,1.4423566616247567,1.9385943337075398,2.199142615563261
OASIS2,OAS2_0063_MR2_mpr-1.nifti_0285,0.5,10947.8076171875,11263,4875.1845703125,5324,16327.5830078125,15654,16643.47265625,17582,36897.87109375,38610,31736.412109375,31764,1794957.5,1735619,0.6099201578414809,0.2716044569474486,0.9096361895929291,0.9272349153810049,1.7680871056487408,2.055640375538139
OASIS2,OAS2_0064_MR3_mpr-1.nifti_0286,0.5,13467.2666015625,11263,5241.84521484375,5324,14885.134765625,15654,41910.0625,17582,39862.41015625,38610,33175.46875,31764,1758461.75,1735619,0.7658549639514479,0.29809264914882283,0.8464861271861613,2.383336600867207,1.88661873083108,2.2668909435334603
OASIS2,OAS2_0066_MR2_mpr-1.nifti_0287,0.5,14776.8583984375,11263,6966.93505859375,5324,16455.32421875,15654,61136.66015625,17582,40067.2578125,38610,37682.4375,31764,1727929.75,1735619,0.8551770347398383,0.40319550367101153,0.9523144224323935,3.538145005967401,2.1807852720864376,2.3188013177329694
OASIS2,OAS2_0075_MR2_mpr-1.nifti_0294,0.5,12970.376953125,11263,6077.8798828125,5324,16092.015625,15654,41723.83984375,17582,44322.21875,38610,34664.87890625,31764,1762345.375,1735619,0.7359724794650424,0.3448745046817228,0.9131022700360308,2.367517765565674,1.966974203694324,2.5149564539811045
OASIS2,OAS2_0080_MR3_mpr-1.nifti_0299,0.5,12656.8984375,11263,6178.4609375,5324,17440.77734375,15654,46981.06640625,17582,38655.6640625,38610,35834.4140625,31764,1767308.125,1735619,0.7161681802090962,0.34959726886900383,0.9868554949211248,2.6583404298132787,2.0276268498737307,2.187262284130562
OASIS2,OAS2_0081_MR2_mpr-1.nifti_0300,0.5,15140.9873046875,11263,5409.1181640625,5324,15182.5751953125,15654,54523.62890625,17582,42556.6015625,38610,35310.71875,31764,1765957.0,1735619,0.8573814257474842,0.3062995397998083,0.859736403282328,3.087483381885856,1.9995231339154917,2.4098322644605727
OASIS2,OAS2_0092_MR2_mpr-1.nifti_0307,0.5,12705.564453125,11263,5178.794921875,5324,15219.5732421875,15654,39814.51171875,17582,39934.9765625,38610,32719.05859375,31764,1787786.75,1735619,0.7106868004880895,0.28967632307796215,0.8513080904189216,2.2270280120797405,1.8301432535927455,2.233766223096798
OASIS2,OAS2_0098_MR2_mpr-1.nifti_0312,0.5,13409.533203125,11263,6845.9404296875,5324,19016.57421875,15654,17375.248046875,17582,41583.84375,38610,38698.96484375,31764,1764456.125,1735619,0.7599811076699343,0.38799153646778833,1.0777584066449937,0.9847367582957043,2.193251750238335,2.3567513615562414
OASIS2,OAS2_0099_MR2_mpr-1.nifti_0313,0.5,12219.361328125,11263,5630.4423828125,5324,15047.0830078125,15654,24706.310546875,17582,41460.28125,38610,32478.3046875,31764,1786747.875,1735619,0.6838883929342857,0.3151223774542057,0.8421492040566999,1.3827530393383005,1.817732940496711,2.3204326603718504
OASIS2,OAS2_0102_MR3_mpr-1.nifti_0316,0.5,13441.8056640625,11263,5994.705078125,5324,14294.91796875,15654,43616.578125,17582,42471.22265625,38610,33247.07421875,31764,1746552.75,1735619,0.7696192207227923,0.34323069132180517,0.8184647139200347,2.4972952076597745,1.9035825982782368,2.431717144314708
OASIS2,OAS2_0103_MR3_mpr-1.nifti_0317,0.5,13450.05078125,11263,6190.9072265625,5324,15538.8916015625,15654,45095.80078125,17582,41463.31640625,38610,34714.61328125,31764,1764018.625,1735619,0.7624664836659534,0.35095475403852383,0.8808802458966385,2.5564242997292617,1.9679278205608515,2.3505033234130392
OASIS2,OAS2_0108_MR2_mpr-1.nifti_0321,0.5,13102.6083984375,11263,6085.56689453125,5324,15702.16015625,15654,35833.55859375,17582,38622.609375,38610,34395.77734375,31764,1758645.25,1735619,0.7450398764866024,0.3460372064537319,0.8928554611141729,2.0375660522638093,1.9558110053036564,2.1961569210731953
OASIS2,OAS2_0111_MR2_mpr-1.nifti_0323,0.5,12410.609375,11263,4669.611328125,5324,13918.11328125,15654,49227.515625,17582,42658.26171875,38610,30632.97265625,31764,1749261.875,1735619,0.7094769258033478,0.26694752768935753,0.7956563554127651,2.8141878771010203,1.751194209057463,2.4386435403647035
OASIS2,OAS2_0112_MR2_mpr-1.nifti_0324,0.5,13529.041015625,11263,5379.92919921875,5324,15146.638671875,15654,54714.9296875,17582,44368.04296875,38610,33636.46875,31764,1751603.5,1735619,0.7723803369669563,0.30714309483959984,0.864729870194653,3.1237052042599824,1.9203243627910083,2.532995793211763
OASIS2,OAS2_0113_MR2_mpr-1.nifti_0325,0.5,12303.166015625,11263,5483.57470703125,5324,16016.169921875,15654,31551.2265625,17582,39057.69140625,38610,33336.83984375,31764,1788514.875,1735619,0.6878984451065859,0.3065993346592239,0.8955010744249471,1.7641019934206585,1.863939758608382,2.1838057906144055
OASIS2,OAS2_0116_MR2_mpr-1.nifti_0327,0.5,10499.9384765625,11263,4558.27783203125,5324,13540.958984375,15654,29994.23046875,17582,39762.07421875,38610,28227.37890625,31764,1772567.25,1735619,0.5923576934281337,0.25715683464372086,0.763917926632967,1.6921349792934512,1.5924574317984268,2.243191293235842
OASIS2,OAS2_0118_MR2_mpr-1.nifti_0329,0.5,11909.0205078125,11263,6199.734375,5324,15634.5126953125,15654,15213.412109375,17582,44573.21875,38610,33336.82421875,31764,1768315.25,1735619,0.6734670476778674,0.3506011937068348,0.8841473654266399,0.8603337051679557,1.885230827407613,2.5206602018503204
OASIS2,OAS2_0124_MR2_mpr-1.nifti_0333,0.5,14148.21484375,11263,6350.34912109375,5324,15346.171875,15654,64998.828125,17582,42792.02734375,38610,35383.6171875,31764,1723096.0,1735619,0.8210926636560006,0.3685429669092001,0.8906161859234772,3.772211654196864,2.053490762412541,2.483438377417741
OASIS2,OAS2_0127_MR5_mpr-1.nifti_0335,0.5,16157.6162109375,11263,6432.421875,5324,17157.234375,15654,50561.68359375,17582,41912.33984375,38610,39222.640625,31764,1753239.625,1735619,0.9215863011844431,0.366887776392802,0.9786017912411716,2.883900344982792,2.237152301699775,2.3905653993959897
OASIS2,OAS2_0133_MR3_mpr-1.nifti_0339,0.5,12051.302734375,11263,5654.09912109375,5324,14930.638671875,15654,52961.99609375,17582,41666.05859375,38610,32199.43359375,31764,1748782.375,1735619,0.6891253541124578,0.3233163372368589,0.8537733960107529,3.0285069686701296,1.8412487485042273,2.3825753958522142
OASIS2,OAS2_0134_MR2_mpr-1.nifti_0340,0.5,14896.787109375,11263,6884.84033203125,5324,17975.83984375,15654,33906.1171875,17582,41337.98046875,38610,39241.75390625,31764,1767944.75,1735619,0.8426047878122322,0.3894262154986037,1.0167647967364364,1.9178267413334043,2.2196255797162214,2.338194135803735
OASIS2,OAS2_0137_MR2_mpr-1.nifti_0342,0.5,11351.3876953125,11263,5661.21533203125,5324,16381.3125,15654,23830.732421875,17582,41177.5,38610,32960.953125,31764,1808045.5,1735619,0.6278264399492435,0.3131124372716975,0.906023244437156,1.3180383138518914,1.8230156887644697,2.2774592785413863
OASIS2,OAS2_0139_MR2_mpr-1.nifti_0344,0.5,12969.484375,11263,5750.1279296875,5324,15189.69921875,15654,41789.86328125,17582,45613.5625,38610,33441.0703125,31764,1757982.875,1735619,0.737748049735695,0.3270866861935444,0.8640413643818914,2.3771484850926092,1.9022409596851162,2.5946534035492244
OASIS2,OAS2_0140_MR3_mpr-1.nifti_0345,0.5,14150.578125,11263,5673.705078125,5324,15688.669921875,15654,46154.4609375,17582,41868.8203125,38610,35061.56640625,31764,1754561.25,1735619,0.8065023734566121,0.3233688808598161,0.8941648473015689,2.63054144946493,1.998309629045438,2.386284338178562
OASIS2,OAS2_0144_MR2_mpr-1.nifti_0349,0.5,12988.212890625,11263,5085.0595703125,5324,14686.8916015625,15654,51627.6953125,17582,42288.765625,38610,32359.234375,31764,1755863.25,1735619,0.7397052640987275,0.2896045332865472,0.8364484877488323,2.9403027435365483,1.842924520175475,2.40843161476271
OASIS2,OAS2_0145_MR2_mpr-1.nifti_0350,0.5,11954.412109375,11263,6002.1728515625,5324,17389.640625,15654,22288.302734375,17582,39735.26953125,38610,34857.1015625,31764,1787493.625,1735619,0.6687806849870583,0.33578709135606005,0.9728504975786976,1.2469025020648676,1.9500545946003023,2.222960069647801
OASIS2,OAS2_0159_MR2_mpr-1.nifti_0360,0.5,11575.1201171875,11263,5752.634765625,5324,14632.900390625,15654,18109.291015625,17582,39485.765625,38610,31549.671875,31764,1782359.125,1735619,0.6494269283238584,0.3227539660743174,0.8209849623108362,1.0160293041743202,1.770107462209671,2.2153653027136158
OASIS2,OAS2_0162_MR2_mpr-1.nifti_0363,0.5,14127.3291015625,11263,4380.7119140625,5324,14438.955078125,15654,69577.0078125,17582,37206.05859375,38610,32559.62890625,31764,1700434.375,1735619,0.8308070754899024,0.25762310962823837,0.8491333326594859,4.091719670892916,1.9147830333793388,2.1880326074771337
OASIS2,OAS2_0172_MR2_mpr-1.nifti_0367,0.5,13752.53125,11263,5226.2490234375,5324,13844.572265625,15654,62595.4453125,17582,39113.46875,38610,32415.29296875,31764,1745913.0,1735619,0.7876985422526781,0.2993418929487036,0.7929703407686981,3.5852556978784165,1.856638501961438,2.2402873883177454
OASIS2,OAS2_0175_MR3_mpr-1.nifti_0369,0.5,14242.6455078125,11263,6424.802734375,5324,15333.9541015625,15654,57154.32421875,17582,44907.80859375,38610,35536.765625,31764,1737416.25,1735619,0.819760118383404,0.36979064368570286,0.8825722737175101,3.2896160732207953,2.0453800650822735,2.5847466658464833
OASIS2,OAS2_0176_MR3_mpr-1.nifti_0370,0.5,11786.7421875,11263,5057.7314453125,5324,14500.513671875,15654,28579.9609375,17582,42373.78125,38610,30955.359375,31764,1764306.875,1735619,0.6680664432314248,0.28666959909185297,0.821881605595115,1.6198973853400644,1.7545337386388633,2.4017239772984507
OASIS2,OAS2_0179_MR2_mpr-1.nifti_0373,0.5,12280.25,11263,5292.9716796875,5324,13304.173828125,15654,40769.90234375,17582,41340.1875,38610,30489.79296875,31764,1772275.5,1735619,0.6929086363830003,0.29865400044674206,0.7506831656886866,2.300426899979715,1.7203754703346068,2.332605032344012
OASIS2,OAS2_0182_MR2_mpr-1.nifti_0375,0.5,12975.375,11263,4982.09130859375,5324,14161.1484375,15654,73906.9296875,17582,40193.25,38610,31740.982421875,31764,1712998.25,1735619,0.7574657475569517,0.29084042021605977,0.8266878519870059,4.314477827837828,1.8529489111781052,2.3463684215672727
OASIS2,OAS2_0185_MR3_mpr-1.nifti_0378,0.5,14733.306640625,11263,5742.865234375,5324,16358.0205078125,15654,46681.60546875,17582,38717.5234375,38610,36376.7890625,31764,1741510.875,1735619,0.8460071568961635,0.3297633863110387,0.9393005086926316,2.6805233397551995,2.0888063109281476,2.223214565771804
OASIS2,OAS2_0007_MR4_mpr-1.nifti_0237,1.0,11819.3701171875,11263,4682.85498046875,5324,12951.6494140625,15654,48419.984375,17582,41181.375,38610,29105.00390625,31764,1747236.25,1735619,0.6764609031656422,0.2680149854073111,0.741264921332905,2.7712328184010606,1.6657738131434716,2.356943716111659
OASIS2,OAS2_0014_MR2_mpr-1.nifti_0243,1.0,14591.830078125,11263,5559.958984375,5324,16765.841796875,15654,56149.5,17582,42336.61328125,38610,36454.484375,31764,1760559.25,1735619,0.8288178928442765,0.31580641119434066,0.9523020481631049,3.1892990820956464,2.0706195701735113,2.404725275860497
OASIS2,OAS2_0028_MR2_mpr-1.nifti_0253,1.0,12278.486328125,11263,4979.30224609375,5324,15305.24609375,15654,29560.314453125,17582,45151.19140625,38610,32154.787109375,31764,1741629.625,1735619,0.7049998548414104,0.2858990324130338,0.8787888006756891,1.6972790327406724,1.8462471381867427,2.592468040169562
OASIS2,OAS2_0044_MR3_mpr-1.nifti_0267,1.0,10974.166015625,11263,4950.8974609375,5324,14239.7666015625,15654,20604.388671875,17582,39388.19921875,38610,29802.1484375,31764,1783262.75,1735619,0.6153981523824797,0.2776314068657297,0.7985231902344453,1.1554320120170178,1.6712146562529835,2.208771490278143
OASIS2,OAS2_0046_MR2_mpr-1.nifti_0269,1.0,16887.7421875,11263,6084.8701171875,5324,16479.4375,15654,56826.2890625,17582,47166.52734375,38610,38948.6171875,31764,1773219.625,1735619,0.9523773563864092,0.3431537769715074,0.9293511794964484,3.2046954737769724,2.19649143503586,2.6599371380039853
OASIS2,OAS2_0048_MR5_mpr-1.nifti_0271,1.0,15201.8046875,11263,5429.40869140625,5324,15084.62890625,15654,51465.8984375,17582,38186.125,38610,35276.62890625,31764,1738557.625,1735619,0.8743917641211346,0.3122938586177867,0.8676519368318321,2.9602641694145744,2.0290744694901903,2.196425614595317
OASIS2,OAS2_0050_MR2_mpr-1.nifti_0273,1.0,13267.4208984375,11263,5906.6826171875,5324,16253.1279296875,15654,42315.54296875,17582,41395.48828125,38610,34960.48828125,31764,1755587.125,1735619,0.7557255751939682,0.336450554522465,0.9257944364161078,2.4103356857752076,1.9913844082930374,2.3579284497914053
OASIS2,OAS2_0071_MR2_mpr-1.nifti_0292,1.0,11165.171875,11263,4598.2646484375,5324,15483.58203125,15654,45942.359375,17582,41851.21875,38610,30853.728515625,31764,1764084.0,1735619,0.6329161125547309,0.2606601867279279,0.8777122875809769,2.604318126291038,1.7489942948082406,2.3724050980565554
OASIS2,OAS2_0079_MR3_mpr-1.nifti_0298,1.0,12686.55859375,11263,5396.1435546875,5324,15232.6328125,15654,36103.59765625,17582,44726.4921875,38610,32892.4375,31764,1771815.875,1735619,0.7160201447991881,0.30455441961132107,0.8597187228893071,2.0376608069532054,1.856425262021089,2.5243307060616558
OASIS2,OAS2_0088_MR2_mpr-1.nifti_0303,1.0,14038.384765625,11263,5364.4287109375,5324,14647.6123046875,15654,59816.7265625,17582,44369.2578125,38610,33618.3828125,31764,1745646.5,1735619,0.8041940201309371,0.307303266207534,0.8390938431513768,3.426623120001673,1.9258413895654132,2.5417092070187177
OASIS2,OAS2_0089_MR3_mpr-1.nifti_0304,1.0,12292.1865234375,11263,4367.99755859375,5324,14364.005859375,15654,43907.34375,17582,41895.953125,38610,30607.94140625,31764,1761814.25,1735619,0.6977004825246191,0.24792611131359338,0.8152962697046524,2.4921664556862337,1.737296732970005,2.378000582354241
OASIS2,OAS2_0104_MR2_mpr-1.nifti_0318,1.0,14905.61328125,11263,4687.69140625,5324,13434.1298828125,15654,55848.39453125,17582,38672.46875,38610,32682.53125,31764,1777938.125,1735619,0.8383651304653812,0.2636588608082185,0.7556016541808788,3.1411888718708925,1.8382265833913651,2.175130180641129
OASIS2,OAS2_0106_MR2_mpr-1.nifti_0320,1.0,11728.294921875,11263,4914.9501953125,5324,14180.34765625,15654,35330.51171875,17582,45879.890625,38610,30438.48046875,31764,1747855.125,1735619,0.6710107007224069,0.2811989463550361,0.8112999443389222,2.0213638540980337,1.741476168898724,2.6249252566055783
OASIS2,OAS2_0114_MR2_mpr-1.nifti_0326,1.0,9965.0703125,11263,4230.79638671875,5324,13813.08984375,15654,16992.119140625,17582,43801.11328125,38610,27686.10546875,31764,1767303.125,1735619,0.563857448761089,0.2393927972440353,0.7815914343358612,0.9614716853185555,1.5665736724564439,2.478415426400041
OASIS2,OAS2_0146_MR2_mpr-1.nifti_0351,1.0,14190.55859375,11263,4749.02197265625,5324,16005.64453125,15654,60566.26953125,17582,40654.453125,38610,34568.359375,31764,1738943.5,1735619,0.8160448337596937,0.27309811806169954,0.9204234945672473,3.482934870008715,1.9878943378551401,2.337882347816361
OASIS2,OAS2_0150_MR2_mpr-1.nifti_0354,1.0,14142.3515625,11263,6521.89453125,5324,16824.26953125,15654,66658.6171875,17582,43075.640625,38610,36989.6796875,31764,1726232.5,1735619,0.8192611112639809,0.37781089924155636,0.9746236113182899,3.86150864309993,2.1427982434289703,2.495355673410158
OASIS2,OAS2_0157_MR2_mpr-1.nifti_0358,1.0,14307.333984375,11263,5561.8642578125,5324,15558.541015625,15654,47572.7265625,17582,31892.51171875,38610,34959.0,31764,1730492.75,1735619,0.8267780367398246,0.3214034995415323,0.8990815486297185,2.7490855747589813,2.020176045233359,1.8429728595366839
OASIS2,OAS2_0160_MR2_mpr-1.nifti_0361,1.0,13598.884765625,11263,4987.6220703125,5324,15153.796875,15654,50353.0859375,17582,43242.10546875,38610,33335.01953125,31764,1731439.25,1735619,0.7854092926231746,0.28806220433737423,0.8752138935859286,2.908163594968752,1.9252780327839973,2.4974659358536546
OASIS2,OAS2_0165_MR2_mpr-1.nifti_0364,1.0,14860.3125,11263,6681.25927734375,5324,18829.76171875,15654,42264.7421875,17582,38311.5390625,38610,39807.14453125,31764,1738635.25,1735619,0.8547113317758858,0.3842818254917902,1.0830196683720752,2.4309148332003505,2.2895627206022655,2.2035409130523496
OASIS2,OAS2_0181_MR3_mpr-1.nifti_0374,1.0,10255.4892578125,11263,4487.7890625,5324,15528.048828125,15654,26423.736328125,17582,47451.890625,38610,29890.2890625,31764,1767168.25,1735619,0.5803346261915072,0.2539536947033764,0.8786966848303777,1.495258661880384,1.691422933979263,2.685193706088823
OASIS2,OAS2_0184_MR2_mpr-1.nifti_0377,1.0,12827.1318359375,11263,5804.19580078125,5324,16364.0751953125,15654,32526.337890625,17582,37608.9296875,38610,34515.58203125,31764,1755629.875,1735619,0.7306284780519299,0.33060475237021414,0.9320914065279563,1.852687650956327,1.9659942293503065,2.1421901178060097
