run_id,config,best_auc,best_f1,best_acc,final_auc,final_f1,final_acc,total_params,run_dir,status
1,"{'model_name': 'densenet169', 'scheduler_name': 'reduce_on_plateau', 'loss_name': 'ce', 'attention_type': 'none', 'use_amp': False, 'dropout_rate': 0.0, 'grad_accum_steps': 1, 'augmentation_intensity': 0, 'batch_size': 3, 'learning_rate': 1e-05, 'num_epochs': 200, 'train_ratio': 0.7, 'val_ratio': 0.15, 'test_ratio': 0.15, 'a_max': 1100}",0.9452897536394176,0.8530257967457692,0.8531468531468531,0.9400802538260544,0.8332628807040643,0.8321678321678322,18547715,Grid_SEARCH_1_densenet169_dropout_0.0_aug_0_bs_3_lr_1e-05_amax_1100_sched_reduce_on_plateau_loss_ce,completed
2,"{'model_name': 'densenet169', 'scheduler_name': 'reduce_on_plateau', 'loss_name': 'ce', 'attention_type': 'cbam', 'use_amp': False, 'dropout_rate': 0.0, 'grad_accum_steps': 1, 'augmentation_intensity': 0, 'batch_size': 3, 'learning_rate': 1e-05, 'num_epochs': 200, 'train_ratio': 0.7, 'val_ratio': 0.15, 'test_ratio': 0.15, 'a_max': 1100}",0.941108700385716,0.8109591271779841,0.8111888111888111,0.9227292522085356,0.7786543281280123,0.7762237762237763,18899508,Grid_SEARCH_2_densenet169_Attn_cbam_dropout_0.0_aug_0_bs_3_lr_1e-05_amax_1100_sched_reduce_on_plateau_loss_ce,completed
3,"{'model_name': 'densenet169', 'scheduler_name': 'reduce_on_plateau', 'loss_name': 'ce', 'attention_type': 'eca', 'use_amp': False, 'dropout_rate': 0.0, 'grad_accum_steps': 1, 'augmentation_intensity': 0, 'batch_size': 3, 'learning_rate': 1e-05, 'num_epochs': 200, 'train_ratio': 0.7, 'val_ratio': 0.15, 'test_ratio': 0.15, 'a_max': 1100}",0.9371593878312804,0.8248538011695906,0.8251748251748252,0.9285332680104516,0.7904040404040403,0.7902097902097902,18552713,Grid_SEARCH_3_densenet169_Attn_eca_dropout_0.0_aug_0_bs_3_lr_1e-05_amax_1100_sched_reduce_on_plateau_loss_ce,completed
4,"{'model_name': 'densenet169', 'scheduler_name': 'reduce_on_plateau', 'loss_name': 'ce', 'attention_type': 'axial', 'use_amp': False, 'dropout_rate': 0.0, 'grad_accum_steps': 1, 'augmentation_intensity': 0, 'batch_size': 3, 'learning_rate': 1e-05, 'num_epochs': 200, 'train_ratio': 0.7, 'val_ratio': 0.15, 'test_ratio': 0.15, 'a_max': 1100}",0.9496072850566132,0.8348583877995642,0.8391608391608392,0.9400728661191988,0.8235099330026608,0.8251748251748252,18898926,Grid_SEARCH_4_densenet169_Attn_axial_dropout_0.0_aug_0_bs_3_lr_1e-05_amax_1100_sched_reduce_on_plateau_loss_ce,completed
5,"{'model_name': 'densenet169', 'scheduler_name': 'reduce_on_plateau', 'loss_name': 'ce', 'attention_type': 'none', 'use_amp': False, 'dropout_rate': 0.0, 'grad_accum_steps': 1, 'augmentation_intensity': 0, 'batch_size': 3, 'learning_rate': 2e-05, 'num_epochs': 200, 'train_ratio': 0.7, 'val_ratio': 0.15, 'test_ratio': 0.15, 'a_max': 1100}",0.9497153788727136,0.843886570219302,0.8461538461538461,0.9474508523080752,0.8363636363636364,0.8391608391608392,18547715,Grid_SEARCH_5_densenet169_dropout_0.0_aug_0_bs_3_lr_2e-05_amax_1100_sched_reduce_on_plateau_loss_ce,completed
6,"{'model_name': 'densenet169', 'scheduler_name': 'reduce_on_plateau', 'loss_name': 'ce', 'attention_type': 'cbam', 'use_amp': False, 'dropout_rate': 0.0, 'grad_accum_steps': 1, 'augmentation_intensity': 0, 'batch_size': 3, 'learning_rate': 2e-05, 'num_epochs': 200, 'train_ratio': 0.7, 'val_ratio': 0.15, 'test_ratio': 0.15, 'a_max': 1100}",0.952808106258554,0.8585006674824786,0.8601398601398601,0.9444708846584544,0.8335574480800836,0.8321678321678322,18899508,Grid_SEARCH_6_densenet169_Attn_cbam_dropout_0.0_aug_0_bs_3_lr_2e-05_amax_1100_sched_reduce_on_plateau_loss_ce,completed
7,"{'model_name': 'densenet169', 'scheduler_name': 'reduce_on_plateau', 'loss_name': 'ce', 'attention_type': 'eca', 'use_amp': False, 'dropout_rate': 0.0, 'grad_accum_steps': 1, 'augmentation_intensity': 0, 'batch_size': 3, 'learning_rate': 2e-05, 'num_epochs': 200, 'train_ratio': 0.7, 'val_ratio': 0.15, 'test_ratio': 0.15, 'a_max': 1100}",0.957117083488864,0.8644281899454312,0.8671328671328671,0.9455444351126042,0.8184630031787995,0.8181818181818182,18552713,Grid_SEARCH_7_densenet169_Attn_eca_dropout_0.0_aug_0_bs_3_lr_2e-05_amax_1100_sched_reduce_on_plateau_loss_ce,completed
8,"{'model_name': 'densenet169', 'scheduler_name': 'reduce_on_plateau', 'loss_name': 'ce', 'attention_type': 'axial', 'use_amp': False, 'dropout_rate': 0.0, 'grad_accum_steps': 1, 'augmentation_intensity': 0, 'batch_size': 3, 'learning_rate': 2e-05, 'num_epochs': 200, 'train_ratio': 0.7, 'val_ratio': 0.15, 'test_ratio': 0.15, 'a_max': 1100}",0.9459468707229064,0.8464012419267801,0.8461538461538461,0.9391245178549208,0.8187738928823443,0.8181818181818182,18898926,Grid_SEARCH_8_densenet169_Attn_axial_dropout_0.0_aug_0_bs_3_lr_2e-05_amax_1100_sched_reduce_on_plateau_loss_ce,completed
9,"{'model_name': 'densenet169', 'scheduler_name': 'reduce_on_plateau', 'loss_name': 'ce', 'attention_type': 'none', 'use_amp': False, 'dropout_rate': 0.0, 'grad_accum_steps': 1, 'augmentation_intensity': 0, 'batch_size': 3, 'learning_rate': 5e-05, 'num_epochs': 200, 'train_ratio': 0.7, 'val_ratio': 0.15, 'test_ratio': 0.15, 'a_max': 1100}",0.9598754199328108,0.8720470006184292,0.8741258741258742,0.9474461863879556,0.7618650532004292,0.7692307692307693,18547715,Grid_SEARCH_9_densenet169_dropout_0.0_aug_0_bs_3_lr_5e-05_amax_1100_sched_reduce_on_plateau_loss_ce,completed
10,"{'model_name': 'densenet169', 'scheduler_name': 'reduce_on_plateau', 'loss_name': 'ce', 'attention_type': 'cbam', 'use_amp': False, 'dropout_rate': 0.0, 'grad_accum_steps': 1, 'augmentation_intensity': 0, 'batch_size': 3, 'learning_rate': 5e-05, 'num_epochs': 200, 'train_ratio': 0.7, 'val_ratio': 0.15, 'test_ratio': 0.15, 'a_max': 1100}",0.9575401269130271,0.8307027168535779,0.8321678321678322,0.9339469018290408,0.779607843137255,0.7762237762237763,18899508,Grid_SEARCH_10_densenet169_Attn_cbam_dropout_0.0_aug_0_bs_3_lr_5e-05_amax_1100_sched_reduce_on_plateau_loss_ce,completed
11,"{'model_name': 'densenet169', 'scheduler_name': 'reduce_on_plateau', 'loss_name': 'ce', 'attention_type': 'eca', 'use_amp': False, 'dropout_rate': 0.0, 'grad_accum_steps': 1, 'augmentation_intensity': 0, 'batch_size': 3, 'learning_rate': 5e-05, 'num_epochs': 200, 'train_ratio': 0.7, 'val_ratio': 0.15, 'test_ratio': 0.15, 'a_max': 1100}",0.9456894674629835,0.8374973829297229,0.8391608391608392,0.9363968987184272,0.8353060886920707,0.8391608391608392,18552713,Grid_SEARCH_11_densenet169_Attn_eca_dropout_0.0_aug_0_bs_3_lr_5e-05_amax_1100_sched_reduce_on_plateau_loss_ce,completed
12,"{'model_name': 'densenet169', 'scheduler_name': 'reduce_on_plateau', 'loss_name': 'ce', 'attention_type': 'axial', 'use_amp': False, 'dropout_rate': 0.0, 'grad_accum_steps': 1, 'augmentation_intensity': 0, 'batch_size': 3, 'learning_rate': 5e-05, 'num_epochs': 200, 'train_ratio': 0.7, 'val_ratio': 0.15, 'test_ratio': 0.15, 'a_max': 1100}",0.9570342634067438,0.8599389869042233,0.8601398601398601,0.9474034154535276,0.8424538924480683,0.8461538461538461,18898926,Grid_SEARCH_12_densenet169_Attn_axial_dropout_0.0_aug_0_bs_3_lr_5e-05_amax_1100_sched_reduce_on_plateau_loss_ce,completed
13,"{'model_name': 'densenet169', 'scheduler_name': 'reduce_on_plateau', 'loss_name': 'ce', 'attention_type': 'none', 'use_amp': False, 'dropout_rate': 0.0, 'grad_accum_steps': 1, 'augmentation_intensity': 0, 'batch_size': 3, 'learning_rate': 0.0001, 'num_epochs': 200, 'train_ratio': 0.7, 'val_ratio': 0.15, 'test_ratio': 0.15, 'a_max': 1100}",0.9333379992534528,0.8251473113650776,0.8251748251748252,0.926395887769068,0.8048293769117567,0.8041958041958042,18547715,Grid_SEARCH_13_densenet169_dropout_0.0_aug_0_bs_3_lr_1e-04_amax_1100_sched_reduce_on_plateau_loss_ce,completed
14,"{'model_name': 'densenet169', 'scheduler_name': 'reduce_on_plateau', 'loss_name': 'ce', 'attention_type': 'cbam', 'use_amp': False, 'dropout_rate': 0.0, 'grad_accum_steps': 1, 'augmentation_intensity': 0, 'batch_size': 3, 'learning_rate': 0.0001, 'num_epochs': 200, 'train_ratio': 0.7, 'val_ratio': 0.15, 'test_ratio': 0.15, 'a_max': 1100}",0.9605088185890258,0.8680879305879307,0.8671328671328671,0.9436232425034218,0.8304727023466071,0.8321678321678322,18899508,Grid_SEARCH_14_densenet169_Attn_cbam_dropout_0.0_aug_0_bs_3_lr_1e-04_amax_1100_sched_reduce_on_plateau_loss_ce,completed
15,"{'model_name': 'densenet169', 'scheduler_name': 'reduce_on_plateau', 'loss_name': 'ce', 'attention_type': 'eca', 'use_amp': False, 'dropout_rate': 0.0, 'grad_accum_steps': 1, 'augmentation_intensity': 0, 'batch_size': 3, 'learning_rate': 0.0001, 'num_epochs': 200, 'train_ratio': 0.7, 'val_ratio': 0.15, 'test_ratio': 0.15, 'a_max': 1100}",0.9655795072788356,0.8800690050690051,0.8811188811188811,0.9598769752395172,0.8673565112471976,0.8671328671328671,18552713,Grid_SEARCH_15_densenet169_Attn_eca_dropout_0.0_aug_0_bs_3_lr_1e-04_amax_1100_sched_reduce_on_plateau_loss_ce,completed
16,"{'model_name': 'densenet169', 'scheduler_name': 'reduce_on_plateau', 'loss_name': 'ce', 'attention_type': 'axial', 'use_amp': False, 'dropout_rate': 0.0, 'grad_accum_steps': 1, 'augmentation_intensity': 0, 'batch_size': 3, 'learning_rate': 0.0001, 'num_epochs': 200, 'train_ratio': 0.7, 'val_ratio': 0.15, 'test_ratio': 0.15, 'a_max': 1100}",0.9352766890630833,0.819537037037037,0.8181818181818182,0.9225958846584548,0.7819042964204255,0.7832167832167832,18898926,Grid_SEARCH_16_densenet169_Attn_axial_dropout_0.0_aug_0_bs_3_lr_1e-04_amax_1100_sched_reduce_on_plateau_loss_ce,completed
17,"{'model_name': 'densenet169', 'scheduler_name': 'reduce_on_plateau', 'loss_name': 'ce', 'attention_type': 'none', 'use_amp': False, 'dropout_rate': 0.0, 'grad_accum_steps': 1, 'augmentation_intensity': 0, 'batch_size': 5, 'learning_rate': 1e-05, 'num_epochs': 200, 'train_ratio': 0.7, 'val_ratio': 0.15, 'test_ratio': 0.15, 'a_max': 1100}",0.9343839430135624,0.8300831443688587,0.8321678321678322,0.9223528679855668,0.8097497350615472,0.8111888111888111,18547715,Grid_SEARCH_17_densenet169_dropout_0.0_aug_0_bs_5_lr_1e-05_amax_1100_sched_reduce_on_plateau_loss_ce,completed
18,"{'model_name': 'densenet169', 'scheduler_name': 'reduce_on_plateau', 'loss_name': 'ce', 'attention_type': 'cbam', 'use_amp': False, 'dropout_rate': 0.0, 'grad_accum_steps': 1, 'augmentation_intensity': 0, 'batch_size': 5, 'learning_rate': 1e-05, 'num_epochs': 200, 'train_ratio': 0.7, 'val_ratio': 0.15, 'test_ratio': 0.15, 'a_max': 1100}",0.9372021587657086,0.8099641577060931,0.8111888111888111,0.9329783345775788,0.7911949685534592,0.7902097902097902,18899508,Grid_SEARCH_18_densenet169_Attn_cbam_dropout_0.0_aug_0_bs_5_lr_1e-05_amax_1100_sched_reduce_on_plateau_loss_ce,completed
19,"{'model_name': 'densenet169', 'scheduler_name': 'reduce_on_plateau', 'loss_name': 'ce', 'attention_type': 'eca', 'use_amp': False, 'dropout_rate': 0.0, 'grad_accum_steps': 1, 'augmentation_intensity': 0, 'batch_size': 5, 'learning_rate': 1e-05, 'num_epochs': 200, 'train_ratio': 0.7, 'val_ratio': 0.15, 'test_ratio': 0.15, 'a_max': 1100}",0.9332625668781884,0.8161675666830307,0.8181818181818182,0.9221133507527683,0.7749939255093894,0.7762237762237763,18552713,Grid_SEARCH_19_densenet169_Attn_eca_dropout_0.0_aug_0_bs_5_lr_1e-05_amax_1100_sched_reduce_on_plateau_loss_ce,completed
20,"{'model_name': 'densenet169', 'scheduler_name': 'reduce_on_plateau', 'loss_name': 'ce', 'attention_type': 'axial', 'use_amp': False, 'dropout_rate': 0.0, 'grad_accum_steps': 1, 'augmentation_intensity': 0, 'batch_size': 5, 'learning_rate': 1e-05, 'num_epochs': 200, 'train_ratio': 0.7, 'val_ratio': 0.15, 'test_ratio': 0.15, 'a_max': 1100}",0.92829413960433,0.8131176999101527,0.8181818181818182,0.9232693324623616,0.7985754537186955,0.8041958041958042,18898926,Grid_SEARCH_20_densenet169_Attn_axial_dropout_0.0_aug_0_bs_5_lr_1e-05_amax_1100_sched_reduce_on_plateau_loss_ce,completed
21,"{'model_name': 'densenet169', 'scheduler_name': 'reduce_on_plateau', 'loss_name': 'ce', 'attention_type': 'none', 'use_amp': False, 'dropout_rate': 0.0, 'grad_accum_steps': 1, 'augmentation_intensity': 0, 'batch_size': 5, 'learning_rate': 2e-05, 'num_epochs': 200, 'train_ratio': 0.7, 'val_ratio': 0.15, 'test_ratio': 0.15, 'a_max': 1100}",0.9530709530919496,0.859004071406201,0.8601398601398601,0.9399340549956452,0.8012434186240794,0.8041958041958042,18547715,Grid_SEARCH_21_densenet169_dropout_0.0_aug_0_bs_5_lr_2e-05_amax_1100_sched_reduce_on_plateau_loss_ce,completed
22,"{'model_name': 'densenet169', 'scheduler_name': 'reduce_on_plateau', 'loss_name': 'ce', 'attention_type': 'cbam', 'use_amp': False, 'dropout_rate': 0.0, 'grad_accum_steps': 1, 'augmentation_intensity': 0, 'batch_size': 5, 'learning_rate': 2e-05, 'num_epochs': 200, 'train_ratio': 0.7, 'val_ratio': 0.15, 'test_ratio': 0.15, 'a_max': 1100}",0.9464807297499068,0.8470266204511442,0.8461538461538461,0.9389464352370288,0.838835358190197,0.8391608391608392,18899508,Grid_SEARCH_22_densenet169_Attn_cbam_dropout_0.0_aug_0_bs_5_lr_2e-05_amax_1100_sched_reduce_on_plateau_loss_ce,completed
23,"{'model_name': 'densenet169', 'scheduler_name': 'reduce_on_plateau', 'loss_name': 'ce', 'attention_type': 'eca', 'use_amp': False, 'dropout_rate': 0.0, 'grad_accum_steps': 1, 'augmentation_intensity': 0, 'batch_size': 5, 'learning_rate': 2e-05, 'num_epochs': 200, 'train_ratio': 0.7, 'val_ratio': 0.15, 'test_ratio': 0.15, 'a_max': 1100}",0.9403633196466342,0.833260963960052,0.8321678321678322,0.933535523205176,0.7998658318425761,0.8041958041958042,18552713,Grid_SEARCH_23_densenet169_Attn_eca_dropout_0.0_aug_0_bs_5_lr_2e-05_amax_1100_sched_reduce_on_plateau_loss_ce,completed
24,"{'model_name': 'densenet169', 'scheduler_name': 'reduce_on_plateau', 'loss_name': 'ce', 'attention_type': 'axial', 'use_amp': False, 'dropout_rate': 0.0, 'grad_accum_steps': 1, 'augmentation_intensity': 0, 'batch_size': 5, 'learning_rate': 2e-05, 'num_epochs': 200, 'train_ratio': 0.7, 'val_ratio': 0.15, 'test_ratio': 0.15, 'a_max': 1100}",0.9500972066691552,0.8734819408907183,0.8741258741258742,0.9467610737837502,0.8184850011153492,0.8251748251748252,18898926,Grid_SEARCH_24_densenet169_Attn_axial_dropout_0.0_aug_0_bs_5_lr_2e-05_amax_1100_sched_reduce_on_plateau_loss_ce,completed
25,"{'model_name': 'densenet169', 'scheduler_name': 'reduce_on_plateau', 'loss_name': 'ce', 'attention_type': 'none', 'use_amp': False, 'dropout_rate': 0.0, 'grad_accum_steps': 1, 'augmentation_intensity': 0, 'batch_size': 5, 'learning_rate': 5e-05, 'num_epochs': 200, 'train_ratio': 0.7, 'val_ratio': 0.15, 'test_ratio': 0.15, 'a_max': 1100}",0.9639884285181036,0.8653277656260356,0.8671328671328671,0.9512481336319524,0.8330188679245283,0.8391608391608392,18547715,Grid_SEARCH_25_densenet169_dropout_0.0_aug_0_bs_5_lr_5e-05_amax_1100_sched_reduce_on_plateau_loss_ce,completed
26,"{'model_name': 'densenet169', 'scheduler_name': 'reduce_on_plateau', 'loss_name': 'ce', 'attention_type': 'cbam', 'use_amp': False, 'dropout_rate': 0.0, 'grad_accum_steps': 1, 'augmentation_intensity': 0, 'batch_size': 5, 'learning_rate': 5e-05, 'num_epochs': 200, 'train_ratio': 0.7, 'val_ratio': 0.15, 'test_ratio': 0.15, 'a_max': 1100}",0.9492464539007092,0.8514695340501791,0.8531468531468531,0.944098388702252,0.8470975692378683,0.8461538461538461,18899508,Grid_SEARCH_26_densenet169_Attn_cbam_dropout_0.0_aug_0_bs_5_lr_5e-05_amax_1100_sched_reduce_on_plateau_loss_ce,completed
27,"{'model_name': 'densenet169', 'scheduler_name': 'reduce_on_plateau', 'loss_name': 'ce', 'attention_type': 'eca', 'use_amp': False, 'dropout_rate': 0.0, 'grad_accum_steps': 1, 'augmentation_intensity': 0, 'batch_size': 5, 'learning_rate': 5e-05, 'num_epochs': 200, 'train_ratio': 0.7, 'val_ratio': 0.15, 'test_ratio': 0.15, 'a_max': 1100}",0.9567795819335574,0.8882616876537849,0.8881118881118881,0.954915546845838,0.837652214813032,0.8391608391608392,18552713,Grid_SEARCH_27_densenet169_Attn_eca_dropout_0.0_aug_0_bs_5_lr_5e-05_amax_1100_sched_reduce_on_plateau_loss_ce,completed
28,"{'model_name': 'densenet169', 'scheduler_name': 'reduce_on_plateau', 'loss_name': 'ce', 'attention_type': 'axial', 'use_amp': False, 'dropout_rate': 0.0, 'grad_accum_steps': 1, 'augmentation_intensity': 0, 'batch_size': 5, 'learning_rate': 5e-05, 'num_epochs': 200, 'train_ratio': 0.7, 'val_ratio': 0.15, 'test_ratio': 0.15, 'a_max': 1100}",0.9586323410476546,0.886375024416758,0.8881118881118881,0.9452602028119944,0.8525754720467057,0.8531468531468531,18898926,Grid_SEARCH_28_densenet169_Attn_axial_dropout_0.0_aug_0_bs_5_lr_5e-05_amax_1100_sched_reduce_on_plateau_loss_ce,completed
29,"{'model_name': 'densenet169', 'scheduler_name': 'reduce_on_plateau', 'loss_name': 'ce', 'attention_type': 'none', 'use_amp': False, 'dropout_rate': 0.0, 'grad_accum_steps': 1, 'augmentation_intensity': 0, 'batch_size': 5, 'learning_rate': 0.0001, 'num_epochs': 200, 'train_ratio': 0.7, 'val_ratio': 0.15, 'test_ratio': 0.15, 'a_max': 1100}",0.9331288105014308,0.7824003284630195,0.7832167832167832,0.9191077205424908,0.7408392434988179,0.7412587412587412,18547715,Grid_SEARCH_29_densenet169_dropout_0.0_aug_0_bs_5_lr_1e-04_amax_1100_sched_reduce_on_plateau_loss_ce,completed
30,"{'model_name': 'densenet169', 'scheduler_name': 'reduce_on_plateau', 'loss_name': 'ce', 'attention_type': 'cbam', 'use_amp': False, 'dropout_rate': 0.0, 'grad_accum_steps': 1, 'augmentation_intensity': 0, 'batch_size': 5, 'learning_rate': 0.0001, 'num_epochs': 200, 'train_ratio': 0.7, 'val_ratio': 0.15, 'test_ratio': 0.15, 'a_max': 1100}",0.9500202189871844,0.8529416756542414,0.8531468531468531,0.9442519752395172,0.8334904919063334,0.8391608391608392,18899508,Grid_SEARCH_30_densenet169_Attn_cbam_dropout_0.0_aug_0_bs_5_lr_1e-04_amax_1100_sched_reduce_on_plateau_loss_ce,completed
31,"{'model_name': 'densenet169', 'scheduler_name': 'reduce_on_plateau', 'loss_name': 'ce', 'attention_type': 'eca', 'use_amp': False, 'dropout_rate': 0.0, 'grad_accum_steps': 1, 'augmentation_intensity': 0, 'batch_size': 5, 'learning_rate': 0.0001, 'num_epochs': 200, 'train_ratio': 0.7, 'val_ratio': 0.15, 'test_ratio': 0.15, 'a_max': 1100}",0.9543486375513252,0.8474825120527427,0.8531468531468531,0.9455829289535896,0.8383909766101318,0.8391608391608392,18552713,Grid_SEARCH_31_densenet169_Attn_eca_dropout_0.0_aug_0_bs_5_lr_1e-04_amax_1100_sched_reduce_on_plateau_loss_ce,completed
32,"{'model_name': 'densenet169', 'scheduler_name': 'reduce_on_plateau', 'loss_name': 'ce', 'attention_type': 'axial', 'use_amp': False, 'dropout_rate': 0.0, 'grad_accum_steps': 1, 'augmentation_intensity': 0, 'batch_size': 5, 'learning_rate': 0.0001, 'num_epochs': 200, 'train_ratio': 0.7, 'val_ratio': 0.15, 'test_ratio': 0.15, 'a_max': 1100}",0.9583201132263284,0.8305154252639225,0.8321678321678322,0.92722408859027,0.682543219458458,0.6923076923076923,18898926,Grid_SEARCH_32_densenet169_Attn_axial_dropout_0.0_aug_0_bs_5_lr_1e-04_amax_1100_sched_reduce_on_plateau_loss_ce,completed
33,"{'model_name': 'densenet169', 'scheduler_name': 'reduce_on_plateau', 'loss_name': 'ce', 'attention_type': 'none', 'use_amp': False, 'dropout_rate': 0.0, 'grad_accum_steps': 1, 'augmentation_intensity': 1, 'batch_size': 3, 'learning_rate': 1e-05, 'num_epochs': 200, 'train_ratio': 0.7, 'val_ratio': 0.15, 'test_ratio': 0.15, 'a_max': 1100}",0.9396377690680602,0.8529239766081872,0.8531468531468531,0.936709904193107,0.8308391720179819,0.8321678321678322,18547715,Grid_SEARCH_33_densenet169_dropout_0.0_aug_1_bs_3_lr_1e-05_amax_1100_sched_reduce_on_plateau_loss_ce,completed
34,"{'model_name': 'densenet169', 'scheduler_name': 'reduce_on_plateau', 'loss_name': 'ce', 'attention_type': 'cbam', 'use_amp': False, 'dropout_rate': 0.0, 'grad_accum_steps': 1, 'augmentation_intensity': 1, 'batch_size': 3, 'learning_rate': 1e-05, 'num_epochs': 200, 'train_ratio': 0.7, 'val_ratio': 0.15, 'test_ratio': 0.15, 'a_max': 1100}",0.948858404877442,0.8531725210634691,0.8531468531468531,0.9465666604454398,0.8276371967093615,0.8251748251748252,18899508,Grid_SEARCH_34_densenet169_Attn_cbam_dropout_0.0_aug_1_bs_3_lr_1e-05_amax_1100_sched_reduce_on_plateau_loss_ce,completed
35,"{'model_name': 'densenet169', 'scheduler_name': 'reduce_on_plateau', 'loss_name': 'ce', 'attention_type': 'eca', 'use_amp': False, 'dropout_rate': 0.0, 'grad_accum_steps': 1, 'augmentation_intensity': 1, 'batch_size': 3, 'learning_rate': 1e-05, 'num_epochs': 200, 'train_ratio': 0.7, 'val_ratio': 0.15, 'test_ratio': 0.15, 'a_max': 1100}",0.934869976359338,0.8596213841632,0.8601398601398601,0.9210985131267884,0.8524672942940431,0.8531468531468531,18552713,Grid_SEARCH_35_densenet169_Attn_eca_dropout_0.0_aug_1_bs_3_lr_1e-05_amax_1100_sched_reduce_on_plateau_loss_ce,completed
36,"{'model_name': 'densenet169', 'scheduler_name': 'reduce_on_plateau', 'loss_name': 'ce', 'attention_type': 'axial', 'use_amp': False, 'dropout_rate': 0.0, 'grad_accum_steps': 1, 'augmentation_intensity': 1, 'batch_size': 3, 'learning_rate': 1e-05, 'num_epochs': 200, 'train_ratio': 0.7, 'val_ratio': 0.15, 'test_ratio': 0.15, 'a_max': 1100}",0.9479594376010948,0.8329627512017449,0.8391608391608392,0.9365609835759612,0.7670066201467168,0.7692307692307693,18898926,Grid_SEARCH_36_densenet169_Attn_axial_dropout_0.0_aug_1_bs_3_lr_1e-05_amax_1100_sched_reduce_on_plateau_loss_ce,completed
37,"{'model_name': 'densenet169', 'scheduler_name': 'reduce_on_plateau', 'loss_name': 'ce', 'attention_type': 'none', 'use_amp': False, 'dropout_rate': 0.0, 'grad_accum_steps': 1, 'augmentation_intensity': 1, 'batch_size': 3, 'learning_rate': 2e-05, 'num_epochs': 200, 'train_ratio': 0.7, 'val_ratio': 0.15, 'test_ratio': 0.15, 'a_max': 1100}",0.9460961801667288,0.8443245529044656,0.8461538461538461,0.9264075525693666,0.8165715274174019,0.8181818181818182,18547715,Grid_SEARCH_37_densenet169_dropout_0.0_aug_1_bs_3_lr_2e-05_amax_1100_sched_reduce_on_plateau_loss_ce,completed
38,"{'model_name': 'densenet169', 'scheduler_name': 'reduce_on_plateau', 'loss_name': 'ce', 'attention_type': 'cbam', 'use_amp': False, 'dropout_rate': 0.0, 'grad_accum_steps': 1, 'augmentation_intensity': 1, 'batch_size': 3, 'learning_rate': 2e-05, 'num_epochs': 200, 'train_ratio': 0.7, 'val_ratio': 0.15, 'test_ratio': 0.15, 'a_max': 1100}",0.945846942267015,0.8665408936868951,0.8671328671328671,0.9455199390319772,0.8532642199928424,0.8531468531468531,18899508,Grid_SEARCH_38_densenet169_Attn_cbam_dropout_0.0_aug_1_bs_3_lr_2e-05_amax_1100_sched_reduce_on_plateau_loss_ce,completed
39,"{'model_name': 'densenet169', 'scheduler_name': 'reduce_on_plateau', 'loss_name': 'ce', 'attention_type': 'eca', 'use_amp': False, 'dropout_rate': 0.0, 'grad_accum_steps': 1, 'augmentation_intensity': 1, 'batch_size': 3, 'learning_rate': 2e-05, 'num_epochs': 200, 'train_ratio': 0.7, 'val_ratio': 0.15, 'test_ratio': 0.15, 'a_max': 1100}",0.9469799832026876,0.851702900662509,0.8531468531468531,0.9427670461615032,0.8054561179561178,0.8041958041958042,18552713,Grid_SEARCH_39_densenet169_Attn_eca_dropout_0.0_aug_1_bs_3_lr_2e-05_amax_1100_sched_reduce_on_plateau_loss_ce,completed
40,"{'model_name': 'densenet169', 'scheduler_name': 'reduce_on_plateau', 'loss_name': 'ce', 'attention_type': 'axial', 'use_amp': False, 'dropout_rate': 0.0, 'grad_accum_steps': 1, 'augmentation_intensity': 1, 'batch_size': 3, 'learning_rate': 2e-05, 'num_epochs': 200, 'train_ratio': 0.7, 'val_ratio': 0.15, 'test_ratio': 0.15, 'a_max': 1100}",0.9465534403384348,0.8326823732058007,0.8321678321678322,0.9378876601965906,0.8325076371053383,0.8321678321678322,18898926,Grid_SEARCH_40_densenet169_Attn_axial_dropout_0.0_aug_1_bs_3_lr_2e-05_amax_1100_sched_reduce_on_plateau_loss_ce,completed
41,"{'model_name': 'densenet169', 'scheduler_name': 'reduce_on_plateau', 'loss_name': 'ce', 'attention_type': 'none', 'use_amp': False, 'dropout_rate': 0.0, 'grad_accum_steps': 1, 'augmentation_intensity': 1, 'batch_size': 3, 'learning_rate': 5e-05, 'num_epochs': 200, 'train_ratio': 0.7, 'val_ratio': 0.15, 'test_ratio': 0.15, 'a_max': 1100}",0.9537576210028617,0.8386336295025544,0.8391608391608392,0.9312842167475428,0.7877927425781679,0.7902097902097902,18547715,Grid_SEARCH_41_densenet169_dropout_0.0_aug_1_bs_3_lr_5e-05_amax_1100_sched_reduce_on_plateau_loss_ce,completed
42,"{'model_name': 'densenet169', 'scheduler_name': 'reduce_on_plateau', 'loss_name': 'ce', 'attention_type': 'cbam', 'use_amp': False, 'dropout_rate': 0.0, 'grad_accum_steps': 1, 'augmentation_intensity': 1, 'batch_size': 3, 'learning_rate': 5e-05, 'num_epochs': 200, 'train_ratio': 0.7, 'val_ratio': 0.15, 'test_ratio': 0.15, 'a_max': 1100}",0.9484376944133384,0.8422996090448427,0.8461538461538461,0.9382224399651612,0.8196415770609319,0.8181818181818182,18899508,Grid_SEARCH_42_densenet169_Attn_cbam_dropout_0.0_aug_1_bs_3_lr_5e-05_amax_1100_sched_reduce_on_plateau_loss_ce,completed
43,"{'model_name': 'densenet169', 'scheduler_name': 'reduce_on_plateau', 'loss_name': 'ce', 'attention_type': 'eca', 'use_amp': False, 'dropout_rate': 0.0, 'grad_accum_steps': 1, 'augmentation_intensity': 1, 'batch_size': 3, 'learning_rate': 5e-05, 'num_epochs': 200, 'train_ratio': 0.7, 'val_ratio': 0.15, 'test_ratio': 0.15, 'a_max': 1100}",0.9576855480900832,0.8660572159427996,0.8671328671328671,0.943729392186139,0.8394847300622376,0.8391608391608392,18552713,Grid_SEARCH_43_densenet169_Attn_eca_dropout_0.0_aug_1_bs_3_lr_5e-05_amax_1100_sched_reduce_on_plateau_loss_ce,completed
44,"{'model_name': 'densenet169', 'scheduler_name': 'reduce_on_plateau', 'loss_name': 'ce', 'attention_type': 'axial', 'use_amp': False, 'dropout_rate': 0.0, 'grad_accum_steps': 1, 'augmentation_intensity': 1, 'batch_size': 3, 'learning_rate': 5e-05, 'num_epochs': 200, 'train_ratio': 0.7, 'val_ratio': 0.15, 'test_ratio': 0.15, 'a_max': 1100}",0.9459958628841608,0.8579610538373424,0.8601398601398601,0.9440587283812368,0.80634523933493,0.8041958041958042,18898926,Grid_SEARCH_44_densenet169_Attn_axial_dropout_0.0_aug_1_bs_3_lr_5e-05_amax_1100_sched_reduce_on_plateau_loss_ce,completed
45,"{'model_name': 'densenet169', 'scheduler_name': 'reduce_on_plateau', 'loss_name': 'ce', 'attention_type': 'none', 'use_amp': False, 'dropout_rate': 0.0, 'grad_accum_steps': 1, 'augmentation_intensity': 1, 'batch_size': 3, 'learning_rate': 0.0001, 'num_epochs': 200, 'train_ratio': 0.7, 'val_ratio': 0.15, 'test_ratio': 0.15, 'a_max': 1100}",0.9264674318775664,0.8177138390096491,0.8181818181818182,0.9177102774667164,0.8118599261666026,0.8111888111888111,18547715,Grid_SEARCH_45_densenet169_dropout_0.0_aug_1_bs_3_lr_1e-04_amax_1100_sched_reduce_on_plateau_loss_ce,completed
46,"{'model_name': 'densenet169', 'scheduler_name': 'reduce_on_plateau', 'loss_name': 'ce', 'attention_type': 'cbam', 'use_amp': False, 'dropout_rate': 0.0, 'grad_accum_steps': 1, 'augmentation_intensity': 1, 'batch_size': 3, 'learning_rate': 0.0001, 'num_epochs': 200, 'train_ratio': 0.7, 'val_ratio': 0.15, 'test_ratio': 0.15, 'a_max': 1100}",0.9461786114221724,0.8508815980359334,0.8531468531468531,0.9329064016424038,0.8201950379369735,0.8181818181818182,18899508,Grid_SEARCH_46_densenet169_Attn_cbam_dropout_0.0_aug_1_bs_3_lr_1e-04_amax_1100_sched_reduce_on_plateau_loss_ce,completed
47,"{'model_name': 'densenet169', 'scheduler_name': 'reduce_on_plateau', 'loss_name': 'ce', 'attention_type': 'eca', 'use_amp': False, 'dropout_rate': 0.0, 'grad_accum_steps': 1, 'augmentation_intensity': 1, 'batch_size': 3, 'learning_rate': 0.0001, 'num_epochs': 200, 'train_ratio': 0.7, 'val_ratio': 0.15, 'test_ratio': 0.15, 'a_max': 1100}",0.9568729003359464,0.8808213063532212,0.8811188811188811,0.9489937165609058,0.8538513721862473,0.8531468531468531,18552713,Grid_SEARCH_47_densenet169_Attn_eca_dropout_0.0_aug_1_bs_3_lr_1e-04_amax_1100_sched_reduce_on_plateau_loss_ce,completed
48,"{'model_name': 'densenet169', 'scheduler_name': 'reduce_on_plateau', 'loss_name': 'ce', 'attention_type': 'axial', 'use_amp': False, 'dropout_rate': 0.0, 'grad_accum_steps': 1, 'augmentation_intensity': 1, 'batch_size': 3, 'learning_rate': 0.0001, 'num_epochs': 200, 'train_ratio': 0.7, 'val_ratio': 0.15, 'test_ratio': 0.15, 'a_max': 1100}",0.9523477354734354,0.8410493396901516,0.8391608391608392,0.940124968893866,0.8226757369614512,0.8251748251748252,18898926,Grid_SEARCH_48_densenet169_Attn_axial_dropout_0.0_aug_1_bs_3_lr_1e-04_amax_1100_sched_reduce_on_plateau_loss_ce,completed
49,"{'model_name': 'densenet169', 'scheduler_name': 'reduce_on_plateau', 'loss_name': 'ce', 'attention_type': 'none', 'use_amp': False, 'dropout_rate': 0.0, 'grad_accum_steps': 1, 'augmentation_intensity': 1, 'batch_size': 5, 'learning_rate': 1e-05, 'num_epochs': 200, 'train_ratio': 0.7, 'val_ratio': 0.15, 'test_ratio': 0.15, 'a_max': 1100}",0.937038851561528,0.8397574647574647,0.8391608391608392,0.9308098482020654,0.7934845730444882,0.7972027972027972,18547715,Grid_SEARCH_49_densenet169_dropout_0.0_aug_1_bs_5_lr_1e-05_amax_1100_sched_reduce_on_plateau_loss_ce,completed
50,"{'model_name': 'densenet169', 'scheduler_name': 'reduce_on_plateau', 'loss_name': 'ce', 'attention_type': 'cbam', 'use_amp': False, 'dropout_rate': 0.0, 'grad_accum_steps': 1, 'augmentation_intensity': 1, 'batch_size': 5, 'learning_rate': 1e-05, 'num_epochs': 200, 'train_ratio': 0.7, 'val_ratio': 0.15, 'test_ratio': 0.15, 'a_max': 1100}",0.9438783128032848,0.8332582285911044,0.8321678321678322,0.9384883974119697,0.8184976118106816,0.8181818181818182,18899508,Grid_SEARCH_50_densenet169_Attn_cbam_dropout_0.0_aug_1_bs_5_lr_1e-05_amax_1100_sched_reduce_on_plateau_loss_ce,completed
51,"{'model_name': 'densenet169', 'scheduler_name': 'reduce_on_plateau', 'loss_name': 'ce', 'attention_type': 'eca', 'use_amp': False, 'dropout_rate': 0.0, 'grad_accum_steps': 1, 'augmentation_intensity': 1, 'batch_size': 5, 'learning_rate': 1e-05, 'num_epochs': 200, 'train_ratio': 0.7, 'val_ratio': 0.15, 'test_ratio': 0.15, 'a_max': 1100}",0.9402155655095186,0.8232804232804233,0.8251748251748252,0.9295154441955954,0.8077795220652364,0.8111888111888111,18552713,Grid_SEARCH_51_densenet169_Attn_eca_dropout_0.0_aug_1_bs_5_lr_1e-05_amax_1100_sched_reduce_on_plateau_loss_ce,completed
52,"{'model_name': 'densenet169', 'scheduler_name': 'reduce_on_plateau', 'loss_name': 'ce', 'attention_type': 'axial', 'use_amp': False, 'dropout_rate': 0.0, 'grad_accum_steps': 1, 'augmentation_intensity': 1, 'batch_size': 5, 'learning_rate': 1e-05, 'num_epochs': 200, 'train_ratio': 0.7, 'val_ratio': 0.15, 'test_ratio': 0.15, 'a_max': 1100}",0.9328760731616276,0.8340775690173281,0.8391608391608392,0.9272777466716436,0.8241348889627905,0.8251748251748252,18898926,Grid_SEARCH_52_densenet169_Attn_axial_dropout_0.0_aug_1_bs_5_lr_1e-05_amax_1100_sched_reduce_on_plateau_loss_ce,completed
53,"{'model_name': 'densenet169', 'scheduler_name': 'reduce_on_plateau', 'loss_name': 'ce', 'attention_type': 'none', 'use_amp': False, 'dropout_rate': 0.0, 'grad_accum_steps': 1, 'augmentation_intensity': 1, 'batch_size': 5, 'learning_rate': 2e-05, 'num_epochs': 200, 'train_ratio': 0.7, 'val_ratio': 0.15, 'test_ratio': 0.15, 'a_max': 1100}",0.9419054062461116,0.8466853688289598,0.8461538461538461,0.9210553533656836,0.7215238095238096,0.7342657342657343,18547715,Grid_SEARCH_53_densenet169_dropout_0.0_aug_1_bs_5_lr_2e-05_amax_1100_sched_reduce_on_plateau_loss_ce,completed
54,"{'model_name': 'densenet169', 'scheduler_name': 'reduce_on_plateau', 'loss_name': 'ce', 'attention_type': 'cbam', 'use_amp': False, 'dropout_rate': 0.0, 'grad_accum_steps': 1, 'augmentation_intensity': 1, 'batch_size': 5, 'learning_rate': 2e-05, 'num_epochs': 200, 'train_ratio': 0.7, 'val_ratio': 0.15, 'test_ratio': 0.15, 'a_max': 1100}",0.9601429326863258,0.8749769057384622,0.8741258741258742,0.9529371967151924,0.8395186558314296,0.8391608391608392,18899508,Grid_SEARCH_54_densenet169_Attn_cbam_dropout_0.0_aug_1_bs_5_lr_2e-05_amax_1100_sched_reduce_on_plateau_loss_ce,completed
55,"{'model_name': 'densenet169', 'scheduler_name': 'reduce_on_plateau', 'loss_name': 'ce', 'attention_type': 'eca', 'use_amp': False, 'dropout_rate': 0.0, 'grad_accum_steps': 1, 'augmentation_intensity': 1, 'batch_size': 5, 'learning_rate': 2e-05, 'num_epochs': 200, 'train_ratio': 0.7, 'val_ratio': 0.15, 'test_ratio': 0.15, 'a_max': 1100}",0.9580036083115592,0.8541046678718769,0.8531468531468531,0.940210899589399,0.8152479781118648,0.8181818181818182,18552713,Grid_SEARCH_55_densenet169_Attn_eca_dropout_0.0_aug_1_bs_5_lr_2e-05_amax_1100_sched_reduce_on_plateau_loss_ce,completed
56,"{'model_name': 'densenet169', 'scheduler_name': 'reduce_on_plateau', 'loss_name': 'ce', 'attention_type': 'axial', 'use_amp': False, 'dropout_rate': 0.0, 'grad_accum_steps': 1, 'augmentation_intensity': 1, 'batch_size': 5, 'learning_rate': 2e-05, 'num_epochs': 200, 'train_ratio': 0.7, 'val_ratio': 0.15, 'test_ratio': 0.15, 'a_max': 1100}",0.9502822881672266,0.8598342008868324,0.8601398601398601,0.9467933463979096,0.8504872302853087,0.8531468531468531,18898926,Grid_SEARCH_56_densenet169_Attn_axial_dropout_0.0_aug_1_bs_5_lr_2e-05_amax_1100_sched_reduce_on_plateau_loss_ce,completed
57,"{'model_name': 'densenet169', 'scheduler_name': 'reduce_on_plateau', 'loss_name': 'ce', 'attention_type': 'none', 'use_amp': False, 'dropout_rate': 0.0, 'grad_accum_steps': 1, 'augmentation_intensity': 1, 'batch_size': 5, 'learning_rate': 5e-05, 'num_epochs': 200, 'train_ratio': 0.7, 'val_ratio': 0.15, 'test_ratio': 0.15, 'a_max': 1100}",0.9560027062336692,0.8648339060710194,0.8671328671328671,0.9459764215503296,0.8144883485309017,0.8181818181818182,18547715,Grid_SEARCH_57_densenet169_dropout_0.0_aug_1_bs_5_lr_5e-05_amax_1100_sched_reduce_on_plateau_loss_ce,completed
58,"{'model_name': 'densenet169', 'scheduler_name': 'reduce_on_plateau', 'loss_name': 'ce', 'attention_type': 'cbam', 'use_amp': False, 'dropout_rate': 0.0, 'grad_accum_steps': 1, 'augmentation_intensity': 1, 'batch_size': 5, 'learning_rate': 5e-05, 'num_epochs': 200, 'train_ratio': 0.7, 'val_ratio': 0.15, 'test_ratio': 0.15, 'a_max': 1100}",0.9605158174692048,0.8679217092484685,0.8671328671328671,0.9577672016921736,0.8676754407304692,0.8671328671328671,18899508,Grid_SEARCH_58_densenet169_Attn_cbam_dropout_0.0_aug_1_bs_5_lr_5e-05_amax_1100_sched_reduce_on_plateau_loss_ce,completed
59,"{'model_name': 'densenet169', 'scheduler_name': 'reduce_on_plateau', 'loss_name': 'ce', 'attention_type': 'eca', 'use_amp': False, 'dropout_rate': 0.0, 'grad_accum_steps': 1, 'augmentation_intensity': 1, 'batch_size': 5, 'learning_rate': 5e-05, 'num_epochs': 200, 'train_ratio': 0.7, 'val_ratio': 0.15, 'test_ratio': 0.15, 'a_max': 1100}",0.9540107471693418,0.8873950123950124,0.8881118881118881,0.9424412094064948,0.8523521888099483,0.8531468531468531,18552713,Grid_SEARCH_59_densenet169_Attn_eca_dropout_0.0_aug_1_bs_5_lr_5e-05_amax_1100_sched_reduce_on_plateau_loss_ce,completed
60,"{'model_name': 'densenet169', 'scheduler_name': 'reduce_on_plateau', 'loss_name': 'ce', 'attention_type': 'axial', 'use_amp': False, 'dropout_rate': 0.0, 'grad_accum_steps': 1, 'augmentation_intensity': 1, 'batch_size': 5, 'learning_rate': 5e-05, 'num_epochs': 200, 'train_ratio': 0.7, 'val_ratio': 0.15, 'test_ratio': 0.15, 'a_max': 1100}",0.9568231305213388,0.8882164833008162,0.8881118881118881,0.9515825245738458,0.8594760312151616,0.8601398601398601,18898926,Grid_SEARCH_60_densenet169_Attn_axial_dropout_0.0_aug_1_bs_5_lr_5e-05_amax_1100_sched_reduce_on_plateau_loss_ce,completed
61,"{'model_name': 'densenet169', 'scheduler_name': 'reduce_on_plateau', 'loss_name': 'ce', 'attention_type': 'none', 'use_amp': False, 'dropout_rate': 0.0, 'grad_accum_steps': 1, 'augmentation_intensity': 1, 'batch_size': 5, 'learning_rate': 0.0001, 'num_epochs': 200, 'train_ratio': 0.7, 'val_ratio': 0.15, 'test_ratio': 0.15, 'a_max': 1100}",0.962844500435486,0.8947206797427875,0.8951048951048951,0.956517512753515,0.8592669793295119,0.8601398601398601,18547715,Grid_SEARCH_61_densenet169_dropout_0.0_aug_1_bs_5_lr_1e-04_amax_1100_sched_reduce_on_plateau_loss_ce,completed
62,"{'model_name': 'densenet169', 'scheduler_name': 'reduce_on_plateau', 'loss_name': 'ce', 'attention_type': 'cbam', 'use_amp': False, 'dropout_rate': 0.0, 'grad_accum_steps': 1, 'augmentation_intensity': 1, 'batch_size': 5, 'learning_rate': 0.0001, 'num_epochs': 200, 'train_ratio': 0.7, 'val_ratio': 0.15, 'test_ratio': 0.15, 'a_max': 1100}",0.9629891439591888,0.861723766878406,0.8601398601398601,0.954638702252084,0.7901882771146659,0.7902097902097902,18899508,Grid_SEARCH_62_densenet169_Attn_cbam_dropout_0.0_aug_1_bs_5_lr_1e-04_amax_1100_sched_reduce_on_plateau_loss_ce,completed
63,"{'model_name': 'densenet169', 'scheduler_name': 'reduce_on_plateau', 'loss_name': 'ce', 'attention_type': 'eca', 'use_amp': False, 'dropout_rate': 0.0, 'grad_accum_steps': 1, 'augmentation_intensity': 1, 'batch_size': 5, 'learning_rate': 0.0001, 'num_epochs': 200, 'train_ratio': 0.7, 'val_ratio': 0.15, 'test_ratio': 0.15, 'a_max': 1100}",0.9650666448923728,0.8805636675473972,0.8811188811188811,0.957184739330596,0.8664061369228543,0.8671328671328671,18552713,Grid_SEARCH_63_densenet169_Attn_eca_dropout_0.0_aug_1_bs_5_lr_1e-04_amax_1100_sched_reduce_on_plateau_loss_ce,completed
64,"{'model_name': 'densenet169', 'scheduler_name': 'reduce_on_plateau', 'loss_name': 'ce', 'attention_type': 'axial', 'use_amp': False, 'dropout_rate': 0.0, 'grad_accum_steps': 1, 'augmentation_intensity': 1, 'batch_size': 5, 'learning_rate': 0.0001, 'num_epochs': 200, 'train_ratio': 0.7, 'val_ratio': 0.15, 'test_ratio': 0.15, 'a_max': 1100}",0.9419291246733856,0.843409456107396,0.8461538461538461,0.9345845775786986,0.8290162640882808,0.8321678321678322,18898926,Grid_SEARCH_64_densenet169_Attn_axial_dropout_0.0_aug_1_bs_5_lr_1e-04_amax_1100_sched_reduce_on_plateau_loss_ce,completed
65,"{'model_name': 'densenet169', 'scheduler_name': 'reduce_on_plateau', 'loss_name': 'ce', 'attention_type': 'none', 'use_amp': False, 'dropout_rate': 0.0, 'grad_accum_steps': 2, 'augmentation_intensity': 0, 'batch_size': 3, 'learning_rate': 1e-05, 'num_epochs': 200, 'train_ratio': 0.7, 'val_ratio': 0.15, 'test_ratio': 0.15, 'a_max': 1100}",0.9442508087594876,0.8537234042553191,0.8531468531468531,0.9344173821077516,0.8325718967408663,0.8321678321678322,18547715,Grid_SEARCH_65_densenet169_dropout_0.0_aug_0_bs_3_lr_1e-05_amax_1100_sched_reduce_on_plateau_loss_ce,completed
66,"{'model_name': 'densenet169', 'scheduler_name': 'reduce_on_plateau', 'loss_name': 'ce', 'attention_type': 'cbam', 'use_amp': False, 'dropout_rate': 0.0, 'grad_accum_steps': 2, 'augmentation_intensity': 0, 'batch_size': 3, 'learning_rate': 1e-05, 'num_epochs': 200, 'train_ratio': 0.7, 'val_ratio': 0.15, 'test_ratio': 0.15, 'a_max': 1100}",0.939420803782506,0.817238489598738,0.8181818181818182,0.9268321513002364,0.7874445975495336,0.7902097902097902,18899508,Grid_SEARCH_66_densenet169_Attn_cbam_dropout_0.0_aug_0_bs_3_lr_1e-05_amax_1100_sched_reduce_on_plateau_loss_ce,completed
67,"{'model_name': 'densenet169', 'scheduler_name': 'reduce_on_plateau', 'loss_name': 'ce', 'attention_type': 'eca', 'use_amp': False, 'dropout_rate': 0.0, 'grad_accum_steps': 2, 'augmentation_intensity': 0, 'batch_size': 3, 'learning_rate': 1e-05, 'num_epochs': 200, 'train_ratio': 0.7, 'val_ratio': 0.15, 'test_ratio': 0.15, 'a_max': 1100}",0.922362977479159,0.8331709018458544,0.8321678321678322,0.9177981522956328,0.7763888888888889,0.7762237762237763,18552713,Grid_SEARCH_67_densenet169_Attn_eca_dropout_0.0_aug_0_bs_3_lr_1e-05_amax_1100_sched_reduce_on_plateau_loss_ce,completed
68,"{'model_name': 'densenet169', 'scheduler_name': 'reduce_on_plateau', 'loss_name': 'ce', 'attention_type': 'axial', 'use_amp': False, 'dropout_rate': 0.0, 'grad_accum_steps': 2, 'augmentation_intensity': 0, 'batch_size': 3, 'learning_rate': 1e-05, 'num_epochs': 200, 'train_ratio': 0.7, 'val_ratio': 0.15, 'test_ratio': 0.15, 'a_max': 1100}",0.9383258678611422,0.8182055039895783,0.8181818181818182,0.9300516361826552,0.7919994084590357,0.7902097902097902,18898926,Grid_SEARCH_68_densenet169_Attn_axial_dropout_0.0_aug_0_bs_3_lr_1e-05_amax_1100_sched_reduce_on_plateau_loss_ce,completed
69,"{'model_name': 'densenet169', 'scheduler_name': 'reduce_on_plateau', 'loss_name': 'ce', 'attention_type': 'none', 'use_amp': False, 'dropout_rate': 0.0, 'grad_accum_steps': 2, 'augmentation_intensity': 0, 'batch_size': 3, 'learning_rate': 2e-05, 'num_epochs': 200, 'train_ratio': 0.7, 'val_ratio': 0.15, 'test_ratio': 0.15, 'a_max': 1100}",0.951821264153291,0.8597430937856471,0.8601398601398601,0.9467641843971633,0.8456914953376025,0.8461538461538461,18547715,Grid_SEARCH_69_densenet169_dropout_0.0_aug_0_bs_3_lr_2e-05_amax_1100_sched_reduce_on_plateau_loss_ce,completed
70,"{'model_name': 'densenet169', 'scheduler_name': 'reduce_on_plateau', 'loss_name': 'ce', 'attention_type': 'cbam', 'use_amp': False, 'dropout_rate': 0.0, 'grad_accum_steps': 2, 'augmentation_intensity': 0, 'batch_size': 3, 'learning_rate': 2e-05, 'num_epochs': 200, 'train_ratio': 0.7, 'val_ratio': 0.15, 'test_ratio': 0.15, 'a_max': 1100}",0.9537179606818464,0.8584574644157564,0.8601398601398601,0.9502325183526192,0.8515492984044887,0.8531468531468531,18899508,Grid_SEARCH_70_densenet169_Attn_cbam_dropout_0.0_aug_0_bs_3_lr_2e-05_amax_1100_sched_reduce_on_plateau_loss_ce,completed
71,"{'model_name': 'densenet169', 'scheduler_name': 'reduce_on_plateau', 'loss_name': 'ce', 'attention_type': 'eca', 'use_amp': False, 'dropout_rate': 0.0, 'grad_accum_steps': 2, 'augmentation_intensity': 0, 'batch_size': 3, 'learning_rate': 2e-05, 'num_epochs': 200, 'train_ratio': 0.7, 'val_ratio': 0.15, 'test_ratio': 0.15, 'a_max': 1100}",0.9473279830782628,0.8463148991632177,0.8461538461538461,0.9406809910414332,0.8111813825374331,0.8181818181818182,18552713,Grid_SEARCH_71_densenet169_Attn_eca_dropout_0.0_aug_0_bs_3_lr_2e-05_amax_1100_sched_reduce_on_plateau_loss_ce,completed
72,"{'model_name': 'densenet169', 'scheduler_name': 'reduce_on_plateau', 'loss_name': 'ce', 'attention_type': 'axial', 'use_amp': False, 'dropout_rate': 0.0, 'grad_accum_steps': 2, 'augmentation_intensity': 0, 'batch_size': 3, 'learning_rate': 2e-05, 'num_epochs': 200, 'train_ratio': 0.7, 'val_ratio': 0.15, 'test_ratio': 0.15, 'a_max': 1100}",0.9431652046783628,0.857029702970297,0.8601398601398601,0.9404146447679484,0.8324674974687102,0.8321678321678322,18898926,Grid_SEARCH_72_densenet169_Attn_axial_dropout_0.0_aug_0_bs_3_lr_2e-05_amax_1100_sched_reduce_on_plateau_loss_ce,completed
73,"{'model_name': 'densenet169', 'scheduler_name': 'reduce_on_plateau', 'loss_name': 'ce', 'attention_type': 'none', 'use_amp': False, 'dropout_rate': 0.0, 'grad_accum_steps': 2, 'augmentation_intensity': 0, 'batch_size': 3, 'learning_rate': 5e-05, 'num_epochs': 200, 'train_ratio': 0.7, 'val_ratio': 0.15, 'test_ratio': 0.15, 'a_max': 1100}",0.9392652731118576,0.8178349820941034,0.8251748251748252,0.931433526191365,0.7909000691855205,0.7972027972027972,18547715,Grid_SEARCH_73_densenet169_dropout_0.0_aug_0_bs_3_lr_5e-05_amax_1100_sched_reduce_on_plateau_loss_ce,completed
74,"{'model_name': 'densenet169', 'scheduler_name': 'reduce_on_plateau', 'loss_name': 'ce', 'attention_type': 'cbam', 'use_amp': False, 'dropout_rate': 0.0, 'grad_accum_steps': 2, 'augmentation_intensity': 0, 'batch_size': 3, 'learning_rate': 5e-05, 'num_epochs': 200, 'train_ratio': 0.7, 'val_ratio': 0.15, 'test_ratio': 0.15, 'a_max': 1100}",0.9586685019285802,0.8811889196240603,0.8811188811188811,0.9472191116088092,0.8182315360330127,0.8181818181818182,18899508,Grid_SEARCH_74_densenet169_Attn_cbam_dropout_0.0_aug_0_bs_3_lr_5e-05_amax_1100_sched_reduce_on_plateau_loss_ce,completed
75,"{'model_name': 'densenet169', 'scheduler_name': 'reduce_on_plateau', 'loss_name': 'ce', 'attention_type': 'eca', 'use_amp': False, 'dropout_rate': 0.0, 'grad_accum_steps': 2, 'augmentation_intensity': 0, 'batch_size': 3, 'learning_rate': 5e-05, 'num_epochs': 200, 'train_ratio': 0.7, 'val_ratio': 0.15, 'test_ratio': 0.15, 'a_max': 1100}",0.9535453216374268,0.8668393462843046,0.8671328671328671,0.951779270872216,0.8344044398261267,0.8391608391608392,18552713,Grid_SEARCH_75_densenet169_Attn_eca_dropout_0.0_aug_0_bs_3_lr_5e-05_amax_1100_sched_reduce_on_plateau_loss_ce,completed
76,"{'model_name': 'densenet169', 'scheduler_name': 'reduce_on_plateau', 'loss_name': 'ce', 'attention_type': 'axial', 'use_amp': False, 'dropout_rate': 0.0, 'grad_accum_steps': 2, 'augmentation_intensity': 0, 'batch_size': 3, 'learning_rate': 5e-05, 'num_epochs': 200, 'train_ratio': 0.7, 'val_ratio': 0.15, 'test_ratio': 0.15, 'a_max': 1100}",0.9476670399402763,0.8322368421052632,0.8321678321678322,0.9438308759487372,0.8257942352198612,0.8251748251748252,18898926,Grid_SEARCH_76_densenet169_Attn_axial_dropout_0.0_aug_0_bs_3_lr_5e-05_amax_1100_sched_reduce_on_plateau_loss_ce,completed
77,"{'model_name': 'densenet169', 'scheduler_name': 'reduce_on_plateau', 'loss_name': 'ce', 'attention_type': 'none', 'use_amp': False, 'dropout_rate': 0.0, 'grad_accum_steps': 2, 'augmentation_intensity': 0, 'batch_size': 3, 'learning_rate': 0.0001, 'num_epochs': 200, 'train_ratio': 0.7, 'val_ratio': 0.15, 'test_ratio': 0.15, 'a_max': 1100}",0.9390630832400148,0.8405637391660158,0.8391608391608392,0.9187243374393432,0.7528805804667873,0.7552447552447552,18547715,Grid_SEARCH_77_densenet169_dropout_0.0_aug_0_bs_3_lr_1e-04_amax_1100_sched_reduce_on_plateau_loss_ce,completed
78,"{'model_name': 'densenet169', 'scheduler_name': 'reduce_on_plateau', 'loss_name': 'ce', 'attention_type': 'cbam', 'use_amp': False, 'dropout_rate': 0.0, 'grad_accum_steps': 2, 'augmentation_intensity': 0, 'batch_size': 3, 'learning_rate': 0.0001, 'num_epochs': 200, 'train_ratio': 0.7, 'val_ratio': 0.15, 'test_ratio': 0.15, 'a_max': 1100}",0.9478878934925966,0.8521573163678426,0.8531468531468531,0.9419147380863504,0.8219294341773438,0.8251748251748252,18899508,Grid_SEARCH_78_densenet169_Attn_cbam_dropout_0.0_aug_0_bs_3_lr_1e-04_amax_1100_sched_reduce_on_plateau_loss_ce,completed
79,"{'model_name': 'densenet169', 'scheduler_name': 'reduce_on_plateau', 'loss_name': 'ce', 'attention_type': 'eca', 'use_amp': False, 'dropout_rate': 0.0, 'grad_accum_steps': 2, 'augmentation_intensity': 0, 'batch_size': 3, 'learning_rate': 0.0001, 'num_epochs': 200, 'train_ratio': 0.7, 'val_ratio': 0.15, 'test_ratio': 0.15, 'a_max': 1100}",0.9408711272863008,0.8442256567872776,0.8461538461538461,0.9337520996640536,0.8031809191444553,0.8041958041958042,18552713,Grid_SEARCH_79_densenet169_Attn_eca_dropout_0.0_aug_0_bs_3_lr_1e-04_amax_1100_sched_reduce_on_plateau_loss_ce,completed
80,"{'model_name': 'densenet169', 'scheduler_name': 'reduce_on_plateau', 'loss_name': 'ce', 'attention_type': 'axial', 'use_amp': False, 'dropout_rate': 0.0, 'grad_accum_steps': 2, 'augmentation_intensity': 0, 'batch_size': 3, 'learning_rate': 0.0001, 'num_epochs': 200, 'train_ratio': 0.7, 'val_ratio': 0.15, 'test_ratio': 0.15, 'a_max': 1100}",0.9487394239143958,0.8468346782727821,0.8461538461538461,0.9352374175687443,0.8240739652504359,0.8251748251748252,18898926,Grid_SEARCH_80_densenet169_Attn_axial_dropout_0.0_aug_0_bs_3_lr_1e-04_amax_1100_sched_reduce_on_plateau_loss_ce,completed
81,"{'model_name': 'densenet169', 'scheduler_name': 'reduce_on_plateau', 'loss_name': 'ce', 'attention_type': 'none', 'use_amp': False, 'dropout_rate': 0.0, 'grad_accum_steps': 2, 'augmentation_intensity': 0, 'batch_size': 5, 'learning_rate': 1e-05, 'num_epochs': 200, 'train_ratio': 0.7, 'val_ratio': 0.15, 'test_ratio': 0.15, 'a_max': 1100}",0.9407645887769068,0.8292371995820272,0.8321678321678322,0.9322593940525072,0.8290162640882808,0.8321678321678322,18547715,Grid_SEARCH_81_densenet169_dropout_0.0_aug_0_bs_5_lr_1e-05_amax_1100_sched_reduce_on_plateau_loss_ce,completed
82,"{'model_name': 'densenet169', 'scheduler_name': 'reduce_on_plateau', 'loss_name': 'ce', 'attention_type': 'cbam', 'use_amp': False, 'dropout_rate': 0.0, 'grad_accum_steps': 2, 'augmentation_intensity': 0, 'batch_size': 5, 'learning_rate': 1e-05, 'num_epochs': 200, 'train_ratio': 0.7, 'val_ratio': 0.15, 'test_ratio': 0.15, 'a_max': 1100}",0.9314887395794452,0.8240699238009861,0.8251748251748252,0.914933277342292,0.7976344086021506,0.7972027972027972,18899508,Grid_SEARCH_82_densenet169_Attn_cbam_dropout_0.0_aug_0_bs_5_lr_1e-05_amax_1100_sched_reduce_on_plateau_loss_ce,completed
83,"{'model_name': 'densenet169', 'scheduler_name': 'reduce_on_plateau', 'loss_name': 'ce', 'attention_type': 'eca', 'use_amp': False, 'dropout_rate': 0.0, 'grad_accum_steps': 2, 'augmentation_intensity': 0, 'batch_size': 5, 'learning_rate': 1e-05, 'num_epochs': 200, 'train_ratio': 0.7, 'val_ratio': 0.15, 'test_ratio': 0.15, 'a_max': 1100}",0.9274243343287296,0.8123592908489933,0.8111888111888111,0.9258491974617394,0.7941353413691884,0.7972027972027972,18552713,Grid_SEARCH_83_densenet169_Attn_eca_dropout_0.0_aug_0_bs_5_lr_1e-05_amax_1100_sched_reduce_on_plateau_loss_ce,completed
84,"{'model_name': 'densenet169', 'scheduler_name': 'reduce_on_plateau', 'loss_name': 'ce', 'attention_type': 'axial', 'use_amp': False, 'dropout_rate': 0.0, 'grad_accum_steps': 2, 'augmentation_intensity': 0, 'batch_size': 5, 'learning_rate': 1e-05, 'num_epochs': 200, 'train_ratio': 0.7, 'val_ratio': 0.15, 'test_ratio': 0.15, 'a_max': 1100}",0.9418501928580316,0.8170502243450571,0.8181818181818182,0.940074810252582,0.8077673746756119,0.8111888111888111,18898926,Grid_SEARCH_84_densenet169_Attn_axial_dropout_0.0_aug_0_bs_5_lr_1e-05_amax_1100_sched_reduce_on_plateau_loss_ce,completed
85,"{'model_name': 'densenet169', 'scheduler_name': 'reduce_on_plateau', 'loss_name': 'ce', 'attention_type': 'none', 'use_amp': False, 'dropout_rate': 0.0, 'grad_accum_steps': 2, 'augmentation_intensity': 0, 'batch_size': 5, 'learning_rate': 2e-05, 'num_epochs': 200, 'train_ratio': 0.7, 'val_ratio': 0.15, 'test_ratio': 0.15, 'a_max': 1100}",0.9562033407988056,0.8871845746845747,0.8881118881118881,0.9458068931193232,0.8284127827987477,0.8321678321678322,18547715,Grid_SEARCH_85_densenet169_dropout_0.0_aug_0_bs_5_lr_2e-05_amax_1100_sched_reduce_on_plateau_loss_ce,completed
86,"{'model_name': 'densenet169', 'scheduler_name': 'reduce_on_plateau', 'loss_name': 'ce', 'attention_type': 'cbam', 'use_amp': False, 'dropout_rate': 0.0, 'grad_accum_steps': 2, 'augmentation_intensity': 0, 'batch_size': 5, 'learning_rate': 2e-05, 'num_epochs': 200, 'train_ratio': 0.7, 'val_ratio': 0.15, 'test_ratio': 0.15, 'a_max': 1100}",0.9424485971133508,0.8584625443017434,0.8601398601398601,0.9383079818340176,0.8361374585968081,0.8391608391608392,18899508,Grid_SEARCH_86_densenet169_Attn_cbam_dropout_0.0_aug_0_bs_5_lr_2e-05_amax_1100_sched_reduce_on_plateau_loss_ce,completed
87,"{'model_name': 'densenet169', 'scheduler_name': 'reduce_on_plateau', 'loss_name': 'ce', 'attention_type': 'eca', 'use_amp': False, 'dropout_rate': 0.0, 'grad_accum_steps': 2, 'augmentation_intensity': 0, 'batch_size': 5, 'learning_rate': 2e-05, 'num_epochs': 200, 'train_ratio': 0.7, 'val_ratio': 0.15, 'test_ratio': 0.15, 'a_max': 1100}",0.9527645576707728,0.8736330922684554,0.8741258741258742,0.94180897723031,0.8598342008868324,0.8601398601398601,18552713,Grid_SEARCH_87_densenet169_Attn_eca_dropout_0.0_aug_0_bs_5_lr_2e-05_amax_1100_sched_reduce_on_plateau_loss_ce,completed
88,"{'model_name': 'densenet169', 'scheduler_name': 'reduce_on_plateau', 'loss_name': 'ce', 'attention_type': 'axial', 'use_amp': False, 'dropout_rate': 0.0, 'grad_accum_steps': 2, 'augmentation_intensity': 0, 'batch_size': 5, 'learning_rate': 2e-05, 'num_epochs': 200, 'train_ratio': 0.7, 'val_ratio': 0.15, 'test_ratio': 0.15, 'a_max': 1100}",0.9468932748538011,0.86725338692353,0.8671328671328671,0.9397548058977232,0.8231750296941022,0.8251748251748252,18898926,Grid_SEARCH_88_densenet169_Attn_axial_dropout_0.0_aug_0_bs_5_lr_2e-05_amax_1100_sched_reduce_on_plateau_loss_ce,completed
89,"{'model_name': 'densenet169', 'scheduler_name': 'reduce_on_plateau', 'loss_name': 'ce', 'attention_type': 'none', 'use_amp': False, 'dropout_rate': 0.0, 'grad_accum_steps': 2, 'augmentation_intensity': 0, 'batch_size': 5, 'learning_rate': 5e-05, 'num_epochs': 200, 'train_ratio': 0.7, 'val_ratio': 0.15, 'test_ratio': 0.15, 'a_max': 1100}",0.9503359462486004,0.8732407407407408,0.8741258741258742,0.9463916884409606,0.850734092086447,0.8531468531468531,18547715,Grid_SEARCH_89_densenet169_dropout_0.0_aug_0_bs_5_lr_5e-05_amax_1100_sched_reduce_on_plateau_loss_ce,completed
90,"{'model_name': 'densenet169', 'scheduler_name': 'reduce_on_plateau', 'loss_name': 'ce', 'attention_type': 'cbam', 'use_amp': False, 'dropout_rate': 0.0, 'grad_accum_steps': 2, 'augmentation_intensity': 0, 'batch_size': 5, 'learning_rate': 5e-05, 'num_epochs': 200, 'train_ratio': 0.7, 'val_ratio': 0.15, 'test_ratio': 0.15, 'a_max': 1100}",0.948533345775787,0.8656079385304452,0.8671328671328671,0.9421075961179542,0.8597250331495568,0.8601398601398601,18899508,Grid_SEARCH_90_densenet169_Attn_cbam_dropout_0.0_aug_0_bs_5_lr_5e-05_amax_1100_sched_reduce_on_plateau_loss_ce,completed
91,"{'model_name': 'densenet169', 'scheduler_name': 'reduce_on_plateau', 'loss_name': 'ce', 'attention_type': 'eca', 'use_amp': False, 'dropout_rate': 0.0, 'grad_accum_steps': 2, 'augmentation_intensity': 0, 'batch_size': 5, 'learning_rate': 5e-05, 'num_epochs': 200, 'train_ratio': 0.7, 'val_ratio': 0.15, 'test_ratio': 0.15, 'a_max': 1100}",0.9515004821450792,0.8609946754276651,0.8601398601398601,0.948907397038696,0.8223363726471155,0.8251748251748252,18552713,Grid_SEARCH_91_densenet169_Attn_eca_dropout_0.0_aug_0_bs_5_lr_5e-05_amax_1100_sched_reduce_on_plateau_loss_ce,completed
92,"{'model_name': 'densenet169', 'scheduler_name': 'reduce_on_plateau', 'loss_name': 'ce', 'attention_type': 'axial', 'use_amp': False, 'dropout_rate': 0.0, 'grad_accum_steps': 2, 'augmentation_intensity': 0, 'batch_size': 5, 'learning_rate': 5e-05, 'num_epochs': 200, 'train_ratio': 0.7, 'val_ratio': 0.15, 'test_ratio': 0.15, 'a_max': 1100}",0.9537059070548712,0.8738179669030733,0.8741258741258742,0.9493405499564516,0.8344835122804142,0.8391608391608392,18898926,Grid_SEARCH_92_densenet169_Attn_axial_dropout_0.0_aug_0_bs_5_lr_5e-05_amax_1100_sched_reduce_on_plateau_loss_ce,completed
93,"{'model_name': 'densenet169', 'scheduler_name': 'reduce_on_plateau', 'loss_name': 'ce', 'attention_type': 'none', 'use_amp': False, 'dropout_rate': 0.0, 'grad_accum_steps': 2, 'augmentation_intensity': 0, 'batch_size': 5, 'learning_rate': 0.0001, 'num_epochs': 200, 'train_ratio': 0.7, 'val_ratio': 0.15, 'test_ratio': 0.15, 'a_max': 1100}",0.9509300734104764,0.8659643144581001,0.8671328671328671,0.9469935921363692,0.8366083192170147,0.8391608391608392,18547715,Grid_SEARCH_93_densenet169_dropout_0.0_aug_0_bs_5_lr_1e-04_amax_1100_sched_reduce_on_plateau_loss_ce,completed
94,"{'model_name': 'densenet169', 'scheduler_name': 'reduce_on_plateau', 'loss_name': 'ce', 'attention_type': 'cbam', 'use_amp': False, 'dropout_rate': 0.0, 'grad_accum_steps': 2, 'augmentation_intensity': 0, 'batch_size': 5, 'learning_rate': 0.0001, 'num_epochs': 200, 'train_ratio': 0.7, 'val_ratio': 0.15, 'test_ratio': 0.15, 'a_max': 1100}",0.9592820704242876,0.8799074074074075,0.8811188811188811,0.958974119696404,0.8789857761286334,0.8811188811188811,18899508,Grid_SEARCH_94_densenet169_Attn_cbam_dropout_0.0_aug_0_bs_5_lr_1e-04_amax_1100_sched_reduce_on_plateau_loss_ce,completed
95,"{'model_name': 'densenet169', 'scheduler_name': 'reduce_on_plateau', 'loss_name': 'ce', 'attention_type': 'eca', 'use_amp': False, 'dropout_rate': 0.0, 'grad_accum_steps': 2, 'augmentation_intensity': 0, 'batch_size': 5, 'learning_rate': 0.0001, 'num_epochs': 200, 'train_ratio': 0.7, 'val_ratio': 0.15, 'test_ratio': 0.15, 'a_max': 1100}",0.9537206824685828,0.8585034013605443,0.8601398601398601,0.9454542273236282,0.7753478063499694,0.7902097902097902,18552713,Grid_SEARCH_95_densenet169_Attn_eca_dropout_0.0_aug_0_bs_5_lr_1e-04_amax_1100_sched_reduce_on_plateau_loss_ce,completed
96,"{'model_name': 'densenet169', 'scheduler_name': 'reduce_on_plateau', 'loss_name': 'ce', 'attention_type': 'axial', 'use_amp': False, 'dropout_rate': 0.0, 'grad_accum_steps': 2, 'augmentation_intensity': 0, 'batch_size': 5, 'learning_rate': 0.0001, 'num_epochs': 200, 'train_ratio': 0.7, 'val_ratio': 0.15, 'test_ratio': 0.15, 'a_max': 1100}",0.9474944008958568,0.8440795872201529,0.8461538461538461,0.9377437943262412,0.8244804318488529,0.8251748251748252,18898926,Grid_SEARCH_96_densenet169_Attn_axial_dropout_0.0_aug_0_bs_5_lr_1e-04_amax_1100_sched_reduce_on_plateau_loss_ce,completed
97,"{'model_name': 'densenet169', 'scheduler_name': 'reduce_on_plateau', 'loss_name': 'ce', 'attention_type': 'none', 'use_amp': False, 'dropout_rate': 0.0, 'grad_accum_steps': 2, 'augmentation_intensity': 1, 'batch_size': 3, 'learning_rate': 1e-05, 'num_epochs': 200, 'train_ratio': 0.7, 'val_ratio': 0.15, 'test_ratio': 0.15, 'a_max': 1100}",0.9331303658081374,0.8223363726471155,0.8251748251748252,0.9274216125419932,0.7285858673366253,0.7482517482517482,18547715,Grid_SEARCH_97_densenet169_dropout_0.0_aug_1_bs_3_lr_1e-05_amax_1100_sched_reduce_on_plateau_loss_ce,completed
98,"{'model_name': 'densenet169', 'scheduler_name': 'reduce_on_plateau', 'loss_name': 'ce', 'attention_type': 'cbam', 'use_amp': False, 'dropout_rate': 0.0, 'grad_accum_steps': 2, 'augmentation_intensity': 1, 'batch_size': 3, 'learning_rate': 1e-05, 'num_epochs': 200, 'train_ratio': 0.7, 'val_ratio': 0.15, 'test_ratio': 0.15, 'a_max': 1100}",0.9453403011073784,0.860435691114164,0.8601398601398601,0.9438713139231056,0.8143109265910963,0.8181818181818182,18899508,Grid_SEARCH_98_densenet169_Attn_cbam_dropout_0.0_aug_1_bs_3_lr_1e-05_amax_1100_sched_reduce_on_plateau_loss_ce,completed
99,"{'model_name': 'densenet169', 'scheduler_name': 'reduce_on_plateau', 'loss_name': 'ce', 'attention_type': 'eca', 'use_amp': False, 'dropout_rate': 0.0, 'grad_accum_steps': 2, 'augmentation_intensity': 1, 'batch_size': 3, 'learning_rate': 1e-05, 'num_epochs': 200, 'train_ratio': 0.7, 'val_ratio': 0.15, 'test_ratio': 0.15, 'a_max': 1100}",0.932754759238522,0.8512540987761182,0.8531468531468531,0.9320774231678488,0.7781397868882066,0.7902097902097902,18552713,Grid_SEARCH_99_densenet169_Attn_eca_dropout_0.0_aug_1_bs_3_lr_1e-05_amax_1100_sched_reduce_on_plateau_loss_ce,completed
100,"{'model_name': 'densenet169', 'scheduler_name': 'reduce_on_plateau', 'loss_name': 'ce', 'attention_type': 'axial', 'use_amp': False, 'dropout_rate': 0.0, 'grad_accum_steps': 2, 'augmentation_intensity': 1, 'batch_size': 3, 'learning_rate': 1e-05, 'num_epochs': 200, 'train_ratio': 0.7, 'val_ratio': 0.15, 'test_ratio': 0.15, 'a_max': 1100}",0.9344881485628966,0.8448590226215483,0.8461538461538461,0.9308938347642156,0.8037735849056604,0.8111888111888111,18898926,Grid_SEARCH_100_densenet169_Attn_axial_dropout_0.0_aug_1_bs_3_lr_1e-05_amax_1100_sched_reduce_on_plateau_loss_ce,completed
101,"{'model_name': 'densenet169', 'scheduler_name': 'reduce_on_plateau', 'loss_name': 'ce', 'attention_type': 'none', 'use_amp': False, 'dropout_rate': 0.0, 'grad_accum_steps': 2, 'augmentation_intensity': 1, 'batch_size': 3, 'learning_rate': 2e-05, 'num_epochs': 200, 'train_ratio': 0.7, 'val_ratio': 0.15, 'test_ratio': 0.15, 'a_max': 1100}",0.9646782070424288,0.8609946754276651,0.8601398601398601,0.9528329911658578,0.8255121167492302,0.8321678321678322,18547715,Grid_SEARCH_101_densenet169_dropout_0.0_aug_1_bs_3_lr_2e-05_amax_1100_sched_reduce_on_plateau_loss_ce,completed
102,"{'model_name': 'densenet169', 'scheduler_name': 'reduce_on_plateau', 'loss_name': 'ce', 'attention_type': 'cbam', 'use_amp': False, 'dropout_rate': 0.0, 'grad_accum_steps': 2, 'augmentation_intensity': 1, 'batch_size': 3, 'learning_rate': 2e-05, 'num_epochs': 200, 'train_ratio': 0.7, 'val_ratio': 0.15, 'test_ratio': 0.15, 'a_max': 1100}",0.9466630894612416,0.8532894736842106,0.8531468531468531,0.9406273329600596,0.8080104229529518,0.8041958041958042,18899508,Grid_SEARCH_102_densenet169_Attn_cbam_dropout_0.0_aug_1_bs_3_lr_2e-05_amax_1100_sched_reduce_on_plateau_loss_ce,completed
103,"{'model_name': 'densenet169', 'scheduler_name': 'reduce_on_plateau', 'loss_name': 'ce', 'attention_type': 'eca', 'use_amp': False, 'dropout_rate': 0.0, 'grad_accum_steps': 2, 'augmentation_intensity': 1, 'batch_size': 3, 'learning_rate': 2e-05, 'num_epochs': 200, 'train_ratio': 0.7, 'val_ratio': 0.15, 'test_ratio': 0.15, 'a_max': 1100}",0.9482879961428394,0.8567739153462712,0.8601398601398601,0.9473007652108996,0.8326278659611992,0.8391608391608392,18552713,Grid_SEARCH_103_densenet169_Attn_eca_dropout_0.0_aug_1_bs_3_lr_2e-05_amax_1100_sched_reduce_on_plateau_loss_ce,completed
104,"{'model_name': 'densenet169', 'scheduler_name': 'reduce_on_plateau', 'loss_name': 'ce', 'attention_type': 'axial', 'use_amp': False, 'dropout_rate': 0.0, 'grad_accum_steps': 2, 'augmentation_intensity': 1, 'batch_size': 3, 'learning_rate': 2e-05, 'num_epochs': 200, 'train_ratio': 0.7, 'val_ratio': 0.15, 'test_ratio': 0.15, 'a_max': 1100}",0.9491056986437724,0.8273567779729433,0.8251748251748252,0.9377208535523206,0.823660599245672,0.8251748251748252,18898926,Grid_SEARCH_104_densenet169_Attn_axial_dropout_0.0_aug_1_bs_3_lr_2e-05_amax_1100_sched_reduce_on_plateau_loss_ce,completed
105,"{'model_name': 'densenet169', 'scheduler_name': 'reduce_on_plateau', 'loss_name': 'ce', 'attention_type': 'none', 'use_amp': False, 'dropout_rate': 0.0, 'grad_accum_steps': 2, 'augmentation_intensity': 1, 'batch_size': 3, 'learning_rate': 5e-05, 'num_epochs': 200, 'train_ratio': 0.7, 'val_ratio': 0.15, 'test_ratio': 0.15, 'a_max': 1100}",0.938634596242379,0.8395359837470243,0.8391608391608392,0.9299373211397288,0.8197069597069597,0.8181818181818182,18547715,Grid_SEARCH_105_densenet169_dropout_0.0_aug_1_bs_3_lr_5e-05_amax_1100_sched_reduce_on_plateau_loss_ce,completed
106,"{'model_name': 'densenet169', 'scheduler_name': 'reduce_on_plateau', 'loss_name': 'ce', 'attention_type': 'cbam', 'use_amp': False, 'dropout_rate': 0.0, 'grad_accum_steps': 2, 'augmentation_intensity': 1, 'batch_size': 3, 'learning_rate': 5e-05, 'num_epochs': 200, 'train_ratio': 0.7, 'val_ratio': 0.15, 'test_ratio': 0.15, 'a_max': 1100}",0.9475581684708224,0.8591095284643672,0.8601398601398601,0.942971180166729,0.8591095284643672,0.8601398601398601,18899508,Grid_SEARCH_106_densenet169_Attn_cbam_dropout_0.0_aug_1_bs_3_lr_5e-05_amax_1100_sched_reduce_on_plateau_loss_ce,completed
107,"{'model_name': 'densenet169', 'scheduler_name': 'reduce_on_plateau', 'loss_name': 'ce', 'attention_type': 'eca', 'use_amp': False, 'dropout_rate': 0.0, 'grad_accum_steps': 2, 'augmentation_intensity': 1, 'batch_size': 3, 'learning_rate': 5e-05, 'num_epochs': 200, 'train_ratio': 0.7, 'val_ratio': 0.15, 'test_ratio': 0.15, 'a_max': 1100}",0.9430318371282818,0.8600624175046082,0.8601398601398601,0.9351584857533908,0.845509685814427,0.8461538461538461,18552713,Grid_SEARCH_107_densenet169_Attn_eca_dropout_0.0_aug_1_bs_3_lr_5e-05_amax_1100_sched_reduce_on_plateau_loss_ce,completed
108,"{'model_name': 'densenet169', 'scheduler_name': 'reduce_on_plateau', 'loss_name': 'ce', 'attention_type': 'axial', 'use_amp': False, 'dropout_rate': 0.0, 'grad_accum_steps': 2, 'augmentation_intensity': 1, 'batch_size': 3, 'learning_rate': 5e-05, 'num_epochs': 200, 'train_ratio': 0.7, 'val_ratio': 0.15, 'test_ratio': 0.15, 'a_max': 1100}",0.9556966996391688,0.8820430492513927,0.8811188811188811,0.9470464725643896,0.8513596103432765,0.8531468531468531,18898926,Grid_SEARCH_108_densenet169_Attn_axial_dropout_0.0_aug_1_bs_3_lr_5e-05_amax_1100_sched_reduce_on_plateau_loss_ce,completed
109,"{'model_name': 'densenet169', 'scheduler_name': 'reduce_on_plateau', 'loss_name': 'ce', 'attention_type': 'none', 'use_amp': False, 'dropout_rate': 0.0, 'grad_accum_steps': 2, 'augmentation_intensity': 1, 'batch_size': 3, 'learning_rate': 0.0001, 'num_epochs': 200, 'train_ratio': 0.7, 'val_ratio': 0.15, 'test_ratio': 0.15, 'a_max': 1100}",0.961239423914396,0.8668666305620745,0.8671328671328671,0.94794388453403,0.8250915750915752,0.8251748251748252,18547715,Grid_SEARCH_109_densenet169_dropout_0.0_aug_1_bs_3_lr_1e-04_amax_1100_sched_reduce_on_plateau_loss_ce,completed
110,"{'model_name': 'densenet169', 'scheduler_name': 'reduce_on_plateau', 'loss_name': 'ce', 'attention_type': 'cbam', 'use_amp': False, 'dropout_rate': 0.0, 'grad_accum_steps': 2, 'augmentation_intensity': 1, 'batch_size': 3, 'learning_rate': 0.0001, 'num_epochs': 200, 'train_ratio': 0.7, 'val_ratio': 0.15, 'test_ratio': 0.15, 'a_max': 1100}",0.9428257589896728,0.8374620764278036,0.8391608391608392,0.934292957571233,0.8173479499566456,0.8181818181818182,18899508,Grid_SEARCH_110_densenet169_Attn_cbam_dropout_0.0_aug_1_bs_3_lr_1e-04_amax_1100_sched_reduce_on_plateau_loss_ce,completed
111,"{'model_name': 'densenet169', 'scheduler_name': 'reduce_on_plateau', 'loss_name': 'ce', 'attention_type': 'eca', 'use_amp': False, 'dropout_rate': 0.0, 'grad_accum_steps': 2, 'augmentation_intensity': 1, 'batch_size': 3, 'learning_rate': 0.0001, 'num_epochs': 200, 'train_ratio': 0.7, 'val_ratio': 0.15, 'test_ratio': 0.15, 'a_max': 1100}",0.9439731865123804,0.852122176888532,0.8531468531468531,0.937599539629215,0.8122436536969294,0.8111888111888111,18552713,Grid_SEARCH_111_densenet169_Attn_eca_dropout_0.0_aug_1_bs_3_lr_1e-04_amax_1100_sched_reduce_on_plateau_loss_ce,completed
112,"{'model_name': 'densenet169', 'scheduler_name': 'reduce_on_plateau', 'loss_name': 'ce', 'attention_type': 'axial', 'use_amp': False, 'dropout_rate': 0.0, 'grad_accum_steps': 2, 'augmentation_intensity': 1, 'batch_size': 3, 'learning_rate': 0.0001, 'num_epochs': 200, 'train_ratio': 0.7, 'val_ratio': 0.15, 'test_ratio': 0.15, 'a_max': 1100}",0.953919372900336,0.8468050468050468,0.8461538461538461,0.9507418812989924,0.8318288577891786,0.8321678321678322,18898926,Grid_SEARCH_112_densenet169_Attn_axial_dropout_0.0_aug_1_bs_3_lr_1e-04_amax_1100_sched_reduce_on_plateau_loss_ce,completed
113,"{'model_name': 'densenet169', 'scheduler_name': 'reduce_on_plateau', 'loss_name': 'ce', 'attention_type': 'none', 'use_amp': False, 'dropout_rate': 0.0, 'grad_accum_steps': 2, 'augmentation_intensity': 1, 'batch_size': 5, 'learning_rate': 1e-05, 'num_epochs': 200, 'train_ratio': 0.7, 'val_ratio': 0.15, 'test_ratio': 0.15, 'a_max': 1100}",0.9520677802662684,0.8534798534798534,0.8531468531468531,0.9436870100783872,0.8305842124691574,0.8321678321678322,18547715,Grid_SEARCH_113_densenet169_dropout_0.0_aug_1_bs_5_lr_1e-05_amax_1100_sched_reduce_on_plateau_loss_ce,completed
114,"{'model_name': 'densenet169', 'scheduler_name': 'reduce_on_plateau', 'loss_name': 'ce', 'attention_type': 'cbam', 'use_amp': False, 'dropout_rate': 0.0, 'grad_accum_steps': 2, 'augmentation_intensity': 1, 'batch_size': 5, 'learning_rate': 1e-05, 'num_epochs': 200, 'train_ratio': 0.7, 'val_ratio': 0.15, 'test_ratio': 0.15, 'a_max': 1100}",0.934257185516984,0.8270371837734266,0.8251748251748252,0.9234808541744433,0.8054075280366816,0.8041958041958042,18899508,Grid_SEARCH_114_densenet169_Attn_cbam_dropout_0.0_aug_1_bs_5_lr_1e-05_amax_1100_sched_reduce_on_plateau_loss_ce,completed
115,"{'model_name': 'densenet169', 'scheduler_name': 'reduce_on_plateau', 'loss_name': 'ce', 'attention_type': 'eca', 'use_amp': False, 'dropout_rate': 0.0, 'grad_accum_steps': 2, 'augmentation_intensity': 1, 'batch_size': 5, 'learning_rate': 1e-05, 'num_epochs': 200, 'train_ratio': 0.7, 'val_ratio': 0.15, 'test_ratio': 0.15, 'a_max': 1100}",0.9266999502301854,0.8359038662486938,0.8391608391608392,0.9240458193355732,0.8193312825629088,0.8181818181818182,18552713,Grid_SEARCH_115_densenet169_Attn_eca_dropout_0.0_aug_1_bs_5_lr_1e-05_amax_1100_sched_reduce_on_plateau_loss_ce,completed
116,"{'model_name': 'densenet169', 'scheduler_name': 'reduce_on_plateau', 'loss_name': 'ce', 'attention_type': 'axial', 'use_amp': False, 'dropout_rate': 0.0, 'grad_accum_steps': 2, 'augmentation_intensity': 1, 'batch_size': 5, 'learning_rate': 1e-05, 'num_epochs': 200, 'train_ratio': 0.7, 'val_ratio': 0.15, 'test_ratio': 0.15, 'a_max': 1100}",0.9374214570113226,0.8179441207231436,0.8181818181818182,0.9330144954585043,0.7761326525373865,0.7762237762237763,18898926,Grid_SEARCH_116_densenet169_Attn_axial_dropout_0.0_aug_1_bs_5_lr_1e-05_amax_1100_sched_reduce_on_plateau_loss_ce,completed
117,"{'model_name': 'densenet169', 'scheduler_name': 'reduce_on_plateau', 'loss_name': 'ce', 'attention_type': 'none', 'use_amp': False, 'dropout_rate': 0.0, 'grad_accum_steps': 2, 'augmentation_intensity': 1, 'batch_size': 5, 'learning_rate': 2e-05, 'num_epochs': 200, 'train_ratio': 0.7, 'val_ratio': 0.15, 'test_ratio': 0.15, 'a_max': 1100}",0.945674692049272,0.8588888888888889,0.8601398601398601,0.9305190058479532,0.8217983728736417,0.8251748251748252,18547715,Grid_SEARCH_117_densenet169_dropout_0.0_aug_1_bs_5_lr_2e-05_amax_1100_sched_reduce_on_plateau_loss_ce,completed
118,"{'model_name': 'densenet169', 'scheduler_name': 'reduce_on_plateau', 'loss_name': 'ce', 'attention_type': 'cbam', 'use_amp': False, 'dropout_rate': 0.0, 'grad_accum_steps': 2, 'augmentation_intensity': 1, 'batch_size': 5, 'learning_rate': 2e-05, 'num_epochs': 200, 'train_ratio': 0.7, 'val_ratio': 0.15, 'test_ratio': 0.15, 'a_max': 1100}",0.9467451318900088,0.8542344474021494,0.8531468531468531,0.9385840487744184,0.8241953082378615,0.8251748251748252,18899508,Grid_SEARCH_118_densenet169_Attn_cbam_dropout_0.0_aug_1_bs_5_lr_2e-05_amax_1100_sched_reduce_on_plateau_loss_ce,completed
119,"{'model_name': 'densenet169', 'scheduler_name': 'reduce_on_plateau', 'loss_name': 'ce', 'attention_type': 'eca', 'use_amp': False, 'dropout_rate': 0.0, 'grad_accum_steps': 2, 'augmentation_intensity': 1, 'batch_size': 5, 'learning_rate': 2e-05, 'num_epochs': 200, 'train_ratio': 0.7, 'val_ratio': 0.15, 'test_ratio': 0.15, 'a_max': 1100}",0.9392707166853304,0.8299742895637877,0.8321678321678322,0.9357479469951474,0.8191409897292251,0.8251748251748252,18552713,Grid_SEARCH_119_densenet169_Attn_eca_dropout_0.0_aug_1_bs_5_lr_2e-05_amax_1100_sched_reduce_on_plateau_loss_ce,completed
120,"{'model_name': 'densenet169', 'scheduler_name': 'reduce_on_plateau', 'loss_name': 'ce', 'attention_type': 'axial', 'use_amp': False, 'dropout_rate': 0.0, 'grad_accum_steps': 2, 'augmentation_intensity': 1, 'batch_size': 5, 'learning_rate': 2e-05, 'num_epochs': 200, 'train_ratio': 0.7, 'val_ratio': 0.15, 'test_ratio': 0.15, 'a_max': 1100}",0.9463302538260544,0.8677368547463327,0.8671328671328671,0.9385008398656216,0.8285608997212176,0.8321678321678322,18898926,Grid_SEARCH_120_densenet169_Attn_axial_dropout_0.0_aug_1_bs_5_lr_2e-05_amax_1100_sched_reduce_on_plateau_loss_ce,completed
121,"{'model_name': 'densenet169', 'scheduler_name': 'reduce_on_plateau', 'loss_name': 'ce', 'attention_type': 'none', 'use_amp': False, 'dropout_rate': 0.0, 'grad_accum_steps': 2, 'augmentation_intensity': 1, 'batch_size': 5, 'learning_rate': 5e-05, 'num_epochs': 200, 'train_ratio': 0.7, 'val_ratio': 0.15, 'test_ratio': 0.15, 'a_max': 1100}",0.9494867487868608,0.8596162728282715,0.8601398601398601,0.9379183775040438,0.8449233885689384,0.8461538461538461,18547715,Grid_SEARCH_121_densenet169_dropout_0.0_aug_1_bs_5_lr_5e-05_amax_1100_sched_reduce_on_plateau_loss_ce,completed
122,"{'model_name': 'densenet169', 'scheduler_name': 'reduce_on_plateau', 'loss_name': 'ce', 'attention_type': 'cbam', 'use_amp': False, 'dropout_rate': 0.0, 'grad_accum_steps': 2, 'augmentation_intensity': 1, 'batch_size': 5, 'learning_rate': 5e-05, 'num_epochs': 200, 'train_ratio': 0.7, 'val_ratio': 0.15, 'test_ratio': 0.15, 'a_max': 1100}",0.9375874860022396,0.8385339643103618,0.8391608391608392,0.9343672234664676,0.8385155195681512,0.8391608391608392,18899508,Grid_SEARCH_122_densenet169_Attn_cbam_dropout_0.0_aug_1_bs_5_lr_5e-05_amax_1100_sched_reduce_on_plateau_loss_ce,completed
123,"{'model_name': 'densenet169', 'scheduler_name': 'reduce_on_plateau', 'loss_name': 'ce', 'attention_type': 'eca', 'use_amp': False, 'dropout_rate': 0.0, 'grad_accum_steps': 2, 'augmentation_intensity': 1, 'batch_size': 5, 'learning_rate': 5e-05, 'num_epochs': 200, 'train_ratio': 0.7, 'val_ratio': 0.15, 'test_ratio': 0.15, 'a_max': 1100}",0.9417809817095932,0.8446470786896318,0.8461538461538461,0.9320190991663556,0.8082286611475878,0.8111888111888111,18552713,Grid_SEARCH_123_densenet169_Attn_eca_dropout_0.0_aug_1_bs_5_lr_5e-05_amax_1100_sched_reduce_on_plateau_loss_ce,completed
124,"{'model_name': 'densenet169', 'scheduler_name': 'reduce_on_plateau', 'loss_name': 'ce', 'attention_type': 'axial', 'use_amp': False, 'dropout_rate': 0.0, 'grad_accum_steps': 2, 'augmentation_intensity': 1, 'batch_size': 5, 'learning_rate': 5e-05, 'num_epochs': 200, 'train_ratio': 0.7, 'val_ratio': 0.15, 'test_ratio': 0.15, 'a_max': 1100}",0.9500556022147568,0.8658895962777368,0.8671328671328671,0.9449246453900708,0.8258121620420296,0.8251748251748252,18898926,Grid_SEARCH_124_densenet169_Attn_axial_dropout_0.0_aug_1_bs_5_lr_5e-05_amax_1100_sched_reduce_on_plateau_loss_ce,completed
125,"{'model_name': 'densenet169', 'scheduler_name': 'reduce_on_plateau', 'loss_name': 'ce', 'attention_type': 'none', 'use_amp': False, 'dropout_rate': 0.0, 'grad_accum_steps': 2, 'augmentation_intensity': 1, 'batch_size': 5, 'learning_rate': 0.0001, 'num_epochs': 200, 'train_ratio': 0.7, 'val_ratio': 0.15, 'test_ratio': 0.15, 'a_max': 1100}",0.964759082991166,0.8731514344868382,0.8741258741258742,0.9558899464974492,0.8335020146729007,0.8391608391608392,18547715,Grid_SEARCH_125_densenet169_dropout_0.0_aug_1_bs_5_lr_1e-04_amax_1100_sched_reduce_on_plateau_loss_ce,completed
126,"{'model_name': 'densenet169', 'scheduler_name': 'reduce_on_plateau', 'loss_name': 'ce', 'attention_type': 'cbam', 'use_amp': False, 'dropout_rate': 0.0, 'grad_accum_steps': 2, 'augmentation_intensity': 1, 'batch_size': 5, 'learning_rate': 0.0001, 'num_epochs': 200, 'train_ratio': 0.7, 'val_ratio': 0.15, 'test_ratio': 0.15, 'a_max': 1100}",0.960231973995272,0.8939343754753065,0.8951048951048951,0.9544893928082616,0.8799714274682421,0.8811188811188811,18899508,Grid_SEARCH_126_densenet169_Attn_cbam_dropout_0.0_aug_1_bs_5_lr_1e-04_amax_1100_sched_reduce_on_plateau_loss_ce,completed
127,"{'model_name': 'densenet169', 'scheduler_name': 'reduce_on_plateau', 'loss_name': 'ce', 'attention_type': 'eca', 'use_amp': False, 'dropout_rate': 0.0, 'grad_accum_steps': 2, 'augmentation_intensity': 1, 'batch_size': 5, 'learning_rate': 0.0001, 'num_epochs': 200, 'train_ratio': 0.7, 'val_ratio': 0.15, 'test_ratio': 0.15, 'a_max': 1100}",0.9569914924723156,0.8659702570194133,0.8671328671328671,0.9422016921736964,0.8586414969860491,0.8601398601398601,18552713,Grid_SEARCH_127_densenet169_Attn_eca_dropout_0.0_aug_1_bs_5_lr_1e-04_amax_1100_sched_reduce_on_plateau_loss_ce,completed
128,"{'model_name': 'densenet169', 'scheduler_name': 'reduce_on_plateau', 'loss_name': 'ce', 'attention_type': 'axial', 'use_amp': False, 'dropout_rate': 0.0, 'grad_accum_steps': 2, 'augmentation_intensity': 1, 'batch_size': 5, 'learning_rate': 0.0001, 'num_epochs': 200, 'train_ratio': 0.7, 'val_ratio': 0.15, 'test_ratio': 0.15, 'a_max': 1100}",0.9664854734353616,0.9007953975056952,0.902097902097902,0.9584647567500312,0.8605103458360751,0.8601398601398601,18898926,Grid_SEARCH_128_densenet169_Attn_axial_dropout_0.0_aug_1_bs_5_lr_1e-04_amax_1100_sched_reduce_on_plateau_loss_ce,completed
129,"{'model_name': 'densenet169', 'scheduler_name': 'reduce_on_plateau', 'loss_name': 'ce', 'attention_type': 'none', 'use_amp': False, 'dropout_rate': 0.2, 'grad_accum_steps': 1, 'augmentation_intensity': 0, 'batch_size': 3, 'learning_rate': 1e-05, 'num_epochs': 200, 'train_ratio': 0.7, 'val_ratio': 0.15, 'test_ratio': 0.15, 'a_max': 1100}",0.9454211770561156,0.8594171043683517,0.8601398601398601,0.9349578511882544,0.8026967528893781,0.8041958041958042,18547715,Grid_SEARCH_129_densenet169_dropout_0.2_aug_0_bs_3_lr_1e-05_amax_1100_sched_reduce_on_plateau_loss_ce,completed
130,"{'model_name': 'densenet169', 'scheduler_name': 'reduce_on_plateau', 'loss_name': 'ce', 'attention_type': 'cbam', 'use_amp': False, 'dropout_rate': 0.2, 'grad_accum_steps': 1, 'augmentation_intensity': 0, 'batch_size': 3, 'learning_rate': 1e-05, 'num_epochs': 200, 'train_ratio': 0.7, 'val_ratio': 0.15, 'test_ratio': 0.15, 'a_max': 1100}",0.9481701816598234,0.840518038852914,0.8391608391608392,0.939410305462237,0.8190129702135523,0.8181818181818182,18899508,Grid_SEARCH_130_densenet169_Attn_cbam_dropout_0.2_aug_0_bs_3_lr_1e-05_amax_1100_sched_reduce_on_plateau_loss_ce,completed
131,"{'model_name': 'densenet169', 'scheduler_name': 'reduce_on_plateau', 'loss_name': 'ce', 'attention_type': 'eca', 'use_amp': False, 'dropout_rate': 0.2, 'grad_accum_steps': 1, 'augmentation_intensity': 0, 'batch_size': 3, 'learning_rate': 1e-05, 'num_epochs': 200, 'train_ratio': 0.7, 'val_ratio': 0.15, 'test_ratio': 0.15, 'a_max': 1100}",0.9478933370660696,0.8653061224489796,0.8671328671328671,0.9371807732984944,0.8525081935608251,0.8531468531468531,18552713,Grid_SEARCH_131_densenet169_Attn_eca_dropout_0.2_aug_0_bs_3_lr_1e-05_amax_1100_sched_reduce_on_plateau_loss_ce,completed
132,"{'model_name': 'densenet169', 'scheduler_name': 'reduce_on_plateau', 'loss_name': 'ce', 'attention_type': 'axial', 'use_amp': False, 'dropout_rate': 0.2, 'grad_accum_steps': 1, 'augmentation_intensity': 0, 'batch_size': 3, 'learning_rate': 1e-05, 'num_epochs': 200, 'train_ratio': 0.7, 'val_ratio': 0.15, 'test_ratio': 0.15, 'a_max': 1100}",0.9372686481274108,0.8254593814366111,0.8251748251748252,0.9318962299365436,0.7981102427996816,0.7972027972027972,18898926,Grid_SEARCH_132_densenet169_Attn_axial_dropout_0.2_aug_0_bs_3_lr_1e-05_amax_1100_sched_reduce_on_plateau_loss_ce,completed
133,"{'model_name': 'densenet169', 'scheduler_name': 'reduce_on_plateau', 'loss_name': 'ce', 'attention_type': 'none', 'use_amp': False, 'dropout_rate': 0.2, 'grad_accum_steps': 1, 'augmentation_intensity': 0, 'batch_size': 3, 'learning_rate': 2e-05, 'num_epochs': 200, 'train_ratio': 0.7, 'val_ratio': 0.15, 'test_ratio': 0.15, 'a_max': 1100}",0.9454056239890508,0.8442932728647015,0.8461538461538461,0.9402054560159264,0.814238240773285,0.8181818181818182,18547715,Grid_SEARCH_133_densenet169_dropout_0.2_aug_0_bs_3_lr_2e-05_amax_1100_sched_reduce_on_plateau_loss_ce,completed
134,"{'model_name': 'densenet169', 'scheduler_name': 'reduce_on_plateau', 'loss_name': 'ce', 'attention_type': 'cbam', 'use_amp': False, 'dropout_rate': 0.2, 'grad_accum_steps': 1, 'augmentation_intensity': 0, 'batch_size': 3, 'learning_rate': 2e-05, 'num_epochs': 200, 'train_ratio': 0.7, 'val_ratio': 0.15, 'test_ratio': 0.15, 'a_max': 1100}",0.9535554311310191,0.8731245606245607,0.8741258741258742,0.9486546596988926,0.8576338860012771,0.8601398601398601,18899508,Grid_SEARCH_134_densenet169_Attn_cbam_dropout_0.2_aug_0_bs_3_lr_2e-05_amax_1100_sched_reduce_on_plateau_loss_ce,completed
135,"{'model_name': 'densenet169', 'scheduler_name': 'reduce_on_plateau', 'loss_name': 'ce', 'attention_type': 'eca', 'use_amp': False, 'dropout_rate': 0.2, 'grad_accum_steps': 1, 'augmentation_intensity': 0, 'batch_size': 3, 'learning_rate': 2e-05, 'num_epochs': 200, 'train_ratio': 0.7, 'val_ratio': 0.15, 'test_ratio': 0.15, 'a_max': 1100}",0.9561901206918004,0.8718253968253968,0.8741258741258742,0.9528924816473808,0.8223517187366723,0.8251748251748252,18552713,Grid_SEARCH_135_densenet169_Attn_eca_dropout_0.2_aug_0_bs_3_lr_2e-05_amax_1100_sched_reduce_on_plateau_loss_ce,completed
136,"{'model_name': 'densenet169', 'scheduler_name': 'reduce_on_plateau', 'loss_name': 'ce', 'attention_type': 'axial', 'use_amp': False, 'dropout_rate': 0.2, 'grad_accum_steps': 1, 'augmentation_intensity': 0, 'batch_size': 3, 'learning_rate': 2e-05, 'num_epochs': 200, 'train_ratio': 0.7, 'val_ratio': 0.15, 'test_ratio': 0.15, 'a_max': 1100}",0.9550874082369042,0.8673910879514418,0.8671328671328671,0.9518900864750528,0.86677388346643,0.8671328671328671,18898926,Grid_SEARCH_136_densenet169_Attn_axial_dropout_0.2_aug_0_bs_3_lr_2e-05_amax_1100_sched_reduce_on_plateau_loss_ce,completed
137,"{'model_name': 'densenet169', 'scheduler_name': 'reduce_on_plateau', 'loss_name': 'ce', 'attention_type': 'none', 'use_amp': False, 'dropout_rate': 0.2, 'grad_accum_steps': 1, 'augmentation_intensity': 0, 'batch_size': 3, 'learning_rate': 5e-05, 'num_epochs': 200, 'train_ratio': 0.7, 'val_ratio': 0.15, 'test_ratio': 0.15, 'a_max': 1100}",0.94915546845838,0.8386047580915174,0.8391608391608392,0.9019861266641782,0.8016835016835017,0.8041958041958042,18547715,Grid_SEARCH_137_densenet169_dropout_0.2_aug_0_bs_3_lr_5e-05_amax_1100_sched_reduce_on_plateau_loss_ce,completed
138,"{'model_name': 'densenet169', 'scheduler_name': 'reduce_on_plateau', 'loss_name': 'ce', 'attention_type': 'cbam', 'use_amp': False, 'dropout_rate': 0.2, 'grad_accum_steps': 1, 'augmentation_intensity': 0, 'batch_size': 3, 'learning_rate': 5e-05, 'num_epochs': 200, 'train_ratio': 0.7, 'val_ratio': 0.15, 'test_ratio': 0.15, 'a_max': 1100}",0.9541371158392434,0.8519109461966604,0.8531468531468531,0.942607238397412,0.8253083833728995,0.8251748251748252,18899508,Grid_SEARCH_138_densenet169_Attn_cbam_dropout_0.2_aug_0_bs_3_lr_5e-05_amax_1100_sched_reduce_on_plateau_loss_ce,completed
139,"{'model_name': 'densenet169', 'scheduler_name': 'reduce_on_plateau', 'loss_name': 'ce', 'attention_type': 'eca', 'use_amp': False, 'dropout_rate': 0.2, 'grad_accum_steps': 1, 'augmentation_intensity': 0, 'batch_size': 3, 'learning_rate': 5e-05, 'num_epochs': 200, 'train_ratio': 0.7, 'val_ratio': 0.15, 'test_ratio': 0.15, 'a_max': 1100}",0.9448581560283688,0.8366792312345851,0.8391608391608392,0.9366403042179918,0.7956871345029239,0.8041958041958042,18552713,Grid_SEARCH_139_densenet169_Attn_eca_dropout_0.2_aug_0_bs_3_lr_5e-05_amax_1100_sched_reduce_on_plateau_loss_ce,completed
140,"{'model_name': 'densenet169', 'scheduler_name': 'reduce_on_plateau', 'loss_name': 'ce', 'attention_type': 'axial', 'use_amp': False, 'dropout_rate': 0.2, 'grad_accum_steps': 1, 'augmentation_intensity': 0, 'batch_size': 3, 'learning_rate': 5e-05, 'num_epochs': 200, 'train_ratio': 0.7, 'val_ratio': 0.15, 'test_ratio': 0.15, 'a_max': 1100}",0.9636711459499812,0.8602245862884161,0.8601398601398601,0.956694817718054,0.8403000472319587,0.8391608391608392,18898926,Grid_SEARCH_140_densenet169_Attn_axial_dropout_0.2_aug_0_bs_3_lr_5e-05_amax_1100_sched_reduce_on_plateau_loss_ce,completed
141,"{'model_name': 'densenet169', 'scheduler_name': 'reduce_on_plateau', 'loss_name': 'ce', 'attention_type': 'none', 'use_amp': False, 'dropout_rate': 0.2, 'grad_accum_steps': 1, 'augmentation_intensity': 0, 'batch_size': 3, 'learning_rate': 0.0001, 'num_epochs': 200, 'train_ratio': 0.7, 'val_ratio': 0.15, 'test_ratio': 0.15, 'a_max': 1100}",0.9196792957571231,0.7956490722001225,0.7972027972027972,0.8983540966778648,0.7670103092783505,0.7692307692307693,18547715,Grid_SEARCH_141_densenet169_dropout_0.2_aug_0_bs_3_lr_1e-04_amax_1100_sched_reduce_on_plateau_loss_ce,completed
142,"{'model_name': 'densenet169', 'scheduler_name': 'reduce_on_plateau', 'loss_name': 'ce', 'attention_type': 'cbam', 'use_amp': False, 'dropout_rate': 0.2, 'grad_accum_steps': 1, 'augmentation_intensity': 0, 'batch_size': 3, 'learning_rate': 0.0001, 'num_epochs': 200, 'train_ratio': 0.7, 'val_ratio': 0.15, 'test_ratio': 0.15, 'a_max': 1100}",0.940860628966032,0.8591963591963592,0.8601398601398601,0.9276642403882044,0.8257096919234365,0.8251748251748252,18899508,Grid_SEARCH_142_densenet169_Attn_cbam_dropout_0.2_aug_0_bs_3_lr_1e-04_amax_1100_sched_reduce_on_plateau_loss_ce,completed
143,"{'model_name': 'densenet169', 'scheduler_name': 'reduce_on_plateau', 'loss_name': 'ce', 'attention_type': 'eca', 'use_amp': False, 'dropout_rate': 0.2, 'grad_accum_steps': 1, 'augmentation_intensity': 0, 'batch_size': 3, 'learning_rate': 0.0001, 'num_epochs': 200, 'train_ratio': 0.7, 'val_ratio': 0.15, 'test_ratio': 0.15, 'a_max': 1100}",0.9376228692298122,0.8372089786298217,0.8391608391608392,0.9215343878312804,0.8255605103431191,0.8251748251748252,18552713,Grid_SEARCH_143_densenet169_Attn_eca_dropout_0.2_aug_0_bs_3_lr_1e-04_amax_1100_sched_reduce_on_plateau_loss_ce,completed
144,"{'model_name': 'densenet169', 'scheduler_name': 'reduce_on_plateau', 'loss_name': 'ce', 'attention_type': 'axial', 'use_amp': False, 'dropout_rate': 0.2, 'grad_accum_steps': 1, 'augmentation_intensity': 0, 'batch_size': 3, 'learning_rate': 0.0001, 'num_epochs': 200, 'train_ratio': 0.7, 'val_ratio': 0.15, 'test_ratio': 0.15, 'a_max': 1100}",0.962011244867488,0.8669907551292102,0.8671328671328671,0.9508208131143462,0.8170871184889877,0.8181818181818182,18898926,Grid_SEARCH_144_densenet169_Attn_axial_dropout_0.2_aug_0_bs_3_lr_1e-04_amax_1100_sched_reduce_on_plateau_loss_ce,completed
145,"{'model_name': 'densenet169', 'scheduler_name': 'reduce_on_plateau', 'loss_name': 'ce', 'attention_type': 'none', 'use_amp': False, 'dropout_rate': 0.2, 'grad_accum_steps': 1, 'augmentation_intensity': 0, 'batch_size': 5, 'learning_rate': 1e-05, 'num_epochs': 200, 'train_ratio': 0.7, 'val_ratio': 0.15, 'test_ratio': 0.15, 'a_max': 1100}",0.9547405748413588,0.8176015891523082,0.8181818181818182,0.947782132636556,0.8076933967606751,0.8111888111888111,18547715,Grid_SEARCH_145_densenet169_dropout_0.2_aug_0_bs_5_lr_1e-05_amax_1100_sched_reduce_on_plateau_loss_ce,completed
146,"{'model_name': 'densenet169', 'scheduler_name': 'reduce_on_plateau', 'loss_name': 'ce', 'attention_type': 'cbam', 'use_amp': False, 'dropout_rate': 0.2, 'grad_accum_steps': 1, 'augmentation_intensity': 0, 'batch_size': 5, 'learning_rate': 1e-05, 'num_epochs': 200, 'train_ratio': 0.7, 'val_ratio': 0.15, 'test_ratio': 0.15, 'a_max': 1100}",0.9403228816722656,0.8373436323785518,0.8391608391608392,0.933693386835884,0.7777404295051354,0.7832167832167832,18899508,Grid_SEARCH_146_densenet169_Attn_cbam_dropout_0.2_aug_0_bs_5_lr_1e-05_amax_1100_sched_reduce_on_plateau_loss_ce,completed
147,"{'model_name': 'densenet169', 'scheduler_name': 'reduce_on_plateau', 'loss_name': 'ce', 'attention_type': 'eca', 'use_amp': False, 'dropout_rate': 0.2, 'grad_accum_steps': 1, 'augmentation_intensity': 0, 'batch_size': 5, 'learning_rate': 1e-05, 'num_epochs': 200, 'train_ratio': 0.7, 'val_ratio': 0.15, 'test_ratio': 0.15, 'a_max': 1100}",0.9349687383351996,0.859016385820035,0.8601398601398601,0.9314972937663306,0.81072695035461,0.8111888111888111,18552713,Grid_SEARCH_147_densenet169_Attn_eca_dropout_0.2_aug_0_bs_5_lr_1e-05_amax_1100_sched_reduce_on_plateau_loss_ce,completed
148,"{'model_name': 'densenet169', 'scheduler_name': 'reduce_on_plateau', 'loss_name': 'ce', 'attention_type': 'axial', 'use_amp': False, 'dropout_rate': 0.2, 'grad_accum_steps': 1, 'augmentation_intensity': 0, 'batch_size': 5, 'learning_rate': 1e-05, 'num_epochs': 200, 'train_ratio': 0.7, 'val_ratio': 0.15, 'test_ratio': 0.15, 'a_max': 1100}",0.946741632449919,0.8302728805836234,0.8321678321678322,0.938031914893617,0.8108918815464383,0.8111888111888111,18898926,Grid_SEARCH_148_densenet169_Attn_axial_dropout_0.2_aug_0_bs_5_lr_1e-05_amax_1100_sched_reduce_on_plateau_loss_ce,completed
149,"{'model_name': 'densenet169', 'scheduler_name': 'reduce_on_plateau', 'loss_name': 'ce', 'attention_type': 'none', 'use_amp': False, 'dropout_rate': 0.2, 'grad_accum_steps': 1, 'augmentation_intensity': 0, 'batch_size': 5, 'learning_rate': 2e-05, 'num_epochs': 200, 'train_ratio': 0.7, 'val_ratio': 0.15, 'test_ratio': 0.15, 'a_max': 1100}",0.9420562709966404,0.8539586047184832,0.8531468531468531,0.9367410103272364,0.8386242286516646,0.8391608391608392,18547715,Grid_SEARCH_149_densenet169_dropout_0.2_aug_0_bs_5_lr_2e-05_amax_1100_sched_reduce_on_plateau_loss_ce,completed
150,"{'model_name': 'densenet169', 'scheduler_name': 'reduce_on_plateau', 'loss_name': 'ce', 'attention_type': 'cbam', 'use_amp': False, 'dropout_rate': 0.2, 'grad_accum_steps': 1, 'augmentation_intensity': 0, 'batch_size': 5, 'learning_rate': 2e-05, 'num_epochs': 200, 'train_ratio': 0.7, 'val_ratio': 0.15, 'test_ratio': 0.15, 'a_max': 1100}",0.94245559599353,0.8660165505192813,0.8671328671328671,0.9318919528431008,0.8364818817298518,0.8391608391608392,18899508,Grid_SEARCH_150_densenet169_Attn_cbam_dropout_0.2_aug_0_bs_5_lr_2e-05_amax_1100_sched_reduce_on_plateau_loss_ce,completed
151,"{'model_name': 'densenet169', 'scheduler_name': 'reduce_on_plateau', 'loss_name': 'ce', 'attention_type': 'eca', 'use_amp': False, 'dropout_rate': 0.2, 'grad_accum_steps': 1, 'augmentation_intensity': 0, 'batch_size': 5, 'learning_rate': 2e-05, 'num_epochs': 200, 'train_ratio': 0.7, 'val_ratio': 0.15, 'test_ratio': 0.15, 'a_max': 1100}",0.9464811185765832,0.8573036487322202,0.8601398601398601,0.9428475332835636,0.8345979417407988,0.8391608391608392,18552713,Grid_SEARCH_151_densenet169_Attn_eca_dropout_0.2_aug_0_bs_5_lr_2e-05_amax_1100_sched_reduce_on_plateau_loss_ce,completed
152,"{'model_name': 'densenet169', 'scheduler_name': 'reduce_on_plateau', 'loss_name': 'ce', 'attention_type': 'axial', 'use_amp': False, 'dropout_rate': 0.2, 'grad_accum_steps': 1, 'augmentation_intensity': 0, 'batch_size': 5, 'learning_rate': 2e-05, 'num_epochs': 200, 'train_ratio': 0.7, 'val_ratio': 0.15, 'test_ratio': 0.15, 'a_max': 1100}",0.9357479469951476,0.8393274853801169,0.8391608391608392,0.9282424256563396,0.8201950379369735,0.8181818181818182,18898926,Grid_SEARCH_152_densenet169_Attn_axial_dropout_0.2_aug_0_bs_5_lr_2e-05_amax_1100_sched_reduce_on_plateau_loss_ce,completed
153,"{'model_name': 'densenet169', 'scheduler_name': 'reduce_on_plateau', 'loss_name': 'ce', 'attention_type': 'none', 'use_amp': False, 'dropout_rate': 0.2, 'grad_accum_steps': 1, 'augmentation_intensity': 0, 'batch_size': 5, 'learning_rate': 5e-05, 'num_epochs': 200, 'train_ratio': 0.7, 'val_ratio': 0.15, 'test_ratio': 0.15, 'a_max': 1100}",0.9540943449048152,0.8735071872234011,0.8741258741258742,0.9476328231927336,0.8447624726694493,0.8461538461538461,18547715,Grid_SEARCH_153_densenet169_dropout_0.2_aug_0_bs_5_lr_5e-05_amax_1100_sched_reduce_on_plateau_loss_ce,completed
154,"{'model_name': 'densenet169', 'scheduler_name': 'reduce_on_plateau', 'loss_name': 'ce', 'attention_type': 'cbam', 'use_amp': False, 'dropout_rate': 0.2, 'grad_accum_steps': 1, 'augmentation_intensity': 0, 'batch_size': 5, 'learning_rate': 5e-05, 'num_epochs': 200, 'train_ratio': 0.7, 'val_ratio': 0.15, 'test_ratio': 0.15, 'a_max': 1100}",0.9601460432997388,0.9091990779757024,0.9090909090909092,0.956298214507901,0.8809873450023779,0.8811188811188811,18899508,Grid_SEARCH_154_densenet169_Attn_cbam_dropout_0.2_aug_0_bs_5_lr_5e-05_amax_1100_sched_reduce_on_plateau_loss_ce,completed
155,"{'model_name': 'densenet169', 'scheduler_name': 'reduce_on_plateau', 'loss_name': 'ce', 'attention_type': 'eca', 'use_amp': False, 'dropout_rate': 0.2, 'grad_accum_steps': 1, 'augmentation_intensity': 0, 'batch_size': 5, 'learning_rate': 5e-05, 'num_epochs': 200, 'train_ratio': 0.7, 'val_ratio': 0.15, 'test_ratio': 0.15, 'a_max': 1100}",0.938670368296628,0.8254824213587101,0.8251748251748252,0.931886509269628,0.7813268804194394,0.7902097902097902,18552713,Grid_SEARCH_155_densenet169_Attn_eca_dropout_0.2_aug_0_bs_5_lr_5e-05_amax_1100_sched_reduce_on_plateau_loss_ce,completed
156,"{'model_name': 'densenet169', 'scheduler_name': 'reduce_on_plateau', 'loss_name': 'ce', 'attention_type': 'axial', 'use_amp': False, 'dropout_rate': 0.2, 'grad_accum_steps': 1, 'augmentation_intensity': 0, 'batch_size': 5, 'learning_rate': 5e-05, 'num_epochs': 200, 'train_ratio': 0.7, 'val_ratio': 0.15, 'test_ratio': 0.15, 'a_max': 1100}",0.9510743281075028,0.8808740588812213,0.8811188811188811,0.9465526626850814,0.8374413393649854,0.8391608391608392,18898926,Grid_SEARCH_156_densenet169_Attn_axial_dropout_0.2_aug_0_bs_5_lr_5e-05_amax_1100_sched_reduce_on_plateau_loss_ce,completed
157,"{'model_name': 'densenet169', 'scheduler_name': 'reduce_on_plateau', 'loss_name': 'ce', 'attention_type': 'none', 'use_amp': False, 'dropout_rate': 0.2, 'grad_accum_steps': 1, 'augmentation_intensity': 0, 'batch_size': 5, 'learning_rate': 0.0001, 'num_epochs': 200, 'train_ratio': 0.7, 'val_ratio': 0.15, 'test_ratio': 0.15, 'a_max': 1100}",0.9432523018539256,0.8264577837479162,0.8251748251748252,0.9313386524822694,0.7969704745246945,0.7972027972027972,18547715,Grid_SEARCH_157_densenet169_dropout_0.2_aug_0_bs_5_lr_1e-04_amax_1100_sched_reduce_on_plateau_loss_ce,completed
158,"{'model_name': 'densenet169', 'scheduler_name': 'reduce_on_plateau', 'loss_name': 'ce', 'attention_type': 'cbam', 'use_amp': False, 'dropout_rate': 0.2, 'grad_accum_steps': 1, 'augmentation_intensity': 0, 'batch_size': 5, 'learning_rate': 0.0001, 'num_epochs': 200, 'train_ratio': 0.7, 'val_ratio': 0.15, 'test_ratio': 0.15, 'a_max': 1100}",0.9449366990170462,0.8385877274128893,0.8391608391608392,0.9302942640288666,0.8058088483620397,0.8111888111888111,18899508,Grid_SEARCH_158_densenet169_Attn_cbam_dropout_0.2_aug_0_bs_5_lr_1e-04_amax_1100_sched_reduce_on_plateau_loss_ce,completed
159,"{'model_name': 'densenet169', 'scheduler_name': 'reduce_on_plateau', 'loss_name': 'ce', 'attention_type': 'eca', 'use_amp': False, 'dropout_rate': 0.2, 'grad_accum_steps': 1, 'augmentation_intensity': 0, 'batch_size': 5, 'learning_rate': 0.0001, 'num_epochs': 200, 'train_ratio': 0.7, 'val_ratio': 0.15, 'test_ratio': 0.15, 'a_max': 1100}",0.9643733669279584,0.8788497217068646,0.8811188811188811,0.9605718085106384,0.8788497217068646,0.8811188811188811,18552713,Grid_SEARCH_159_densenet169_Attn_eca_dropout_0.2_aug_0_bs_5_lr_1e-04_amax_1100_sched_reduce_on_plateau_loss_ce,completed
160,"{'model_name': 'densenet169', 'scheduler_name': 'reduce_on_plateau', 'loss_name': 'ce', 'attention_type': 'axial', 'use_amp': False, 'dropout_rate': 0.2, 'grad_accum_steps': 1, 'augmentation_intensity': 0, 'batch_size': 5, 'learning_rate': 0.0001, 'num_epochs': 200, 'train_ratio': 0.7, 'val_ratio': 0.15, 'test_ratio': 0.15, 'a_max': 1100}",0.9613677367176808,0.8534359159359161,0.8531468531468531,0.9588644705735972,0.8300313479623824,0.8321678321678322,18898926,Grid_SEARCH_160_densenet169_Attn_axial_dropout_0.2_aug_0_bs_5_lr_1e-04_amax_1100_sched_reduce_on_plateau_loss_ce,completed
161,"{'model_name': 'densenet169', 'scheduler_name': 'reduce_on_plateau', 'loss_name': 'ce', 'attention_type': 'none', 'use_amp': False, 'dropout_rate': 0.2, 'grad_accum_steps': 1, 'augmentation_intensity': 1, 'batch_size': 3, 'learning_rate': 1e-05, 'num_epochs': 200, 'train_ratio': 0.7, 'val_ratio': 0.15, 'test_ratio': 0.15, 'a_max': 1100}",0.9328597424412094,0.8240147798624374,0.8251748251748252,0.9322702811994524,0.809685534591195,0.8181818181818182,18547715,Grid_SEARCH_161_densenet169_dropout_0.2_aug_1_bs_3_lr_1e-05_amax_1100_sched_reduce_on_plateau_loss_ce,completed
162,"{'model_name': 'densenet169', 'scheduler_name': 'reduce_on_plateau', 'loss_name': 'ce', 'attention_type': 'cbam', 'use_amp': False, 'dropout_rate': 0.2, 'grad_accum_steps': 1, 'augmentation_intensity': 1, 'batch_size': 3, 'learning_rate': 1e-05, 'num_epochs': 200, 'train_ratio': 0.7, 'val_ratio': 0.15, 'test_ratio': 0.15, 'a_max': 1100}",0.948579227323628,0.8386941733215026,0.8391608391608392,0.9439300267512756,0.8132943957724934,0.8111888111888111,18899508,Grid_SEARCH_162_densenet169_Attn_cbam_dropout_0.2_aug_1_bs_3_lr_1e-05_amax_1100_sched_reduce_on_plateau_loss_ce,completed
163,"{'model_name': 'densenet169', 'scheduler_name': 'reduce_on_plateau', 'loss_name': 'ce', 'attention_type': 'eca', 'use_amp': False, 'dropout_rate': 0.2, 'grad_accum_steps': 1, 'augmentation_intensity': 1, 'batch_size': 3, 'learning_rate': 1e-05, 'num_epochs': 200, 'train_ratio': 0.7, 'val_ratio': 0.15, 'test_ratio': 0.15, 'a_max': 1100}",0.9392761602588032,0.8332174477355955,0.8321678321678322,0.9330082742316784,0.8136624184878737,0.8181818181818182,18552713,Grid_SEARCH_163_densenet169_Attn_eca_dropout_0.2_aug_1_bs_3_lr_1e-05_amax_1100_sched_reduce_on_plateau_loss_ce,completed
164,"{'model_name': 'densenet169', 'scheduler_name': 'reduce_on_plateau', 'loss_name': 'ce', 'attention_type': 'axial', 'use_amp': False, 'dropout_rate': 0.2, 'grad_accum_steps': 1, 'augmentation_intensity': 1, 'batch_size': 3, 'learning_rate': 1e-05, 'num_epochs': 200, 'train_ratio': 0.7, 'val_ratio': 0.15, 'test_ratio': 0.15, 'a_max': 1100}",0.9369257029986312,0.8334047105903015,0.8321678321678322,0.9347315540624612,0.8171774979071946,0.8181818181818182,18898926,Grid_SEARCH_164_densenet169_Attn_axial_dropout_0.2_aug_1_bs_3_lr_1e-05_amax_1100_sched_reduce_on_plateau_loss_ce,completed
165,"{'model_name': 'densenet169', 'scheduler_name': 'reduce_on_plateau', 'loss_name': 'ce', 'attention_type': 'none', 'use_amp': False, 'dropout_rate': 0.2, 'grad_accum_steps': 1, 'augmentation_intensity': 1, 'batch_size': 3, 'learning_rate': 2e-05, 'num_epochs': 200, 'train_ratio': 0.7, 'val_ratio': 0.15, 'test_ratio': 0.15, 'a_max': 1100}",0.9537739517232796,0.8610532565787947,0.8601398601398601,0.9524441644892372,0.8517006802721089,0.8531468531468531,18547715,Grid_SEARCH_165_densenet169_dropout_0.2_aug_1_bs_3_lr_2e-05_amax_1100_sched_reduce_on_plateau_loss_ce,completed
166,"{'model_name': 'densenet169', 'scheduler_name': 'reduce_on_plateau', 'loss_name': 'ce', 'attention_type': 'cbam', 'use_amp': False, 'dropout_rate': 0.2, 'grad_accum_steps': 1, 'augmentation_intensity': 1, 'batch_size': 3, 'learning_rate': 2e-05, 'num_epochs': 200, 'train_ratio': 0.7, 'val_ratio': 0.15, 'test_ratio': 0.15, 'a_max': 1100}",0.952320517606072,0.8617273954116058,0.8601398601398601,0.9471382356600724,0.8384449778334356,0.8391608391608392,18899508,Grid_SEARCH_166_densenet169_Attn_cbam_dropout_0.2_aug_1_bs_3_lr_2e-05_amax_1100_sched_reduce_on_plateau_loss_ce,completed
167,"{'model_name': 'densenet169', 'scheduler_name': 'reduce_on_plateau', 'loss_name': 'ce', 'attention_type': 'eca', 'use_amp': False, 'dropout_rate': 0.2, 'grad_accum_steps': 1, 'augmentation_intensity': 1, 'batch_size': 3, 'learning_rate': 2e-05, 'num_epochs': 200, 'train_ratio': 0.7, 'val_ratio': 0.15, 'test_ratio': 0.15, 'a_max': 1100}",0.9420100006221226,0.8737125110091318,0.8741258741258742,0.9338112013189,0.8334050209050209,0.8321678321678322,18552713,Grid_SEARCH_167_densenet169_Attn_eca_dropout_0.2_aug_1_bs_3_lr_2e-05_amax_1100_sched_reduce_on_plateau_loss_ce,completed
168,"{'model_name': 'densenet169', 'scheduler_name': 'reduce_on_plateau', 'loss_name': 'ce', 'attention_type': 'axial', 'use_amp': False, 'dropout_rate': 0.2, 'grad_accum_steps': 1, 'augmentation_intensity': 1, 'batch_size': 3, 'learning_rate': 2e-05, 'num_epochs': 200, 'train_ratio': 0.7, 'val_ratio': 0.15, 'test_ratio': 0.15, 'a_max': 1100}",0.94766431815354,0.8556818181818181,0.8601398601398601,0.9414683650615904,0.8338513721862473,0.8321678321678322,18898926,Grid_SEARCH_168_densenet169_Attn_axial_dropout_0.2_aug_1_bs_3_lr_2e-05_amax_1100_sched_reduce_on_plateau_loss_ce,completed
169,"{'model_name': 'densenet169', 'scheduler_name': 'reduce_on_plateau', 'loss_name': 'ce', 'attention_type': 'none', 'use_amp': False, 'dropout_rate': 0.2, 'grad_accum_steps': 1, 'augmentation_intensity': 1, 'batch_size': 3, 'learning_rate': 5e-05, 'num_epochs': 200, 'train_ratio': 0.7, 'val_ratio': 0.15, 'test_ratio': 0.15, 'a_max': 1100}",0.9595262535772054,0.8333209647495362,0.8321678321678322,0.9375925407490356,0.8158155717049538,0.8181818181818182,18547715,Grid_SEARCH_169_densenet169_dropout_0.2_aug_1_bs_3_lr_5e-05_amax_1100_sched_reduce_on_plateau_loss_ce,completed
170,"{'model_name': 'densenet169', 'scheduler_name': 'reduce_on_plateau', 'loss_name': 'ce', 'attention_type': 'cbam', 'use_amp': False, 'dropout_rate': 0.2, 'grad_accum_steps': 1, 'augmentation_intensity': 1, 'batch_size': 3, 'learning_rate': 5e-05, 'num_epochs': 200, 'train_ratio': 0.7, 'val_ratio': 0.15, 'test_ratio': 0.15, 'a_max': 1100}",0.937983700385716,0.8530257967457692,0.8531468531468531,0.9317321450790096,0.8446305352091655,0.8461538461538461,18899508,Grid_SEARCH_170_densenet169_Attn_cbam_dropout_0.2_aug_1_bs_3_lr_5e-05_amax_1100_sched_reduce_on_plateau_loss_ce,completed
171,"{'model_name': 'densenet169', 'scheduler_name': 'reduce_on_plateau', 'loss_name': 'ce', 'attention_type': 'eca', 'use_amp': False, 'dropout_rate': 0.2, 'grad_accum_steps': 1, 'augmentation_intensity': 1, 'batch_size': 3, 'learning_rate': 5e-05, 'num_epochs': 200, 'train_ratio': 0.7, 'val_ratio': 0.15, 'test_ratio': 0.15, 'a_max': 1100}",0.9496072850566132,0.8630108354021221,0.8671328671328671,0.9490178238148564,0.861990403453818,0.8671328671328671,18552713,Grid_SEARCH_171_densenet169_Attn_eca_dropout_0.2_aug_1_bs_3_lr_5e-05_amax_1100_sched_reduce_on_plateau_loss_ce,completed
172,"{'model_name': 'densenet169', 'scheduler_name': 'reduce_on_plateau', 'loss_name': 'ce', 'attention_type': 'axial', 'use_amp': False, 'dropout_rate': 0.2, 'grad_accum_steps': 1, 'augmentation_intensity': 1, 'batch_size': 3, 'learning_rate': 5e-05, 'num_epochs': 200, 'train_ratio': 0.7, 'val_ratio': 0.15, 'test_ratio': 0.15, 'a_max': 1100}",0.9415228007963172,0.8543163594709986,0.8531468531468531,0.936454445066567,0.8057385576270056,0.8111888111888111,18898926,Grid_SEARCH_172_densenet169_Attn_axial_dropout_0.2_aug_1_bs_3_lr_5e-05_amax_1100_sched_reduce_on_plateau_loss_ce,completed
173,"{'model_name': 'densenet169', 'scheduler_name': 'reduce_on_plateau', 'loss_name': 'ce', 'attention_type': 'none', 'use_amp': False, 'dropout_rate': 0.2, 'grad_accum_steps': 1, 'augmentation_intensity': 1, 'batch_size': 3, 'learning_rate': 0.0001, 'num_epochs': 200, 'train_ratio': 0.7, 'val_ratio': 0.15, 'test_ratio': 0.15, 'a_max': 1100}",0.9297289100410602,0.79614062913032,0.7972027972027972,0.9212773733980342,0.7659980206709179,0.7692307692307693,18547715,Grid_SEARCH_173_densenet169_dropout_0.2_aug_1_bs_3_lr_1e-04_amax_1100_sched_reduce_on_plateau_loss_ce,completed
174,"{'model_name': 'densenet169', 'scheduler_name': 'reduce_on_plateau', 'loss_name': 'ce', 'attention_type': 'cbam', 'use_amp': False, 'dropout_rate': 0.2, 'grad_accum_steps': 1, 'augmentation_intensity': 1, 'batch_size': 3, 'learning_rate': 0.0001, 'num_epochs': 200, 'train_ratio': 0.7, 'val_ratio': 0.15, 'test_ratio': 0.15, 'a_max': 1100}",0.9404200883414208,0.8448342690826717,0.8461538461538461,0.9219947586163992,0.803799283154122,0.8041958041958042,18899508,Grid_SEARCH_174_densenet169_Attn_cbam_dropout_0.2_aug_1_bs_3_lr_1e-04_amax_1100_sched_reduce_on_plateau_loss_ce,completed
175,"{'model_name': 'densenet169', 'scheduler_name': 'reduce_on_plateau', 'loss_name': 'ce', 'attention_type': 'eca', 'use_amp': False, 'dropout_rate': 0.2, 'grad_accum_steps': 1, 'augmentation_intensity': 1, 'batch_size': 3, 'learning_rate': 0.0001, 'num_epochs': 200, 'train_ratio': 0.7, 'val_ratio': 0.15, 'test_ratio': 0.15, 'a_max': 1100}",0.9522458628841608,0.8611469534050179,0.8601398601398601,0.9458010607191736,0.814102564102564,0.8111888111888111,18552713,Grid_SEARCH_175_densenet169_Attn_eca_dropout_0.2_aug_1_bs_3_lr_1e-04_amax_1100_sched_reduce_on_plateau_loss_ce,completed
176,"{'model_name': 'densenet169', 'scheduler_name': 'reduce_on_plateau', 'loss_name': 'ce', 'attention_type': 'axial', 'use_amp': False, 'dropout_rate': 0.2, 'grad_accum_steps': 1, 'augmentation_intensity': 1, 'batch_size': 3, 'learning_rate': 0.0001, 'num_epochs': 200, 'train_ratio': 0.7, 'val_ratio': 0.15, 'test_ratio': 0.15, 'a_max': 1100}",0.96168307515242,0.8680259469552537,0.8671328671328671,0.9552277746671644,0.8467493512105729,0.8461538461538461,18898926,Grid_SEARCH_176_densenet169_Attn_axial_dropout_0.2_aug_1_bs_3_lr_1e-04_amax_1100_sched_reduce_on_plateau_loss_ce,completed
177,"{'model_name': 'densenet169', 'scheduler_name': 'reduce_on_plateau', 'loss_name': 'ce', 'attention_type': 'none', 'use_amp': False, 'dropout_rate': 0.2, 'grad_accum_steps': 1, 'augmentation_intensity': 1, 'batch_size': 5, 'learning_rate': 1e-05, 'num_epochs': 200, 'train_ratio': 0.7, 'val_ratio': 0.15, 'test_ratio': 0.15, 'a_max': 1100}",0.9279908547965658,0.8532545328416404,0.8531468531468531,0.927769223590892,0.7917247857006894,0.7972027972027972,18547715,Grid_SEARCH_177_densenet169_dropout_0.2_aug_1_bs_5_lr_1e-05_amax_1100_sched_reduce_on_plateau_loss_ce,completed
178,"{'model_name': 'densenet169', 'scheduler_name': 'reduce_on_plateau', 'loss_name': 'ce', 'attention_type': 'cbam', 'use_amp': False, 'dropout_rate': 0.2, 'grad_accum_steps': 1, 'augmentation_intensity': 1, 'batch_size': 5, 'learning_rate': 1e-05, 'num_epochs': 200, 'train_ratio': 0.7, 'val_ratio': 0.15, 'test_ratio': 0.15, 'a_max': 1100}",0.9337066069428892,0.8605755565261398,0.8601398601398601,0.927405670648252,0.8289678393126669,0.8321678321678322,18899508,Grid_SEARCH_178_densenet169_Attn_cbam_dropout_0.2_aug_1_bs_5_lr_1e-05_amax_1100_sched_reduce_on_plateau_loss_ce,completed
179,"{'model_name': 'densenet169', 'scheduler_name': 'reduce_on_plateau', 'loss_name': 'ce', 'attention_type': 'eca', 'use_amp': False, 'dropout_rate': 0.2, 'grad_accum_steps': 1, 'augmentation_intensity': 1, 'batch_size': 5, 'learning_rate': 1e-05, 'num_epochs': 200, 'train_ratio': 0.7, 'val_ratio': 0.15, 'test_ratio': 0.15, 'a_max': 1100}",0.9367460650740326,0.845898925501157,0.8461538461538461,0.9339799520965536,0.8185075547332716,0.8181818181818182,18552713,Grid_SEARCH_179_densenet169_Attn_eca_dropout_0.2_aug_1_bs_5_lr_1e-05_amax_1100_sched_reduce_on_plateau_loss_ce,completed
180,"{'model_name': 'densenet169', 'scheduler_name': 'reduce_on_plateau', 'loss_name': 'ce', 'attention_type': 'axial', 'use_amp': False, 'dropout_rate': 0.2, 'grad_accum_steps': 1, 'augmentation_intensity': 1, 'batch_size': 5, 'learning_rate': 1e-05, 'num_epochs': 200, 'train_ratio': 0.7, 'val_ratio': 0.15, 'test_ratio': 0.15, 'a_max': 1100}",0.9370030795072788,0.8262937581892603,0.8251748251748252,0.9203636307079756,0.7800446864962994,0.7762237762237763,18898926,Grid_SEARCH_180_densenet169_Attn_axial_dropout_0.2_aug_1_bs_5_lr_1e-05_amax_1100_sched_reduce_on_plateau_loss_ce,completed
181,"{'model_name': 'densenet169', 'scheduler_name': 'reduce_on_plateau', 'loss_name': 'ce', 'attention_type': 'none', 'use_amp': False, 'dropout_rate': 0.2, 'grad_accum_steps': 1, 'augmentation_intensity': 1, 'batch_size': 5, 'learning_rate': 2e-05, 'num_epochs': 200, 'train_ratio': 0.7, 'val_ratio': 0.15, 'test_ratio': 0.15, 'a_max': 1100}",0.9385420554933432,0.8461137482723706,0.8461538461538461,0.9250824312554436,0.7946130563308955,0.7972027972027972,18547715,Grid_SEARCH_181_densenet169_dropout_0.2_aug_1_bs_5_lr_2e-05_amax_1100_sched_reduce_on_plateau_loss_ce,completed
182,"{'model_name': 'densenet169', 'scheduler_name': 'reduce_on_plateau', 'loss_name': 'ce', 'attention_type': 'cbam', 'use_amp': False, 'dropout_rate': 0.2, 'grad_accum_steps': 1, 'augmentation_intensity': 1, 'batch_size': 5, 'learning_rate': 2e-05, 'num_epochs': 200, 'train_ratio': 0.7, 'val_ratio': 0.15, 'test_ratio': 0.15, 'a_max': 1100}",0.9504214881174567,0.8391725568068727,0.8391608391608392,0.9445288198332712,0.8067584480600751,0.8041958041958042,18899508,Grid_SEARCH_182_densenet169_Attn_cbam_dropout_0.2_aug_1_bs_5_lr_2e-05_amax_1100_sched_reduce_on_plateau_loss_ce,completed
183,"{'model_name': 'densenet169', 'scheduler_name': 'reduce_on_plateau', 'loss_name': 'ce', 'attention_type': 'eca', 'use_amp': False, 'dropout_rate': 0.2, 'grad_accum_steps': 1, 'augmentation_intensity': 1, 'batch_size': 5, 'learning_rate': 2e-05, 'num_epochs': 200, 'train_ratio': 0.7, 'val_ratio': 0.15, 'test_ratio': 0.15, 'a_max': 1100}",0.9538299427647132,0.853025742968817,0.8531468531468531,0.9408991228070176,0.8114337333849528,0.8181818181818182,18552713,Grid_SEARCH_183_densenet169_Attn_eca_dropout_0.2_aug_1_bs_5_lr_2e-05_amax_1100_sched_reduce_on_plateau_loss_ce,completed
184,"{'model_name': 'densenet169', 'scheduler_name': 'reduce_on_plateau', 'loss_name': 'ce', 'attention_type': 'axial', 'use_amp': False, 'dropout_rate': 0.2, 'grad_accum_steps': 1, 'augmentation_intensity': 1, 'batch_size': 5, 'learning_rate': 2e-05, 'num_epochs': 200, 'train_ratio': 0.7, 'val_ratio': 0.15, 'test_ratio': 0.15, 'a_max': 1100}",0.9532435921363692,0.895245143385754,0.8951048951048951,0.9496951598855292,0.8731381565122804,0.8741258741258742,18898926,Grid_SEARCH_184_densenet169_Attn_axial_dropout_0.2_aug_1_bs_5_lr_2e-05_amax_1100_sched_reduce_on_plateau_loss_ce,completed
185,"{'model_name': 'densenet169', 'scheduler_name': 'reduce_on_plateau', 'loss_name': 'ce', 'attention_type': 'none', 'use_amp': False, 'dropout_rate': 0.2, 'grad_accum_steps': 1, 'augmentation_intensity': 1, 'batch_size': 5, 'learning_rate': 5e-05, 'num_epochs': 200, 'train_ratio': 0.7, 'val_ratio': 0.15, 'test_ratio': 0.15, 'a_max': 1100}",0.9593847206669156,0.8682316184032038,0.8671328671328671,0.9478816722657708,0.8175469587234293,0.8181818181818182,18547715,Grid_SEARCH_185_densenet169_dropout_0.2_aug_1_bs_5_lr_5e-05_amax_1100_sched_reduce_on_plateau_loss_ce,completed
186,"{'model_name': 'densenet169', 'scheduler_name': 'reduce_on_plateau', 'loss_name': 'ce', 'attention_type': 'cbam', 'use_amp': False, 'dropout_rate': 0.2, 'grad_accum_steps': 1, 'augmentation_intensity': 1, 'batch_size': 5, 'learning_rate': 5e-05, 'num_epochs': 200, 'train_ratio': 0.7, 'val_ratio': 0.15, 'test_ratio': 0.15, 'a_max': 1100}",0.9397563612044296,0.8742733988152147,0.8741258741258742,0.9293350286176434,0.8335574480800837,0.8321678321678322,18899508,Grid_SEARCH_186_densenet169_Attn_cbam_dropout_0.2_aug_1_bs_5_lr_5e-05_amax_1100_sched_reduce_on_plateau_loss_ce,completed
187,"{'model_name': 'densenet169', 'scheduler_name': 'reduce_on_plateau', 'loss_name': 'ce', 'attention_type': 'eca', 'use_amp': False, 'dropout_rate': 0.2, 'grad_accum_steps': 1, 'augmentation_intensity': 1, 'batch_size': 5, 'learning_rate': 5e-05, 'num_epochs': 200, 'train_ratio': 0.7, 'val_ratio': 0.15, 'test_ratio': 0.15, 'a_max': 1100}",0.9572776689063084,0.8677368547463327,0.8671328671328671,0.9537580098295384,0.8658645276292335,0.8671328671328671,18552713,Grid_SEARCH_187_densenet169_Attn_eca_dropout_0.2_aug_1_bs_5_lr_5e-05_amax_1100_sched_reduce_on_plateau_loss_ce,completed
188,"{'model_name': 'densenet169', 'scheduler_name': 'reduce_on_plateau', 'loss_name': 'ce', 'attention_type': 'axial', 'use_amp': False, 'dropout_rate': 0.2, 'grad_accum_steps': 1, 'augmentation_intensity': 1, 'batch_size': 5, 'learning_rate': 5e-05, 'num_epochs': 200, 'train_ratio': 0.7, 'val_ratio': 0.15, 'test_ratio': 0.15, 'a_max': 1100}",0.9442842478536768,0.860518038852914,0.8601398601398601,0.9391937290033596,0.8374993800525715,0.8391608391608392,18898926,Grid_SEARCH_188_densenet169_Attn_axial_dropout_0.2_aug_1_bs_5_lr_5e-05_amax_1100_sched_reduce_on_plateau_loss_ce,completed
189,"{'model_name': 'densenet169', 'scheduler_name': 'reduce_on_plateau', 'loss_name': 'ce', 'attention_type': 'none', 'use_amp': False, 'dropout_rate': 0.2, 'grad_accum_steps': 1, 'augmentation_intensity': 1, 'batch_size': 5, 'learning_rate': 0.0001, 'num_epochs': 200, 'train_ratio': 0.7, 'val_ratio': 0.15, 'test_ratio': 0.15, 'a_max': 1100}",0.9516983949234789,0.8803370960499217,0.8811188811188811,0.9421542553191488,0.8255373929006188,0.8251748251748252,18547715,Grid_SEARCH_189_densenet169_dropout_0.2_aug_1_bs_5_lr_1e-04_amax_1100_sched_reduce_on_plateau_loss_ce,completed
190,"{'model_name': 'densenet169', 'scheduler_name': 'reduce_on_plateau', 'loss_name': 'ce', 'attention_type': 'cbam', 'use_amp': False, 'dropout_rate': 0.2, 'grad_accum_steps': 1, 'augmentation_intensity': 1, 'batch_size': 5, 'learning_rate': 0.0001, 'num_epochs': 200, 'train_ratio': 0.7, 'val_ratio': 0.15, 'test_ratio': 0.15, 'a_max': 1100}",0.9342529084235413,0.8533833480435421,0.8531468531468531,0.9202267637178052,0.8182315360330127,0.8181818181818182,18899508,Grid_SEARCH_190_densenet169_Attn_cbam_dropout_0.2_aug_1_bs_5_lr_1e-04_amax_1100_sched_reduce_on_plateau_loss_ce,completed
191,"{'model_name': 'densenet169', 'scheduler_name': 'reduce_on_plateau', 'loss_name': 'ce', 'attention_type': 'eca', 'use_amp': False, 'dropout_rate': 0.2, 'grad_accum_steps': 1, 'augmentation_intensity': 1, 'batch_size': 5, 'learning_rate': 0.0001, 'num_epochs': 200, 'train_ratio': 0.7, 'val_ratio': 0.15, 'test_ratio': 0.15, 'a_max': 1100}",0.9534574468085104,0.8720816666242027,0.8741258741258742,0.9470348077640912,0.8412920382030201,0.8391608391608392,18552713,Grid_SEARCH_191_densenet169_Attn_eca_dropout_0.2_aug_1_bs_5_lr_1e-04_amax_1100_sched_reduce_on_plateau_loss_ce,completed
192,"{'model_name': 'densenet169', 'scheduler_name': 'reduce_on_plateau', 'loss_name': 'ce', 'attention_type': 'axial', 'use_amp': False, 'dropout_rate': 0.2, 'grad_accum_steps': 1, 'augmentation_intensity': 1, 'batch_size': 5, 'learning_rate': 0.0001, 'num_epochs': 200, 'train_ratio': 0.7, 'val_ratio': 0.15, 'test_ratio': 0.15, 'a_max': 1100}",0.9361387178051512,0.8410317890134035,0.8391608391608392,0.9340787140724148,0.8173498434716046,0.8181818181818182,18898926,Grid_SEARCH_192_densenet169_Attn_axial_dropout_0.2_aug_1_bs_5_lr_1e-04_amax_1100_sched_reduce_on_plateau_loss_ce,completed
193,"{'model_name': 'densenet169', 'scheduler_name': 'reduce_on_plateau', 'loss_name': 'ce', 'attention_type': 'none', 'use_amp': False, 'dropout_rate': 0.2, 'grad_accum_steps': 2, 'augmentation_intensity': 0, 'batch_size': 3, 'learning_rate': 1e-05, 'num_epochs': 200, 'train_ratio': 0.7, 'val_ratio': 0.15, 'test_ratio': 0.15, 'a_max': 1100}",0.930917942018166,0.8324048216787491,0.8391608391608392,0.9258484198083862,0.7865276696208947,0.7902097902097902,18547715,Grid_SEARCH_193_densenet169_dropout_0.2_aug_0_bs_3_lr_1e-05_amax_1100_sched_reduce_on_plateau_loss_ce,completed
194,"{'model_name': 'densenet169', 'scheduler_name': 'reduce_on_plateau', 'loss_name': 'ce', 'attention_type': 'cbam', 'use_amp': False, 'dropout_rate': 0.2, 'grad_accum_steps': 2, 'augmentation_intensity': 0, 'batch_size': 3, 'learning_rate': 1e-05, 'num_epochs': 200, 'train_ratio': 0.7, 'val_ratio': 0.15, 'test_ratio': 0.15, 'a_max': 1100}",0.9391711770561156,0.8250611166934233,0.8251748251748252,0.9322772800796316,0.7963522513448731,0.7972027972027972,18899508,Grid_SEARCH_194_densenet169_Attn_cbam_dropout_0.2_aug_0_bs_3_lr_1e-05_amax_1100_sched_reduce_on_plateau_loss_ce,completed
195,"{'model_name': 'densenet169', 'scheduler_name': 'reduce_on_plateau', 'loss_name': 'ce', 'attention_type': 'eca', 'use_amp': False, 'dropout_rate': 0.2, 'grad_accum_steps': 2, 'augmentation_intensity': 0, 'batch_size': 3, 'learning_rate': 1e-05, 'num_epochs': 200, 'train_ratio': 0.7, 'val_ratio': 0.15, 'test_ratio': 0.15, 'a_max': 1100}",0.9357790531292772,0.8134869184581154,0.8111888111888111,0.9272015366430258,0.7771633514582682,0.7762237762237763,18552713,Grid_SEARCH_195_densenet169_Attn_eca_dropout_0.2_aug_0_bs_3_lr_1e-05_amax_1100_sched_reduce_on_plateau_loss_ce,completed
196,"{'model_name': 'densenet169', 'scheduler_name': 'reduce_on_plateau', 'loss_name': 'ce', 'attention_type': 'axial', 'use_amp': False, 'dropout_rate': 0.2, 'grad_accum_steps': 2, 'augmentation_intensity': 0, 'batch_size': 3, 'learning_rate': 1e-05, 'num_epochs': 200, 'train_ratio': 0.7, 'val_ratio': 0.15, 'test_ratio': 0.15, 'a_max': 1100}",0.9439700758989672,0.8460656591974987,0.8461538461538461,0.935381672265771,0.7828636775898103,0.7902097902097902,18898926,Grid_SEARCH_196_densenet169_Attn_axial_dropout_0.2_aug_0_bs_3_lr_1e-05_amax_1100_sched_reduce_on_plateau_loss_ce,completed
197,"{'model_name': 'densenet169', 'scheduler_name': 'reduce_on_plateau', 'loss_name': 'ce', 'attention_type': 'none', 'use_amp': False, 'dropout_rate': 0.2, 'grad_accum_steps': 2, 'augmentation_intensity': 0, 'batch_size': 3, 'learning_rate': 2e-05, 'num_epochs': 200, 'train_ratio': 0.7, 'val_ratio': 0.15, 'test_ratio': 0.15, 'a_max': 1100}",0.9576116710215254,0.8743915062937009,0.8741258741258742,0.9549575401269128,0.8391615496373337,0.8391608391608392,18547715,Grid_SEARCH_197_densenet169_dropout_0.2_aug_0_bs_3_lr_2e-05_amax_1100_sched_reduce_on_plateau_loss_ce,completed
198,"{'model_name': 'densenet169', 'scheduler_name': 'reduce_on_plateau', 'loss_name': 'ce', 'attention_type': 'cbam', 'use_amp': False, 'dropout_rate': 0.2, 'grad_accum_steps': 2, 'augmentation_intensity': 0, 'batch_size': 3, 'learning_rate': 2e-05, 'num_epochs': 200, 'train_ratio': 0.7, 'val_ratio': 0.15, 'test_ratio': 0.15, 'a_max': 1100}",0.9525514806519846,0.8670045224609396,0.8671328671328671,0.9475188969764838,0.8333843229963381,0.8321678321678322,18899508,Grid_SEARCH_198_densenet169_Attn_cbam_dropout_0.2_aug_0_bs_3_lr_2e-05_amax_1100_sched_reduce_on_plateau_loss_ce,completed
199,"{'model_name': 'densenet169', 'scheduler_name': 'reduce_on_plateau', 'loss_name': 'ce', 'attention_type': 'eca', 'use_amp': False, 'dropout_rate': 0.2, 'grad_accum_steps': 2, 'augmentation_intensity': 0, 'batch_size': 3, 'learning_rate': 2e-05, 'num_epochs': 200, 'train_ratio': 0.7, 'val_ratio': 0.15, 'test_ratio': 0.15, 'a_max': 1100}",0.9436870100783872,0.8575441524127382,0.8601398601398601,0.93423463356974,0.8062495338951451,0.8041958041958042,18552713,Grid_SEARCH_199_densenet169_Attn_eca_dropout_0.2_aug_0_bs_3_lr_2e-05_amax_1100_sched_reduce_on_plateau_loss_ce,completed
200,"{'model_name': 'densenet169', 'scheduler_name': 'reduce_on_plateau', 'loss_name': 'ce', 'attention_type': 'axial', 'use_amp': False, 'dropout_rate': 0.2, 'grad_accum_steps': 2, 'augmentation_intensity': 0, 'batch_size': 3, 'learning_rate': 2e-05, 'num_epochs': 200, 'train_ratio': 0.7, 'val_ratio': 0.15, 'test_ratio': 0.15, 'a_max': 1100}",0.9632582120194102,0.8726797604434028,0.8741258741258742,0.9580331591389822,0.8479441212003388,0.8461538461538461,18898926,Grid_SEARCH_200_densenet169_Attn_axial_dropout_0.2_aug_0_bs_3_lr_2e-05_amax_1100_sched_reduce_on_plateau_loss_ce,completed
201,"{'model_name': 'densenet169', 'scheduler_name': 'reduce_on_plateau', 'loss_name': 'ce', 'attention_type': 'none', 'use_amp': False, 'dropout_rate': 0.2, 'grad_accum_steps': 2, 'augmentation_intensity': 0, 'batch_size': 3, 'learning_rate': 5e-05, 'num_epochs': 200, 'train_ratio': 0.7, 'val_ratio': 0.15, 'test_ratio': 0.15, 'a_max': 1100}",0.954177553813612,0.8754077772384409,0.8741258741258742,0.951524978225706,0.8543771043771043,0.8531468531468531,18547715,Grid_SEARCH_201_densenet169_dropout_0.2_aug_0_bs_3_lr_5e-05_amax_1100_sched_reduce_on_plateau_loss_ce,completed
202,"{'model_name': 'densenet169', 'scheduler_name': 'reduce_on_plateau', 'loss_name': 'ce', 'attention_type': 'cbam', 'use_amp': False, 'dropout_rate': 0.2, 'grad_accum_steps': 2, 'augmentation_intensity': 0, 'batch_size': 3, 'learning_rate': 5e-05, 'num_epochs': 200, 'train_ratio': 0.7, 'val_ratio': 0.15, 'test_ratio': 0.15, 'a_max': 1100}",0.9426468987184272,0.8346390832798952,0.8321678321678322,0.9368331622495956,0.8181362007168459,0.8181818181818182,18899508,Grid_SEARCH_202_densenet169_Attn_cbam_dropout_0.2_aug_0_bs_3_lr_5e-05_amax_1100_sched_reduce_on_plateau_loss_ce,completed
203,"{'model_name': 'densenet169', 'scheduler_name': 'reduce_on_plateau', 'loss_name': 'ce', 'attention_type': 'eca', 'use_amp': False, 'dropout_rate': 0.2, 'grad_accum_steps': 2, 'augmentation_intensity': 0, 'batch_size': 3, 'learning_rate': 5e-05, 'num_epochs': 200, 'train_ratio': 0.7, 'val_ratio': 0.15, 'test_ratio': 0.15, 'a_max': 1100}",0.9528784838870226,0.8456079385304452,0.8461538461538461,0.9428082617892248,0.831840703579834,0.8321678321678322,18552713,Grid_SEARCH_203_densenet169_Attn_eca_dropout_0.2_aug_0_bs_3_lr_5e-05_amax_1100_sched_reduce_on_plateau_loss_ce,completed
204,"{'model_name': 'densenet169', 'scheduler_name': 'reduce_on_plateau', 'loss_name': 'ce', 'attention_type': 'axial', 'use_amp': False, 'dropout_rate': 0.2, 'grad_accum_steps': 2, 'augmentation_intensity': 0, 'batch_size': 3, 'learning_rate': 5e-05, 'num_epochs': 200, 'train_ratio': 0.7, 'val_ratio': 0.15, 'test_ratio': 0.15, 'a_max': 1100}",0.9573958722160008,0.8663051036017245,0.8671328671328671,0.9485877815105138,0.815401460200742,0.8181818181818182,18898926,Grid_SEARCH_204_densenet169_Attn_axial_dropout_0.2_aug_0_bs_3_lr_5e-05_amax_1100_sched_reduce_on_plateau_loss_ce,completed
205,"{'model_name': 'densenet169', 'scheduler_name': 'reduce_on_plateau', 'loss_name': 'ce', 'attention_type': 'none', 'use_amp': False, 'dropout_rate': 0.2, 'grad_accum_steps': 2, 'augmentation_intensity': 0, 'batch_size': 3, 'learning_rate': 0.0001, 'num_epochs': 200, 'train_ratio': 0.7, 'val_ratio': 0.15, 'test_ratio': 0.15, 'a_max': 1100}",0.9607728319024512,0.8671283246917447,0.8671328671328671,0.957104641035212,0.8320848938826466,0.8321678321678322,18547715,Grid_SEARCH_205_densenet169_dropout_0.2_aug_0_bs_3_lr_1e-04_amax_1100_sched_reduce_on_plateau_loss_ce,completed
206,"{'model_name': 'densenet169', 'scheduler_name': 'reduce_on_plateau', 'loss_name': 'ce', 'attention_type': 'cbam', 'use_amp': False, 'dropout_rate': 0.2, 'grad_accum_steps': 2, 'augmentation_intensity': 0, 'batch_size': 3, 'learning_rate': 0.0001, 'num_epochs': 200, 'train_ratio': 0.7, 'val_ratio': 0.15, 'test_ratio': 0.15, 'a_max': 1100}",0.9577726452656464,0.8740475123263112,0.8741258741258742,0.9449398096304592,0.8185081416402649,0.8181818181818182,18899508,Grid_SEARCH_206_densenet169_Attn_cbam_dropout_0.2_aug_0_bs_3_lr_1e-04_amax_1100_sched_reduce_on_plateau_loss_ce,completed
207,"{'model_name': 'densenet169', 'scheduler_name': 'reduce_on_plateau', 'loss_name': 'ce', 'attention_type': 'eca', 'use_amp': False, 'dropout_rate': 0.2, 'grad_accum_steps': 2, 'augmentation_intensity': 0, 'batch_size': 3, 'learning_rate': 0.0001, 'num_epochs': 200, 'train_ratio': 0.7, 'val_ratio': 0.15, 'test_ratio': 0.15, 'a_max': 1100}",0.9460094718178425,0.8610488570147915,0.8601398601398601,0.94158112479781,0.8039926727105137,0.8041958041958042,18552713,Grid_SEARCH_207_densenet169_Attn_eca_dropout_0.2_aug_0_bs_3_lr_1e-04_amax_1100_sched_reduce_on_plateau_loss_ce,completed
208,"{'model_name': 'densenet169', 'scheduler_name': 'reduce_on_plateau', 'loss_name': 'ce', 'attention_type': 'axial', 'use_amp': False, 'dropout_rate': 0.2, 'grad_accum_steps': 2, 'augmentation_intensity': 0, 'batch_size': 3, 'learning_rate': 0.0001, 'num_epochs': 200, 'train_ratio': 0.7, 'val_ratio': 0.15, 'test_ratio': 0.15, 'a_max': 1100}",0.9367122371531664,0.8406193353123715,0.8391608391608392,0.9307880739081748,0.8147663969661637,0.8181818181818182,18898926,Grid_SEARCH_208_densenet169_Attn_axial_dropout_0.2_aug_0_bs_3_lr_1e-04_amax_1100_sched_reduce_on_plateau_loss_ce,completed
209,"{'model_name': 'densenet169', 'scheduler_name': 'reduce_on_plateau', 'loss_name': 'ce', 'attention_type': 'none', 'use_amp': False, 'dropout_rate': 0.2, 'grad_accum_steps': 2, 'augmentation_intensity': 0, 'batch_size': 5, 'learning_rate': 1e-05, 'num_epochs': 200, 'train_ratio': 0.7, 'val_ratio': 0.15, 'test_ratio': 0.15, 'a_max': 1100}",0.9292942018165982,0.833008832012094,0.8321678321678322,0.912996142839368,0.8109530656259628,0.8111888111888111,18547715,Grid_SEARCH_209_densenet169_dropout_0.2_aug_0_bs_5_lr_1e-05_amax_1100_sched_reduce_on_plateau_loss_ce,completed
210,"{'model_name': 'densenet169', 'scheduler_name': 'reduce_on_plateau', 'loss_name': 'ce', 'attention_type': 'cbam', 'use_amp': False, 'dropout_rate': 0.2, 'grad_accum_steps': 2, 'augmentation_intensity': 0, 'batch_size': 5, 'learning_rate': 1e-05, 'num_epochs': 200, 'train_ratio': 0.7, 'val_ratio': 0.15, 'test_ratio': 0.15, 'a_max': 1100}",0.946966374269006,0.8669352697382852,0.8671328671328671,0.9447026253577204,0.8584306921149026,0.8601398601398601,18899508,Grid_SEARCH_210_densenet169_Attn_cbam_dropout_0.2_aug_0_bs_5_lr_1e-05_amax_1100_sched_reduce_on_plateau_loss_ce,completed
211,"{'model_name': 'densenet169', 'scheduler_name': 'reduce_on_plateau', 'loss_name': 'ce', 'attention_type': 'eca', 'use_amp': False, 'dropout_rate': 0.2, 'grad_accum_steps': 2, 'augmentation_intensity': 0, 'batch_size': 5, 'learning_rate': 1e-05, 'num_epochs': 200, 'train_ratio': 0.7, 'val_ratio': 0.15, 'test_ratio': 0.15, 'a_max': 1100}",0.9393722004479282,0.8452589118560979,0.8461538461538461,0.936616585790718,0.7927448143687279,0.7972027972027972,18552713,Grid_SEARCH_211_densenet169_Attn_eca_dropout_0.2_aug_0_bs_5_lr_1e-05_amax_1100_sched_reduce_on_plateau_loss_ce,completed
212,"{'model_name': 'densenet169', 'scheduler_name': 'reduce_on_plateau', 'loss_name': 'ce', 'attention_type': 'axial', 'use_amp': False, 'dropout_rate': 0.2, 'grad_accum_steps': 2, 'augmentation_intensity': 0, 'batch_size': 5, 'learning_rate': 1e-05, 'num_epochs': 200, 'train_ratio': 0.7, 'val_ratio': 0.15, 'test_ratio': 0.15, 'a_max': 1100}",0.9441131641159636,0.8445915786341317,0.8461538461538461,0.9416410041060098,0.7597261126672891,0.7762237762237763,18898926,Grid_SEARCH_212_densenet169_Attn_axial_dropout_0.2_aug_0_bs_5_lr_1e-05_amax_1100_sched_reduce_on_plateau_loss_ce,completed
213,"{'model_name': 'densenet169', 'scheduler_name': 'reduce_on_plateau', 'loss_name': 'ce', 'attention_type': 'none', 'use_amp': False, 'dropout_rate': 0.2, 'grad_accum_steps': 2, 'augmentation_intensity': 0, 'batch_size': 5, 'learning_rate': 2e-05, 'num_epochs': 200, 'train_ratio': 0.7, 'val_ratio': 0.15, 'test_ratio': 0.15, 'a_max': 1100}",0.9500069988801793,0.8254385964912281,0.8251748251748252,0.942148811745676,0.7973137973137973,0.7972027972027972,18547715,Grid_SEARCH_213_densenet169_dropout_0.2_aug_0_bs_5_lr_2e-05_amax_1100_sched_reduce_on_plateau_loss_ce,completed
214,"{'model_name': 'densenet169', 'scheduler_name': 'reduce_on_plateau', 'loss_name': 'ce', 'attention_type': 'cbam', 'use_amp': False, 'dropout_rate': 0.2, 'grad_accum_steps': 2, 'augmentation_intensity': 0, 'batch_size': 5, 'learning_rate': 2e-05, 'num_epochs': 200, 'train_ratio': 0.7, 'val_ratio': 0.15, 'test_ratio': 0.15, 'a_max': 1100}",0.9383682499688938,0.8388239830345093,0.8391608391608392,0.9333146696528556,0.8316613087979898,0.8321678321678322,18899508,Grid_SEARCH_214_densenet169_Attn_cbam_dropout_0.2_aug_0_bs_5_lr_2e-05_amax_1100_sched_reduce_on_plateau_loss_ce,completed
215,"{'model_name': 'densenet169', 'scheduler_name': 'reduce_on_plateau', 'loss_name': 'ce', 'attention_type': 'eca', 'use_amp': False, 'dropout_rate': 0.2, 'grad_accum_steps': 2, 'augmentation_intensity': 0, 'batch_size': 5, 'learning_rate': 2e-05, 'num_epochs': 200, 'train_ratio': 0.7, 'val_ratio': 0.15, 'test_ratio': 0.15, 'a_max': 1100}",0.954599819584422,0.8673739624340518,0.8671328671328671,0.9487821948488242,0.8302288188002475,0.8321678321678322,18552713,Grid_SEARCH_215_densenet169_Attn_eca_dropout_0.2_aug_0_bs_5_lr_2e-05_amax_1100_sched_reduce_on_plateau_loss_ce,completed
216,"{'model_name': 'densenet169', 'scheduler_name': 'reduce_on_plateau', 'loss_name': 'ce', 'attention_type': 'axial', 'use_amp': False, 'dropout_rate': 0.2, 'grad_accum_steps': 2, 'augmentation_intensity': 0, 'batch_size': 5, 'learning_rate': 2e-05, 'num_epochs': 200, 'train_ratio': 0.7, 'val_ratio': 0.15, 'test_ratio': 0.15, 'a_max': 1100}",0.9452446497449296,0.8463792158065445,0.8461538461538461,0.9395432841856414,0.8125594862857072,0.8111888111888111,18898926,Grid_SEARCH_216_densenet169_Attn_axial_dropout_0.2_aug_0_bs_5_lr_2e-05_amax_1100_sched_reduce_on_plateau_loss_ce,completed
217,"{'model_name': 'densenet169', 'scheduler_name': 'reduce_on_plateau', 'loss_name': 'ce', 'attention_type': 'none', 'use_amp': False, 'dropout_rate': 0.2, 'grad_accum_steps': 2, 'augmentation_intensity': 0, 'batch_size': 5, 'learning_rate': 5e-05, 'num_epochs': 200, 'train_ratio': 0.7, 'val_ratio': 0.15, 'test_ratio': 0.15, 'a_max': 1100}",0.9562126726390444,0.8658333333333333,0.8671328671328671,0.944449110364564,0.8245161812413274,0.8251748251748252,18547715,Grid_SEARCH_217_densenet169_dropout_0.2_aug_0_bs_5_lr_5e-05_amax_1100_sched_reduce_on_plateau_loss_ce,completed
218,"{'model_name': 'densenet169', 'scheduler_name': 'reduce_on_plateau', 'loss_name': 'ce', 'attention_type': 'cbam', 'use_amp': False, 'dropout_rate': 0.2, 'grad_accum_steps': 2, 'augmentation_intensity': 0, 'batch_size': 5, 'learning_rate': 5e-05, 'num_epochs': 200, 'train_ratio': 0.7, 'val_ratio': 0.15, 'test_ratio': 0.15, 'a_max': 1100}",0.9530102961303968,0.8804662456756059,0.8811188811188811,0.9441446590767698,0.8595275066548359,0.8601398601398601,18899508,Grid_SEARCH_218_densenet169_Attn_cbam_dropout_0.2_aug_0_bs_5_lr_5e-05_amax_1100_sched_reduce_on_plateau_loss_ce,completed
219,"{'model_name': 'densenet169', 'scheduler_name': 'reduce_on_plateau', 'loss_name': 'ce', 'attention_type': 'eca', 'use_amp': False, 'dropout_rate': 0.2, 'grad_accum_steps': 2, 'augmentation_intensity': 0, 'batch_size': 5, 'learning_rate': 5e-05, 'num_epochs': 200, 'train_ratio': 0.7, 'val_ratio': 0.15, 'test_ratio': 0.15, 'a_max': 1100}",0.9609536363070798,0.8809496836006409,0.8811188811188811,0.946562383351997,0.8455574529350235,0.8461538461538461,18552713,Grid_SEARCH_219_densenet169_Attn_eca_dropout_0.2_aug_0_bs_5_lr_5e-05_amax_1100_sched_reduce_on_plateau_loss_ce,completed
220,"{'model_name': 'densenet169', 'scheduler_name': 'reduce_on_plateau', 'loss_name': 'ce', 'attention_type': 'axial', 'use_amp': False, 'dropout_rate': 0.2, 'grad_accum_steps': 2, 'augmentation_intensity': 0, 'batch_size': 5, 'learning_rate': 5e-05, 'num_epochs': 200, 'train_ratio': 0.7, 'val_ratio': 0.15, 'test_ratio': 0.15, 'a_max': 1100}",0.952133880801294,0.8538324420677362,0.8531468531468531,0.9470550267512752,0.8452589118560979,0.8461538461538461,18898926,Grid_SEARCH_220_densenet169_Attn_axial_dropout_0.2_aug_0_bs_5_lr_5e-05_amax_1100_sched_reduce_on_plateau_loss_ce,completed
221,"{'model_name': 'densenet169', 'scheduler_name': 'reduce_on_plateau', 'loss_name': 'ce', 'attention_type': 'none', 'use_amp': False, 'dropout_rate': 0.2, 'grad_accum_steps': 2, 'augmentation_intensity': 0, 'batch_size': 5, 'learning_rate': 0.0001, 'num_epochs': 200, 'train_ratio': 0.7, 'val_ratio': 0.15, 'test_ratio': 0.15, 'a_max': 1100}",0.9571769627970635,0.8741959064327484,0.8741258741258742,0.949335884036332,0.8317811499234806,0.8321678321678322,18547715,Grid_SEARCH_221_densenet169_dropout_0.2_aug_0_bs_5_lr_1e-04_amax_1100_sched_reduce_on_plateau_loss_ce,completed
222,"{'model_name': 'densenet169', 'scheduler_name': 'reduce_on_plateau', 'loss_name': 'ce', 'attention_type': 'cbam', 'use_amp': False, 'dropout_rate': 0.2, 'grad_accum_steps': 2, 'augmentation_intensity': 0, 'batch_size': 5, 'learning_rate': 0.0001, 'num_epochs': 200, 'train_ratio': 0.7, 'val_ratio': 0.15, 'test_ratio': 0.15, 'a_max': 1100}",0.9593924972004478,0.8405748663101603,0.8391608391608392,0.95698060532537,0.8381773513187781,0.8391608391608392,18899508,Grid_SEARCH_222_densenet169_Attn_cbam_dropout_0.2_aug_0_bs_5_lr_1e-04_amax_1100_sched_reduce_on_plateau_loss_ce,completed
223,"{'model_name': 'densenet169', 'scheduler_name': 'reduce_on_plateau', 'loss_name': 'ce', 'attention_type': 'eca', 'use_amp': False, 'dropout_rate': 0.2, 'grad_accum_steps': 2, 'augmentation_intensity': 0, 'batch_size': 5, 'learning_rate': 0.0001, 'num_epochs': 200, 'train_ratio': 0.7, 'val_ratio': 0.15, 'test_ratio': 0.15, 'a_max': 1100}",0.9581365870349634,0.8739051930902525,0.8741258741258742,0.955315260669404,0.8421419849991278,0.8461538461538461,18552713,Grid_SEARCH_223_densenet169_Attn_eca_dropout_0.2_aug_0_bs_5_lr_1e-04_amax_1100_sched_reduce_on_plateau_loss_ce,completed
224,"{'model_name': 'densenet169', 'scheduler_name': 'reduce_on_plateau', 'loss_name': 'ce', 'attention_type': 'axial', 'use_amp': False, 'dropout_rate': 0.2, 'grad_accum_steps': 2, 'augmentation_intensity': 0, 'batch_size': 5, 'learning_rate': 0.0001, 'num_epochs': 200, 'train_ratio': 0.7, 'val_ratio': 0.15, 'test_ratio': 0.15, 'a_max': 1100}",0.961278306582058,0.8651987426642512,0.8671328671328671,0.9583068931193232,0.8581776910240014,0.8601398601398601,18898926,Grid_SEARCH_224_densenet169_Attn_axial_dropout_0.2_aug_0_bs_5_lr_1e-04_amax_1100_sched_reduce_on_plateau_loss_ce,completed
225,"{'model_name': 'densenet169', 'scheduler_name': 'reduce_on_plateau', 'loss_name': 'ce', 'attention_type': 'none', 'use_amp': False, 'dropout_rate': 0.2, 'grad_accum_steps': 2, 'augmentation_intensity': 1, 'batch_size': 3, 'learning_rate': 1e-05, 'num_epochs': 200, 'train_ratio': 0.7, 'val_ratio': 0.15, 'test_ratio': 0.15, 'a_max': 1100}",0.9384666231180788,0.8136434108527131,0.8181818181818182,0.9177592696279708,0.7588170984755425,0.7692307692307693,18547715,Grid_SEARCH_225_densenet169_dropout_0.2_aug_1_bs_3_lr_1e-05_amax_1100_sched_reduce_on_plateau_loss_ce,completed
226,"{'model_name': 'densenet169', 'scheduler_name': 'reduce_on_plateau', 'loss_name': 'ce', 'attention_type': 'cbam', 'use_amp': False, 'dropout_rate': 0.2, 'grad_accum_steps': 2, 'augmentation_intensity': 1, 'batch_size': 3, 'learning_rate': 1e-05, 'num_epochs': 200, 'train_ratio': 0.7, 'val_ratio': 0.15, 'test_ratio': 0.15, 'a_max': 1100}",0.9333146696528556,0.8477147852147852,0.8461538461538461,0.9278322135125048,0.8036722237320114,0.8041958041958042,18899508,Grid_SEARCH_226_densenet169_Attn_cbam_dropout_0.2_aug_1_bs_3_lr_1e-05_amax_1100_sched_reduce_on_plateau_loss_ce,completed
227,"{'model_name': 'densenet169', 'scheduler_name': 'reduce_on_plateau', 'loss_name': 'ce', 'attention_type': 'eca', 'use_amp': False, 'dropout_rate': 0.2, 'grad_accum_steps': 2, 'augmentation_intensity': 1, 'batch_size': 3, 'learning_rate': 1e-05, 'num_epochs': 200, 'train_ratio': 0.7, 'val_ratio': 0.15, 'test_ratio': 0.15, 'a_max': 1100}",0.9354742130148064,0.8245943267682397,0.8251748251748252,0.9319405561776782,0.7680999235115794,0.7762237762237763,18552713,Grid_SEARCH_227_densenet169_Attn_eca_dropout_0.2_aug_1_bs_3_lr_1e-05_amax_1100_sched_reduce_on_plateau_loss_ce,completed
228,"{'model_name': 'densenet169', 'scheduler_name': 'reduce_on_plateau', 'loss_name': 'ce', 'attention_type': 'axial', 'use_amp': False, 'dropout_rate': 0.2, 'grad_accum_steps': 2, 'augmentation_intensity': 1, 'batch_size': 3, 'learning_rate': 1e-05, 'num_epochs': 200, 'train_ratio': 0.7, 'val_ratio': 0.15, 'test_ratio': 0.15, 'a_max': 1100}",0.9342649620505163,0.8405163810171175,0.8391608391608392,0.9319024511633694,0.8112407970469594,0.8111888111888111,18898926,Grid_SEARCH_228_densenet169_Attn_axial_dropout_0.2_aug_1_bs_3_lr_1e-05_amax_1100_sched_reduce_on_plateau_loss_ce,completed
229,"{'model_name': 'densenet169', 'scheduler_name': 'reduce_on_plateau', 'loss_name': 'ce', 'attention_type': 'none', 'use_amp': False, 'dropout_rate': 0.2, 'grad_accum_steps': 2, 'augmentation_intensity': 1, 'batch_size': 3, 'learning_rate': 2e-05, 'num_epochs': 200, 'train_ratio': 0.7, 'val_ratio': 0.15, 'test_ratio': 0.15, 'a_max': 1100}",0.9569514433246236,0.8808213063532212,0.8811188811188811,0.9472113350752768,0.810779005895756,0.8111888111888111,18547715,Grid_SEARCH_229_densenet169_dropout_0.2_aug_1_bs_3_lr_2e-05_amax_1100_sched_reduce_on_plateau_loss_ce,completed
230,"{'model_name': 'densenet169', 'scheduler_name': 'reduce_on_plateau', 'loss_name': 'ce', 'attention_type': 'cbam', 'use_amp': False, 'dropout_rate': 0.2, 'grad_accum_steps': 2, 'augmentation_intensity': 1, 'batch_size': 3, 'learning_rate': 2e-05, 'num_epochs': 200, 'train_ratio': 0.7, 'val_ratio': 0.15, 'test_ratio': 0.15, 'a_max': 1100}",0.9428043735224586,0.8459529212521198,0.8461538461538461,0.9391785647629712,0.8073961499493413,0.8111888111888111,18899508,Grid_SEARCH_230_densenet169_Attn_cbam_dropout_0.2_aug_1_bs_3_lr_2e-05_amax_1100_sched_reduce_on_plateau_loss_ce,completed
231,"{'model_name': 'densenet169', 'scheduler_name': 'reduce_on_plateau', 'loss_name': 'ce', 'attention_type': 'eca', 'use_amp': False, 'dropout_rate': 0.2, 'grad_accum_steps': 2, 'augmentation_intensity': 1, 'batch_size': 3, 'learning_rate': 2e-05, 'num_epochs': 200, 'train_ratio': 0.7, 'val_ratio': 0.15, 'test_ratio': 0.15, 'a_max': 1100}",0.9407498133631952,0.8523305398305397,0.8531468531468531,0.9366181410974244,0.8247880776592836,0.8251748251748252,18552713,Grid_SEARCH_231_densenet169_Attn_eca_dropout_0.2_aug_1_bs_3_lr_2e-05_amax_1100_sched_reduce_on_plateau_loss_ce,completed
232,"{'model_name': 'densenet169', 'scheduler_name': 'reduce_on_plateau', 'loss_name': 'ce', 'attention_type': 'axial', 'use_amp': False, 'dropout_rate': 0.2, 'grad_accum_steps': 2, 'augmentation_intensity': 1, 'batch_size': 3, 'learning_rate': 2e-05, 'num_epochs': 200, 'train_ratio': 0.7, 'val_ratio': 0.15, 'test_ratio': 0.15, 'a_max': 1100}",0.9459107098419808,0.8667988510129896,0.8671328671328671,0.9433059599352992,0.831646208807026,0.8321678321678322,18898926,Grid_SEARCH_232_densenet169_Attn_axial_dropout_0.2_aug_1_bs_3_lr_2e-05_amax_1100_sched_reduce_on_plateau_loss_ce,completed
233,"{'model_name': 'densenet169', 'scheduler_name': 'reduce_on_plateau', 'loss_name': 'ce', 'attention_type': 'none', 'use_amp': False, 'dropout_rate': 0.2, 'grad_accum_steps': 2, 'augmentation_intensity': 1, 'batch_size': 3, 'learning_rate': 5e-05, 'num_epochs': 200, 'train_ratio': 0.7, 'val_ratio': 0.15, 'test_ratio': 0.15, 'a_max': 1100}",0.9452119883040936,0.8531725210634691,0.8531468531468531,0.93665546845838,0.8181818181818182,0.8181818181818182,18547715,Grid_SEARCH_233_densenet169_dropout_0.2_aug_1_bs_3_lr_5e-05_amax_1100_sched_reduce_on_plateau_loss_ce,completed
234,"{'model_name': 'densenet169', 'scheduler_name': 'reduce_on_plateau', 'loss_name': 'ce', 'attention_type': 'cbam', 'use_amp': False, 'dropout_rate': 0.2, 'grad_accum_steps': 2, 'augmentation_intensity': 1, 'batch_size': 3, 'learning_rate': 5e-05, 'num_epochs': 200, 'train_ratio': 0.7, 'val_ratio': 0.15, 'test_ratio': 0.15, 'a_max': 1100}",0.9490567064825184,0.8668352923672072,0.8671328671328671,0.9373429140226452,0.8047172194051019,0.8041958041958042,18899508,Grid_SEARCH_234_densenet169_Attn_cbam_dropout_0.2_aug_1_bs_3_lr_5e-05_amax_1100_sched_reduce_on_plateau_loss_ce,completed
235,"{'model_name': 'densenet169', 'scheduler_name': 'reduce_on_plateau', 'loss_name': 'ce', 'attention_type': 'eca', 'use_amp': False, 'dropout_rate': 0.2, 'grad_accum_steps': 2, 'augmentation_intensity': 1, 'batch_size': 3, 'learning_rate': 5e-05, 'num_epochs': 200, 'train_ratio': 0.7, 'val_ratio': 0.15, 'test_ratio': 0.15, 'a_max': 1100}",0.9526206918004232,0.8669352697382852,0.8671328671328671,0.9504245987308696,0.8585006674824786,0.8601398601398601,18552713,Grid_SEARCH_235_densenet169_Attn_eca_dropout_0.2_aug_1_bs_3_lr_5e-05_amax_1100_sched_reduce_on_plateau_loss_ce,completed
236,"{'model_name': 'densenet169', 'scheduler_name': 'reduce_on_plateau', 'loss_name': 'ce', 'attention_type': 'axial', 'use_amp': False, 'dropout_rate': 0.2, 'grad_accum_steps': 2, 'augmentation_intensity': 1, 'batch_size': 3, 'learning_rate': 5e-05, 'num_epochs': 200, 'train_ratio': 0.7, 'val_ratio': 0.15, 'test_ratio': 0.15, 'a_max': 1100}",0.9545212765957446,0.8734236457196608,0.8741258741258742,0.9448006096802288,0.8307401321420013,0.8321678321678322,18898926,Grid_SEARCH_236_densenet169_Attn_axial_dropout_0.2_aug_1_bs_3_lr_5e-05_amax_1100_sched_reduce_on_plateau_loss_ce,completed
237,"{'model_name': 'densenet169', 'scheduler_name': 'reduce_on_plateau', 'loss_name': 'ce', 'attention_type': 'none', 'use_amp': False, 'dropout_rate': 0.2, 'grad_accum_steps': 2, 'augmentation_intensity': 1, 'batch_size': 3, 'learning_rate': 0.0001, 'num_epochs': 200, 'train_ratio': 0.7, 'val_ratio': 0.15, 'test_ratio': 0.15, 'a_max': 1100}",0.9514899838248102,0.8534278959810875,0.8531468531468531,0.9374331218116212,0.8461812570469824,0.8461538461538461,18547715,Grid_SEARCH_237_densenet169_dropout_0.2_aug_1_bs_3_lr_1e-04_amax_1100_sched_reduce_on_plateau_loss_ce,completed
238,"{'model_name': 'densenet169', 'scheduler_name': 'reduce_on_plateau', 'loss_name': 'ce', 'attention_type': 'cbam', 'use_amp': False, 'dropout_rate': 0.2, 'grad_accum_steps': 2, 'augmentation_intensity': 1, 'batch_size': 3, 'learning_rate': 0.0001, 'num_epochs': 200, 'train_ratio': 0.7, 'val_ratio': 0.15, 'test_ratio': 0.15, 'a_max': 1100}",0.9408672390195346,0.8269420138328503,0.8321678321678322,0.9344609306955332,0.8096129837702871,0.8111888111888111,18899508,Grid_SEARCH_238_densenet169_Attn_cbam_dropout_0.2_aug_1_bs_3_lr_1e-04_amax_1100_sched_reduce_on_plateau_loss_ce,completed
239,"{'model_name': 'densenet169', 'scheduler_name': 'reduce_on_plateau', 'loss_name': 'ce', 'attention_type': 'eca', 'use_amp': False, 'dropout_rate': 0.2, 'grad_accum_steps': 2, 'augmentation_intensity': 1, 'batch_size': 3, 'learning_rate': 0.0001, 'num_epochs': 200, 'train_ratio': 0.7, 'val_ratio': 0.15, 'test_ratio': 0.15, 'a_max': 1100}",0.9525946404130896,0.8656697912017061,0.8671328671328671,0.9468353396789848,0.8482166199813258,0.8531468531468531,18552713,Grid_SEARCH_239_densenet169_Attn_eca_dropout_0.2_aug_1_bs_3_lr_1e-04_amax_1100_sched_reduce_on_plateau_loss_ce,completed
240,"{'model_name': 'densenet169', 'scheduler_name': 'reduce_on_plateau', 'loss_name': 'ce', 'attention_type': 'axial', 'use_amp': False, 'dropout_rate': 0.2, 'grad_accum_steps': 2, 'augmentation_intensity': 1, 'batch_size': 3, 'learning_rate': 0.0001, 'num_epochs': 200, 'train_ratio': 0.7, 'val_ratio': 0.15, 'test_ratio': 0.15, 'a_max': 1100}",0.947105574219236,0.8451901440407187,0.8461538461538461,0.9356491850192858,0.7992869875222817,0.7972027972027972,18898926,Grid_SEARCH_240_densenet169_Attn_axial_dropout_0.2_aug_1_bs_3_lr_1e-04_amax_1100_sched_reduce_on_plateau_loss_ce,completed
241,"{'model_name': 'densenet169', 'scheduler_name': 'reduce_on_plateau', 'loss_name': 'ce', 'attention_type': 'none', 'use_amp': False, 'dropout_rate': 0.2, 'grad_accum_steps': 2, 'augmentation_intensity': 1, 'batch_size': 5, 'learning_rate': 1e-05, 'num_epochs': 200, 'train_ratio': 0.7, 'val_ratio': 0.15, 'test_ratio': 0.15, 'a_max': 1100}",0.9326318900087096,0.8589990066596321,0.8601398601398601,0.923091638671146,0.7760160379077821,0.7832167832167832,18547715,Grid_SEARCH_241_densenet169_dropout_0.2_aug_1_bs_5_lr_1e-05_amax_1100_sched_reduce_on_plateau_loss_ce,completed
242,"{'model_name': 'densenet169', 'scheduler_name': 'reduce_on_plateau', 'loss_name': 'ce', 'attention_type': 'cbam', 'use_amp': False, 'dropout_rate': 0.2, 'grad_accum_steps': 2, 'augmentation_intensity': 1, 'batch_size': 5, 'learning_rate': 1e-05, 'num_epochs': 200, 'train_ratio': 0.7, 'val_ratio': 0.15, 'test_ratio': 0.15, 'a_max': 1100}",0.939704647256439,0.8245040098034654,0.8251748251748252,0.93074374766704,0.8193635210807142,0.8181818181818182,18899508,Grid_SEARCH_242_densenet169_Attn_cbam_dropout_0.2_aug_1_bs_5_lr_1e-05_amax_1100_sched_reduce_on_plateau_loss_ce,completed
243,"{'model_name': 'densenet169', 'scheduler_name': 'reduce_on_plateau', 'loss_name': 'ce', 'attention_type': 'eca', 'use_amp': False, 'dropout_rate': 0.2, 'grad_accum_steps': 2, 'augmentation_intensity': 1, 'batch_size': 5, 'learning_rate': 1e-05, 'num_epochs': 200, 'train_ratio': 0.7, 'val_ratio': 0.15, 'test_ratio': 0.15, 'a_max': 1100}",0.9335386338185891,0.8453428256631917,0.8461538461538461,0.9286829662809506,0.8326414326414326,0.8321678321678322,18552713,Grid_SEARCH_243_densenet169_Attn_eca_dropout_0.2_aug_1_bs_5_lr_1e-05_amax_1100_sched_reduce_on_plateau_loss_ce,completed
244,"{'model_name': 'densenet169', 'scheduler_name': 'reduce_on_plateau', 'loss_name': 'ce', 'attention_type': 'axial', 'use_amp': False, 'dropout_rate': 0.2, 'grad_accum_steps': 2, 'augmentation_intensity': 1, 'batch_size': 5, 'learning_rate': 1e-05, 'num_epochs': 200, 'train_ratio': 0.7, 'val_ratio': 0.15, 'test_ratio': 0.15, 'a_max': 1100}",0.9457991165857907,0.8397917871602082,0.8391608391608392,0.9308222906557172,0.8025904203323558,0.8041958041958042,18898926,Grid_SEARCH_244_densenet169_Attn_axial_dropout_0.2_aug_1_bs_5_lr_1e-05_amax_1100_sched_reduce_on_plateau_loss_ce,completed
245,"{'model_name': 'densenet169', 'scheduler_name': 'reduce_on_plateau', 'loss_name': 'ce', 'attention_type': 'none', 'use_amp': False, 'dropout_rate': 0.2, 'grad_accum_steps': 2, 'augmentation_intensity': 1, 'batch_size': 5, 'learning_rate': 2e-05, 'num_epochs': 200, 'train_ratio': 0.7, 'val_ratio': 0.15, 'test_ratio': 0.15, 'a_max': 1100}",0.93558541744432,0.8322896069354301,0.8321678321678322,0.9287786176433992,0.7988809047936297,0.8041958041958042,18547715,Grid_SEARCH_245_densenet169_dropout_0.2_aug_1_bs_5_lr_2e-05_amax_1100_sched_reduce_on_plateau_loss_ce,completed
246,"{'model_name': 'densenet169', 'scheduler_name': 'reduce_on_plateau', 'loss_name': 'ce', 'attention_type': 'cbam', 'use_amp': False, 'dropout_rate': 0.2, 'grad_accum_steps': 2, 'augmentation_intensity': 1, 'batch_size': 5, 'learning_rate': 2e-05, 'num_epochs': 200, 'train_ratio': 0.7, 'val_ratio': 0.15, 'test_ratio': 0.15, 'a_max': 1100}",0.9575385716063206,0.8724004753416518,0.8741258741258742,0.9500812647754135,0.8452695499003383,0.8461538461538461,18899508,Grid_SEARCH_246_densenet169_Attn_cbam_dropout_0.2_aug_1_bs_5_lr_2e-05_amax_1100_sched_reduce_on_plateau_loss_ce,completed
247,"{'model_name': 'densenet169', 'scheduler_name': 'reduce_on_plateau', 'loss_name': 'ce', 'attention_type': 'eca', 'use_amp': False, 'dropout_rate': 0.2, 'grad_accum_steps': 2, 'augmentation_intensity': 1, 'batch_size': 5, 'learning_rate': 2e-05, 'num_epochs': 200, 'train_ratio': 0.7, 'val_ratio': 0.15, 'test_ratio': 0.15, 'a_max': 1100}",0.9419753950479034,0.8454540183903246,0.8461538461538461,0.9408563518725892,0.8125747764415664,0.8111888111888111,18552713,Grid_SEARCH_247_densenet169_Attn_eca_dropout_0.2_aug_1_bs_5_lr_2e-05_amax_1100_sched_reduce_on_plateau_loss_ce,completed
248,"{'model_name': 'densenet169', 'scheduler_name': 'reduce_on_plateau', 'loss_name': 'ce', 'attention_type': 'axial', 'use_amp': False, 'dropout_rate': 0.2, 'grad_accum_steps': 2, 'augmentation_intensity': 1, 'batch_size': 5, 'learning_rate': 2e-05, 'num_epochs': 200, 'train_ratio': 0.7, 'val_ratio': 0.15, 'test_ratio': 0.15, 'a_max': 1100}",0.9454433401766827,0.8431978137166816,0.8461538461538461,0.9359792988677368,0.8379991127756382,0.8391608391608392,18898926,Grid_SEARCH_248_densenet169_Attn_axial_dropout_0.2_aug_1_bs_5_lr_2e-05_amax_1100_sched_reduce_on_plateau_loss_ce,completed
249,"{'model_name': 'densenet169', 'scheduler_name': 'reduce_on_plateau', 'loss_name': 'ce', 'attention_type': 'none', 'use_amp': False, 'dropout_rate': 0.2, 'grad_accum_steps': 2, 'augmentation_intensity': 1, 'batch_size': 5, 'learning_rate': 5e-05, 'num_epochs': 200, 'train_ratio': 0.7, 'val_ratio': 0.15, 'test_ratio': 0.15, 'a_max': 1100}",0.9481515179793456,0.8463189152196354,0.8461538461538461,0.939169621749409,0.8405139833711263,0.8391608391608392,18547715,Grid_SEARCH_249_densenet169_dropout_0.2_aug_1_bs_5_lr_5e-05_amax_1100_sched_reduce_on_plateau_loss_ce,completed
250,"{'model_name': 'densenet169', 'scheduler_name': 'reduce_on_plateau', 'loss_name': 'ce', 'attention_type': 'cbam', 'use_amp': False, 'dropout_rate': 0.2, 'grad_accum_steps': 2, 'augmentation_intensity': 1, 'batch_size': 5, 'learning_rate': 5e-05, 'num_epochs': 200, 'train_ratio': 0.7, 'val_ratio': 0.15, 'test_ratio': 0.15, 'a_max': 1100}",0.9464297934552692,0.8811199184165392,0.8811188811188811,0.9378215596615652,0.8541015721866785,0.8531468531468531,18899508,Grid_SEARCH_250_densenet169_Attn_cbam_dropout_0.2_aug_1_bs_5_lr_5e-05_amax_1100_sched_reduce_on_plateau_loss_ce,completed
251,"{'model_name': 'densenet169', 'scheduler_name': 'reduce_on_plateau', 'loss_name': 'ce', 'attention_type': 'eca', 'use_amp': False, 'dropout_rate': 0.2, 'grad_accum_steps': 2, 'augmentation_intensity': 1, 'batch_size': 5, 'learning_rate': 5e-05, 'num_epochs': 200, 'train_ratio': 0.7, 'val_ratio': 0.15, 'test_ratio': 0.15, 'a_max': 1100}",0.9461331187010078,0.8811694890722247,0.8811188811188811,0.9400615901455768,0.8585006674824786,0.8601398601398601,18552713,Grid_SEARCH_251_densenet169_Attn_eca_dropout_0.2_aug_1_bs_5_lr_5e-05_amax_1100_sched_reduce_on_plateau_loss_ce,completed
252,"{'model_name': 'densenet169', 'scheduler_name': 'reduce_on_plateau', 'loss_name': 'ce', 'attention_type': 'axial', 'use_amp': False, 'dropout_rate': 0.2, 'grad_accum_steps': 2, 'augmentation_intensity': 1, 'batch_size': 5, 'learning_rate': 5e-05, 'num_epochs': 200, 'train_ratio': 0.7, 'val_ratio': 0.15, 'test_ratio': 0.15, 'a_max': 1100}",0.939856289660321,0.8479441212003388,0.8461538461538461,0.93946979594376,0.8190370138381412,0.8181818181818182,18898926,Grid_SEARCH_252_densenet169_Attn_axial_dropout_0.2_aug_1_bs_5_lr_5e-05_amax_1100_sched_reduce_on_plateau_loss_ce,completed
253,"{'model_name': 'densenet169', 'scheduler_name': 'reduce_on_plateau', 'loss_name': 'ce', 'attention_type': 'none', 'use_amp': False, 'dropout_rate': 0.2, 'grad_accum_steps': 2, 'augmentation_intensity': 1, 'batch_size': 5, 'learning_rate': 0.0001, 'num_epochs': 200, 'train_ratio': 0.7, 'val_ratio': 0.15, 'test_ratio': 0.15, 'a_max': 1100}",0.9581863568495708,0.8804263973630689,0.8811188811188811,0.947798463356974,0.8316498316498316,0.8321678321678322,18547715,Grid_SEARCH_253_densenet169_dropout_0.2_aug_1_bs_5_lr_1e-04_amax_1100_sched_reduce_on_plateau_loss_ce,completed
254,"{'model_name': 'densenet169', 'scheduler_name': 'reduce_on_plateau', 'loss_name': 'ce', 'attention_type': 'cbam', 'use_amp': False, 'dropout_rate': 0.2, 'grad_accum_steps': 2, 'augmentation_intensity': 1, 'batch_size': 5, 'learning_rate': 0.0001, 'num_epochs': 200, 'train_ratio': 0.7, 'val_ratio': 0.15, 'test_ratio': 0.15, 'a_max': 1100}",0.9478474555182282,0.8666789943677816,0.8671328671328671,0.9383966343162872,0.8511727290797059,0.8531468531468531,18899508,Grid_SEARCH_254_densenet169_Attn_cbam_dropout_0.2_aug_1_bs_5_lr_1e-04_amax_1100_sched_reduce_on_plateau_loss_ce,completed
255,"{'model_name': 'densenet169', 'scheduler_name': 'reduce_on_plateau', 'loss_name': 'ce', 'attention_type': 'eca', 'use_amp': False, 'dropout_rate': 0.2, 'grad_accum_steps': 2, 'augmentation_intensity': 1, 'batch_size': 5, 'learning_rate': 0.0001, 'num_epochs': 200, 'train_ratio': 0.7, 'val_ratio': 0.15, 'test_ratio': 0.15, 'a_max': 1100}",0.9467797374642278,0.8525461743364072,0.8531468531468531,0.9411716903073288,0.8120677551417589,0.8111888111888111,18552713,Grid_SEARCH_255_densenet169_Attn_eca_dropout_0.2_aug_1_bs_5_lr_1e-04_amax_1100_sched_reduce_on_plateau_loss_ce,completed
256,"{'model_name': 'densenet169', 'scheduler_name': 'reduce_on_plateau', 'loss_name': 'ce', 'attention_type': 'axial', 'use_amp': False, 'dropout_rate': 0.2, 'grad_accum_steps': 2, 'augmentation_intensity': 1, 'batch_size': 5, 'learning_rate': 0.0001, 'num_epochs': 200, 'train_ratio': 0.7, 'val_ratio': 0.15, 'test_ratio': 0.15, 'a_max': 1100}",0.9528524324996888,0.8671052631578947,0.8671328671328671,0.9391179078014184,0.8064588302602251,0.8041958041958042,18898926,Grid_SEARCH_256_densenet169_Attn_axial_dropout_0.2_aug_1_bs_5_lr_1e-04_amax_1100_sched_reduce_on_plateau_loss_ce,completed
