cohort,subject,label,wm_mode,tissue_brain_600,gm_hippocampus_600,gmr_hippocampus_600,gm_amygdala_600,gmr_amygdala_600,gm_parahippocampal_600,gmr_parahippocampal_600,gm_latventricle_600,gmr_latventricle_600,gm_mtl_600,gmr_mtl_600,tissue_brain_700,gm_hippocampus_700,gmr_hippocampus_700,gm_amygdala_700,gmr_amygdala_700,gm_parahippocampal_700,gmr_parahippocampal_700,gm_latventricle_700,gmr_latventricle_700,gm_mtl_700,gmr_mtl_700,tissue_brain_800,gm_hippocampus_800,gmr_hippocampus_800,gm_amygdala_800,gmr_amygdala_800,gm_parahippocampal_800,gmr_parahippocampal_800,gm_latventricle_800,gmr_latventricle_800,gm_mtl_800,gmr_mtl_800,V_latventricle,V_brain_jac,vmr_latventricle,brain_gm_ml,brain_tissue_frac
ADNI,ADNI-1632_S_PC91AF5_CN_M_Sagittal_3D_Accelerated_MPRAGE,0.0,1021.0013427734375,1593602.0,11221.0,0.7041281323693118,5307.0,0.33301916036751966,15398.0,0.9662387471903273,5551.0,0.34833038613154355,31449.0,1.9734538485769972,1454385.0,10118.0,0.6956892432196427,5007.0,0.3442692271991254,14188.0,0.9755326134414202,1072.0,0.07370813092819302,28840.0,1.9829687462398196,1126980.0,7486.0,0.6642531367016273,4066.0,0.36078723668565543,8713.0,0.773128183286305,156.0,0.013842304211254857,19867.0,1.7628529343910273,35487.19921875,1775048.625,1.9992240617492945,1454.385,83.79632857211173
ADNI,ADNI-1634_S_PE1AF4D_CN_F_Sagittal_3D_Accelerated_MPRAGE,0.0,1020.8599853515625,1611639.0,11192.0,0.6944483224841296,5282.0,0.32774088986429345,13424.0,0.8329408757172048,5642.0,0.3500783984502733,29427.0,1.8259051809989706,1484478.0,10274.0,0.6920951337776646,4825.0,0.32503007791290944,12091.0,0.8144950615637281,408.0,0.02748440866082219,26749.0,1.8019128609517958,1147462.0,7915.0,0.6897831910773515,4003.0,0.34885686846274644,7464.0,0.650479057258541,20.0,0.0017429771094816212,19054.0,1.6605342922031405,37597.1875,1740941.125,2.159589831046125,1484.478,85.53017684180688
ADNI,ADNI-0027_S_PEB2688_CN_M_Accelerated_Sagittal_MPRAGE,0.0,1019.796142578125,1577816.0,10721.0,0.6794835392720064,5064.0,0.3209499713528067,14550.0,0.92216075892246,3385.0,0.21453705628539702,29877.0,1.8935668037337687,1430450.0,9275.0,0.6483973574749204,4388.0,0.30675661505120766,13356.0,0.9336921947638854,570.0,0.03984760040546681,26642.0,1.8624908245656964,1131153.0,6430.0,0.5684465319899253,3535.0,0.3125129845387848,8198.0,0.7247472269445424,120.0,0.010608644453933287,17909.0,1.5832517793790937,37256.41015625,1790201.625,2.0811292781755797,1430.45,82.41728167299391
ADNI,ADNI-1794_S_PEB9872_CN_M_Accelerated_Sagittal_MPRAGE_ND,0.0,1031.35302734375,1581270.0,10852.0,0.6862838098490454,4855.0,0.3070316897177585,13309.0,0.8416652437597627,6319.0,0.39961549893440085,28570.0,1.8067755664750484,1459218.0,9664.0,0.662272532274136,4271.0,0.2926910166952436,12181.0,0.8347621808393263,2112.0,0.14473505672216214,25706.0,1.7616284886836648,1193791.0,6441.0,0.5395416785685268,3496.0,0.2928485806979614,8242.0,0.6904056070116126,303.0,0.02538132721724322,17854.0,1.4955716704180213,26404.619140625,1773768.5,1.4886169835931238,1459.218,84.07478830319327
ADNI,ADNI-2080_S_P19E73A_CN_F_Accelerated_Sagittal_MPRAGE,0.0,1026.043701171875,1582086.0,11072.0,0.6998355335929904,5263.0,0.33266206767520856,13762.0,0.869864217242299,6105.0,0.3858829418881148,29627.0,1.8726542046386858,1443310.0,10072.0,0.6978403807913753,4590.0,0.31801899799765815,11852.0,0.8211680096444978,553.0,0.03831470716616666,26109.0,1.8089668886102084,1166740.0,7011.0,0.600905085966025,3507.0,0.3005811063304592,7416.0,0.6356171897766426,20.0,0.0017141779659564256,17650.0,1.5127620549565455,61155.296875,1745756.375,3.503083119200982,1443.31,83.15822769859054
ADNI,ADNI-2081_S_P8CB0D6_CN_M_Accelerated_Sagittal_MPRAGE,0.0,1019.36181640625,1588671.0,10946.0,0.689003575944925,5221.0,0.328639472867573,14067.0,0.8854570896050851,7092.0,0.4464108679518919,29772.0,1.8740192273919523,1452326.0,9613.0,0.6619037323576111,4607.0,0.3172152808666925,12899.0,0.8881614733882062,819.0,0.056392297597095964,26715.0,1.8394630406671781,1172747.0,6575.0,0.5606494836482209,3482.0,0.2969097341540844,8707.0,0.7424448751521002,50.0,0.004263494172229816,18484.0,1.5761285255899184,49400.54296875,1755491.25,2.81405805746682,1452.326,83.6776965451519
ADNI,ADNI-0176_S_P48A98E_CN_M_Accelerated_Sag_IR-FSPGR,0.0,1015.1067504882812,1574538.0,10337.0,0.6565100365948615,5248.0,0.3333041184144174,15526.0,0.9860670241048485,8688.0,0.5517809033506972,30634.0,1.9455865784122073,1443271.0,8284.0,0.5739739799386255,4928.0,0.34144661674765164,14979.0,1.037850826352085,223.0,0.015451013704286998,27723.0,1.9208450803764505,1140269.0,5312.0,0.46585498684959425,3868.0,0.33921820202075126,10921.0,0.9577564592214644,2.0,0.00017539720890421472,19662.0,1.7243299607373346,72260.453125,1736645.0,4.160922533102621,1443.271,83.15598066165443
ADNI,ADNI-0136_S_P2C503C_CN_M_Sagittal_3D_Accelerated_MPRAGE,0.0,1013.1890869140625,1609253.0,11173.0,0.6942972919733565,5302.0,0.32946963591181744,14946.0,0.9287539001014757,3548.0,0.2204749657139058,30946.0,1.9230040273344216,1452272.0,10369.0,0.7139847080987584,5035.0,0.3466981391915564,13428.0,0.9246201813434398,1120.0,0.07712053940308702,28367.0,1.9532842332565798,1091335.0,8333.0,0.7635602266948278,4352.0,0.3987776438948627,8263.0,0.7571460642240925,142.0,0.013011586726348922,20569.0,1.8847558265793731,30118.669921875,1797175.25,1.6758894226856842,1452.272,83.67458526324037
ADNI,ADNI-0476_S_P0E1221_CN_M_Accelerated_Sag_IR-FSPGR_(MSV21),0.0,1010.5687255859375,1563392.0,11087.0,0.70916315293925,5243.0,0.33536054936957593,13883.0,0.888005055673817,8019.0,0.5129231824136238,29744.0,1.9025298837399705,1417884.0,10210.0,0.7200871157302008,4725.0,0.3332430579652496,12347.0,0.8708046638512036,894.0,0.06305170239596469,26849.0,1.8935963731870873,1117892.0,7249.0,0.6484526233303396,3747.0,0.33518443642140744,7598.0,0.6796720971256615,52.0,0.004651612141423322,18265.0,1.6338787646749418,47550.45703125,1763240.75,2.6967648649936202,1417.884,81.69327484891558
ADNI,ADNI-0478_S_P6C9374_CN_M_Accelerated_Sag_IR-FSPGR_(MSV21),0.0,1008.7449951171875,1567446.0,11207.0,0.7149847586455929,5322.0,0.3395332279389529,15487.0,0.9880404173413311,15155.0,0.9668594643770823,31539.0,2.0121267335525435,1439672.0,10703.0,0.7434332264571375,5147.0,0.3575119888419029,14659.0,1.018218038553226,1339.0,0.09300729610633533,30033.0,2.0861001672603203,1133788.0,7071.0,0.6236615663598486,4207.0,0.37105702300606463,9927.0,0.8755605104305213,84.0,0.0074087924726668475,20790.0,1.833676136985045,42130.3125,1792136.625,2.3508426708259478,1439.672,82.94861948388443
ADNI,ADNI-0244_S_PEF89F6_CN_M_Accelerated_Sagittal_MPRAGE_(MSV21),0.0,1014.48681640625,1622572.0,11211.0,0.6909400630603757,5263.0,0.3243615691630325,15361.0,0.9467068333485356,4623.0,0.28491801904630426,31360.0,1.9327339557196848,1489769.0,10532.0,0.706955239369325,4999.0,0.3355553780485431,14437.0,0.9690764138601353,972.0,0.06524501449553588,29523.0,1.9817166285511378,1157198.0,7639.0,0.660129035826194,3989.0,0.3447119680469548,9765.0,0.8438486758532248,125.0,0.010801954376001342,21048.0,1.8188762856486098,25895.326171875,1786771.0,1.4492806393138795,1489.769,85.83502485280468
ADNI,ADNI-1163_S_PE0CBDE_CN_F_Accelerated_Sagittal_MPRAGE_ND,0.0,1013.7813720703125,1592732.0,11176.0,0.7016874150830146,5093.0,0.319765032660862,12960.0,0.8136962150568959,5619.0,0.3527900487966588,28768.0,1.8062046847806161,1465027.0,10678.0,0.7288602872165496,4673.0,0.31897023058278107,11859.0,0.8094731359899852,1839.0,0.12552669677760203,26777.0,1.8277478845099782,1149747.0,7350.0,0.6392710744189809,3606.0,0.31363421691902654,7900.0,0.6871076854299251,313.0,0.027223380448046394,18521.0,1.6108761318794482,20555.24609375,1777474.875,1.1564296285060007,1465.027,84.40948157400904
ADNI,ADNI-1660_S_PB29B52_CN_F_Sagittal_3D_Accelerated_MPRAGE,0.0,1026.4620361328125,1617686.0,11033.0,0.6820235818323209,5302.0,0.32775211011284017,14966.0,0.925148638240054,4347.0,0.268717167608547,30825.0,1.905499583973651,1501782.0,9341.0,0.6219944039814034,4828.0,0.3214847427922295,13747.0,0.9153791961816029,274.0,0.018244991616626117,27476.0,1.8295598162716027,1176596.0,6854.0,0.5825279025255907,3954.0,0.33605417662477177,8834.0,0.7508099636578741,20.0,0.0016998187993159928,19299.0,1.6402401503999673,58995.01171875,1731245.875,3.4076622258377944,1501.782,86.5271698454557
ADNI,ADNI-0452_S_P814F44_CN_F_Accelerated_Sag_IR-FSPGR_(MSV21),0.0,1014.8575439453125,1624008.0,11229.0,0.6914374806035438,5315.0,0.3272767129225964,15478.0,0.9530741227875724,10393.0,0.6399599016753612,31545.0,1.9424165398200008,1502502.0,10794.0,0.718401705954468,4923.0,0.32765347400535905,14626.0,0.9734429638030432,1944.0,0.12938418717579078,29886.0,1.9890822108722652,1157914.0,7676.0,0.6629162442115736,3906.0,0.337330751679313,10471.0,0.9042985921234219,276.0,0.02383596709254746,21677.0,1.8720734009606932,21656.166015625,1791845.875,1.2085953550901802,1502.502,86.56865360427605
ADNI,ADNI-0305_S_PEA2100_CN_F_Accelerated_Sagittal_MPRAGE_ND,0.0,1025.216064453125,1606027.0,11037.0,0.6872238137964057,4881.0,0.3039176800888155,13206.0,0.8222775831290506,4291.0,0.2671810623358138,28686.0,1.7861468082417045,1476771.0,10022.0,0.678642795667033,4256.0,0.288196341883745,11971.0,0.8106199268539265,1160.0,0.07854975483673501,25894.0,1.753420130812428,1180065.0,6907.0,0.5853067415777944,3280.0,0.27795079084626695,7392.0,0.626406172541343,102.0,0.00864359166656074,17351.0,1.470342735357798,26806.689453125,1750562.75,1.5313183976481277,1476.771,85.08612777343416
ADNI,ADNI-0908_S_PE00A59_CN_F_Accelerated_Sagittal_MPRAGE_(MSV21),0.0,1022.5731201171875,1610205.0,10986.0,0.6822733751292537,5024.0,0.312009961464534,12712.0,0.7894646954890836,5751.0,0.3571594921143581,28269.0,1.7556149682804363,1491712.0,10290.0,0.68981143813283,4721.0,0.3164820018877639,11457.0,0.7680436974429381,1855.0,0.1243537626565986,26057.0,1.746784902179509,1180647.0,6103.0,0.5169199599880404,3510.0,0.2972946189673967,6261.0,0.5303024528076554,302.0,0.025579195136226154,15645.0,1.3251208871068152,19685.3828125,1785966.25,1.102225913423616,1491.712,85.94697338528789
ADNI,ADNI-0776_S_P5F8316_CN_F_Accelerated_Sagittal_MPRAGE_(MSV21),0.0,1019.7020263671875,1616081.0,11099.0,0.6867848826884295,5232.0,0.32374614886258796,13559.0,0.83900497561694,4998.0,0.30926667660841256,29420.0,1.820453306486494,1490998.0,10179.0,0.6826970928197087,4879.0,0.3272304858893171,12305.0,0.825286150618579,946.0,0.06344743587851895,26923.0,1.8057032940352702,1154476.0,6811.0,0.5899646246435613,3393.0,0.2938995700213777,7320.0,0.6340538911159695,180.0,0.015591489125802528,17240.0,1.4933181807157534,31671.50390625,1786715.75,1.772610103551726,1490.998,85.90583532445773
ADNI,ADNI-2085_S_PB4C923_CN_M_Accelerated_Sagittal_MPRAGE,0.0,1016.7091064453125,1572868.0,11087.0,0.7048906837700303,5139.0,0.3267279898885348,13533.0,0.8604027801442969,4741.0,0.3014238957115282,29298.0,1.862711937683264,1434937.0,10037.0,0.6994732172910727,4622.0,0.3221047335179175,12465.0,0.8686792521204764,1236.0,0.08613618576982822,26712.0,1.8615451410061907,1135498.0,6917.0,0.6091600337473074,3490.0,0.30735413008213136,7857.0,0.6919430945717209,176.0,0.015499807133081696,18012.0,1.586264352733338,27637.56640625,1795297.75,1.5394419341443502,1434.937,82.675806153309
ADNI,ADNI-0034_S_P02801C_CN_F_Accelerated_Sagittal_MPRAGE_(MSV21),0.0,1014.2474365234375,1628670.0,11110.0,0.6821516943272732,5178.0,0.31792812540293613,14501.0,0.8903583905886399,11827.0,0.7261753455273321,30315.0,1.8613347086886847,1506762.0,10370.0,0.6882307889368062,4767.0,0.31637378696834667,13156.0,0.8731305939491439,5424.0,0.35997722268015786,27842.0,1.847803435446341,1164616.0,7256.0,0.6230379799006711,3500.0,0.30052824278560486,7308.0,0.627502970936343,1850.0,0.15885064261524828,17739.0,1.5231629996496698,13637.5029296875,1791680.5,0.7611570773744258,1506.762,86.8140991772964
ADNI,ADNI-0446_S_PD340B0_CN_M_Accelerated_Sagittal_MPRAGE,0.0,1017.0372314453125,1596194.0,11232.0,0.7036738642044763,5200.0,0.325774937131702,13781.0,0.8633662324253819,7767.0,0.48659498782729416,29762.0,1.8645603228680225,1461759.0,10437.0,0.7140027870531326,4433.0,0.3032647652588422,12439.0,0.8509610681377711,855.0,0.05849117398969324,26925.0,1.8419589002017431,1142775.0,7494.0,0.6557721336221041,3392.0,0.2968213340333837,8144.0,0.7126512218065674,82.0,0.007175515740193827,18777.0,1.6431055982148717,40724.83984375,1753369.25,2.322661917548172,1461.759,84.22119140203004
ADNI,ADNI-0401_S_PC01846_CN_F_Sagittal_3D_Accelerated_MPRAGE_(MSV21),0.0,1016.803955078125,1613432.0,11249.0,0.6972094268614978,5320.0,0.3297319006936766,14730.0,0.9129606949657624,5071.0,0.3142989602288786,30823.0,1.9103996945641342,1487907.0,10925.0,0.7342528800523151,5095.0,0.342427315685725,13739.0,0.9233776035733415,618.0,0.04153485399289068,29302.0,1.9693435140771567,1151016.0,8893.0,0.7726217533031687,4434.0,0.3852248795846452,9549.0,0.8296148793761338,67.0,0.005820944278793692,22502.0,1.954968480021129,47889.23046875,1736496.0,2.7578082799355714,1487.907,85.72774324318874
ADNI,ADNI-0736_S_PBEDFB5_CN_M_Accelerated_Sagittal_MPRAGE_(MSV21),0.0,1018.8848266601562,1596105.0,11048.0,0.6921850379517638,5030.0,0.31514217423039215,13121.0,0.822063711347311,4698.0,0.2943415376807917,28735.0,1.8003201543758087,1468860.0,10273.0,0.6993859183312229,4554.0,0.3100363547240717,11953.0,0.813760331141157,1137.0,0.0774069686695805,26362.0,1.7947251610092179,1185508.0,7440.0,0.6275790631526738,3553.0,0.29970274346524867,7702.0,0.6496792936024051,165.0,0.013918084061853653,18386.0,1.5508963246135834,30503.044921875,1777369.0,1.7161908934990426,1468.86,84.63032497339566
ADNI,ADNI-1010_S_P19A578_CN_F_Accelerated_Sagittal_MPRAGE,0.0,1017.9390869140625,1593645.0,11110.0,0.6971439687006831,4923.0,0.3089144696591775,13441.0,0.8434124287404032,4725.0,0.2964901217021357,29062.0,1.8236181834724796,1458625.0,10444.0,0.7160167966406719,4409.0,0.30227097437655326,12334.0,0.8455908818236354,1226.0,0.08405176107635616,26831.0,1.839472105578884,1127014.0,8044.0,0.7137444610271035,3244.0,0.2878402575300751,8218.0,0.7291834884038707,79.0,0.007009673349221926,19289.0,1.7115137877612878,27225.474609375,1767864.125,1.5400207642866786,1458.625,84.04062181849818
ADNI,ADNI-0454_S_P48B645_CN_F_Accelerated_Sag_IR-FSPGR_(MSV21),0.0,1014.593994140625,1594654.0,10924.0,0.6850388861784437,5210.0,0.32671664198001577,15396.0,0.9654758963386415,5123.0,0.32126091302564697,31053.0,1.9473189795403893,1448455.0,9906.0,0.6839011222302384,4800.0,0.33138758194075757,14389.0,0.9934033159469918,1239.0,0.08553941958845805,28629.0,1.976519809037906,1106866.0,5432.0,0.49075497847074534,3491.0,0.31539499812985494,9386.0,0.8479797915917554,214.0,0.01933386697215381,17954.0,1.6220572318600444,23238.990234375,1796565.125,1.293523397008778,1448.455,83.45466372516088
ADNI,ADNI-0381_S_PF4AABB_CN_M_MPRAGE,0.0,1015.538818359375,1594722.0,11044.0,0.6925344981758577,5234.0,0.32820767506813103,14606.0,0.9158963129623847,2926.0,0.1834802554928069,30413.0,1.9071035578614954,1448546.0,9821.0,0.6779902053507448,4599.0,0.3174907804101492,13060.0,0.9015937360636113,391.0,0.02699258428796876,27065.0,1.8684253037183494,1099576.0,7008.0,0.6373365733700991,3465.0,0.315121465001055,8146.0,0.7408310112261454,71.0,0.0064570343477849635,18325.0,1.6665514707487248,56394.109375,1749861.625,3.222775365166374,1448.546,83.45990681134512
ADNI,ADNI-0792_S_PE2EA56_CN_M_Accelerated_Sagittal_MPRAGE,0.0,1017.3916625976562,1592945.0,10743.0,0.6744112320262157,5054.0,0.31727397995536566,12533.0,0.7867817156273443,7686.0,0.4825025346135617,27870.0,1.74958959662763,1440401.0,8557.0,0.5940706789289927,4414.0,0.30644244206995136,11125.0,0.7723543652080219,790.0,0.054845838068704474,23686.0,1.6444031905004233,1192034.0,5129.0,0.43027296201282844,3558.0,0.2984814191541516,7438.0,0.6239754906319785,27.0,0.002265036064407559,15820.0,1.327143353293614,70401.609375,1716055.75,4.1025246047513315,1440.401,82.99062178969002
ADNI,ADNI-2038_S_P301B42_CN_M_Accelerated_Sagittal_MPRAGE_(MSV21),0.0,1023.8193969726562,1633113.0,11151.0,0.6828063949034757,5081.0,0.31112360259210475,13781.0,0.8438485273217469,3476.0,0.21284503889198114,29543.0,1.808999132331933,1509633.0,10598.0,0.7020249292377684,4760.0,0.31530842264311926,12738.0,0.8437812368966497,855.0,0.056636281798291374,27653.0,1.8317697082668436,1205025.0,6845.0,0.5680380075102177,3599.0,0.2986660027800253,8055.0,0.6684508620153109,169.0,0.014024605298645255,18177.0,1.5084334349909754,24611.580078125,1793827.25,1.3720150632188801,1509.633,86.97951566559252
ADNI,ADNI-1335_S_PF70AB9_CN_F_CS_Sagittal_MPRAGE_(MSV22),0.0,1012.8115234375,1646386.0,11224.0,0.6817356318627588,5302.0,0.32203869566432175,15562.0,0.9452218374062947,5096.0,0.30952644155137377,31611.0,1.920023615361161,1515995.0,10782.0,0.7112160660160489,4959.0,0.32711189680704755,14631.0,0.965108723973364,1264.0,0.08337758369915468,29898.0,1.9721700929092774,1179424.0,8285.0,0.7024615405486068,4321.0,0.3663652766095993,8834.0,0.7490096860840546,199.0,0.01687264291722061,21053.0,1.7850238760615353,30475.890625,1798480.5,1.6945355051111202,1515.995,87.34607076783557
ADNI,ADNI-1338_S_PCBE587_CN_F_CS_Sagittal_MPRAGE_(MSV22),0.0,1018.3145141601562,1640585.0,11249.0,0.6856700506221866,5198.0,0.31683820100756743,14746.0,0.8988257237509791,7132.0,0.4347229799126531,30727.0,1.8729294733281117,1513328.0,10845.0,0.716632481524164,4954.0,0.32735798187835025,13513.0,0.8929326623177527,1324.0,0.08748929511645856,28871.0,1.9077820538574586,1176136.0,8416.0,0.7155635062611807,4120.0,0.3502996252134107,7676.0,0.65264561241217,60.0,0.005101450852622485,19921.0,1.6937667072515423,32068.708984375,1777059.25,1.804594246611361,1513.328,87.19240801120523
ADNI,ADNI-1667_S_PADA5CB_CN_M_MPRAGE_Repeat,0.0,1016.3053588867188,1576156.0,10570.0,0.6706188981293729,5009.0,0.31779849202743893,13536.0,0.8587982407832727,5981.0,0.37946751463687606,28666.0,1.8187286030063015,1441633.0,9016.0,0.6254018879978469,4277.0,0.29667744842133886,12196.0,0.8459850738710892,562.0,0.03898356932728372,25090.0,1.740387463383538,1151752.0,6119.0,0.5312775666983864,3135.0,0.2721940139891227,8718.0,0.7569337843563545,93.0,0.008074654960442873,17656.0,1.5329689030277351,54340.9921875,1750865.375,3.1036647913321147,1441.633,83.06160511033815
ADNI,ADNI-1795_S_P210121_CN_F_Accelerated_Sagittal_MPRAGE_ND,0.0,1021.3162841796875,1596715.0,11102.0,0.695302543033666,5165.0,0.32347663797233694,14010.0,0.8774264662134444,4530.0,0.2837074869341116,29807.0,1.8667702125927295,1457626.0,10284.0,0.7055307740119894,4669.0,0.3203153621024872,12805.0,0.878483232324341,979.0,0.06716400503284108,27336.0,1.8753781834297687,1155899.0,6911.0,0.5978896080020832,3669.0,0.3174152759021333,8332.0,0.7208242242618084,154.0,0.013322963338492378,18598.0,1.6089641049953327,30198.576171875,1754538.875,1.7211688268733858,1457.626,83.98306310313495
ADNI,ADNI-0298_S_PDE84C7_CN_F_Accelerated_Sagittal_MPRAGE_ND,0.0,1021.0757446289062,1619112.0,10937.0,0.6754937274258976,5082.0,0.3138757541170716,14147.0,0.8737505496840244,3600.0,0.2223440997287402,29699.0,1.8342770605121819,1478726.0,10256.0,0.6935700055317888,4770.0,0.3225749733216296,12811.0,0.8663538748896009,1139.0,0.07702576406988178,27382.0,1.851729123583409,1140816.0,6327.0,0.554603020995498,3198.0,0.28032566163167416,7721.0,0.676796258116997,234.0,0.02051163377792738,16898.0,1.4812204597410976,21880.25390625,1802423.125,1.2139354851125759,1478.726,85.19876770189771
ADNI,ADNI-0167_S_P2B5F99_CN_M_Accelerated_Sagittal_MPRAGE,0.0,1017.9957275390625,1607040.0,11192.0,0.6964356829948228,5156.0,0.32083831142970926,14374.0,0.8944394663480685,9058.0,0.5636449621664675,30264.0,1.8832138590203107,1471354.0,10550.0,0.717026629893282,4421.0,0.30047153846049285,13170.0,0.8950939067009026,2597.0,0.17650409078984391,27779.0,1.8879888864270598,1142847.0,8185.0,0.7161938562204739,3365.0,0.29444011315600427,8824.0,0.7721068524483155,255.0,0.022312698025194973,20147.0,1.7628781455435418,24242.890625,1778851.125,1.3628397724964194,1471.354,84.77402010464277
ADNI,ADNI-0036_S_PA784DE_CN_M_Accelerated_Sagittal_MPRAGE_(MSV21),0.0,1016.6171875,1598986.0,10895.0,0.681369317805159,5003.0,0.31288579137028094,11974.0,0.7488495834234946,3553.0,0.2222033213549087,27428.0,1.7153370948838829,1473124.0,9852.0,0.6687828044346572,4601.0,0.3123294440929616,10860.0,0.7372088160942324,684.0,0.04643193648328315,24899.0,1.6902175241188113,1163315.0,5262.0,0.4523280452843813,3006.0,0.2583994876710091,6275.0,0.5394067814822296,54.0,0.0046419069641498644,14277.0,1.227268624577178,34290.71484375,1737904.625,1.9731068293664273,1473.124,84.87600101174279
ADNI,ADNI-0742_S_P5D78F5_CN_M_Accelerated_Sagittal_MPRAGE_(MSV21),0.0,1018.3172607421875,1613401.0,11199.0,0.6941237795191648,5156.0,0.31957337326554275,12822.0,0.7947187339043424,6563.0,0.40678045941461544,28708.0,1.7793468579726925,1494243.0,10574.0,0.7076492913133942,4722.0,0.31601285734649587,11845.0,0.7927090841315636,1789.0,0.11972617572911502,26697.0,1.7866571902963573,1162140.0,7338.0,0.6314213433837575,3537.0,0.304352315555785,7472.0,0.6429517958249437,294.0,0.025298156848572464,18017.0,1.5503295644242518,23933.478515625,1769778.75,1.352342970307729,1494.243,86.09280032080774
ADNI,ADNI-1188_S_P48B597_CN_M_Accelerated_Sagittal_MPRAGE_(MSV21),0.0,1027.9541015625,1615474.0,11228.0,0.695028208439133,5257.0,0.3254153270185716,14178.0,0.8776371516966537,9811.0,0.6073140143388256,30190.0,1.8688013548964575,1502468.0,10737.0,0.7146242049747482,4858.0,0.3233346733507802,12906.0,0.8589866805815497,1262.0,0.08399513334061025,28055.0,1.8672610664586535,1204209.0,8363.0,0.6944807753471366,3930.0,0.32635530875454344,8105.0,0.6730559230166857,128.0,0.01062938410192915,20106.0,1.6696437246358398,29654.78515625,1787155.5,1.6593287576962386,1502.468,86.56669464899842
ADNI,ADNI-0491_S_P18E89E_CN_M_Accelerated_Sagittal_MPRAGE_(MSV21),0.0,1016.955078125,1612230.0,11238.0,0.697046947395843,5261.0,0.32631820521885835,14287.0,0.8861638848055178,9822.0,0.6092182877132916,30310.0,1.8800047139676102,1487308.0,10883.0,0.7317246999276545,4849.0,0.3260252751951848,13346.0,0.8973259069405933,2466.0,0.16580291372062814,28628.0,1.9248198759100337,1207305.0,8292.0,0.6868189894020152,3931.0,0.3256012358103379,9823.0,0.8136303585258076,253.0,0.02095576511320669,21692.0,1.796729078401895,27358.158203125,1768691.875,1.5468018251129807,1487.308,85.69323106050348
ADNI,ADNI-1349_S_P5833E2_CN_F_Accelerated_Sagittal_MPRAGE_(MSV21),0.0,1016.48583984375,1600237.0,11054.0,0.6907726792968791,5290.0,0.33057603342504893,14671.0,0.9168016987483729,3014.0,0.1883471010856517,30539.0,1.9084048175364026,1465847.0,9650.0,0.6583224579372882,4648.0,0.3170862989111415,13338.0,0.9099176107738394,377.0,0.025718918823042242,27218.0,1.856810431102291,1138409.0,5706.0,0.5012258335975911,3334.0,0.29286486666918476,6908.0,0.6068117873277531,48.0,0.004216410797876686,15719.0,1.3807866944129923,47672.06640625,1757581.5,2.7123673301209643,1465.847,84.45672696599887
ADNI,ADNI-0323_S_P392573_CN_M_Accelerated_Sagittal_MPRAGE_(MSV21),0.0,1022.0068359375,1604206.0,10451.0,0.651474935263925,5085.0,0.3169792408206926,13703.0,0.854192042667837,2606.0,0.16244796491223695,28781.0,1.7940962694317313,1463310.0,8476.0,0.5792347486178595,4236.0,0.2894806978698977,12127.0,0.8287375880708804,751.0,0.051322002856537575,24467.0,1.6720312168986748,1158433.0,5571.0,0.4809082614186578,3186.0,0.27502669554475745,7952.0,0.6864445332617424,58.0,0.005006763446828604,16468.0,1.4215755248685078,60400.875,1731145.125,3.489070565357714,1463.31,84.31055433248888
ADNI,ADNI-0236_S_P6B2394_CN_F_Accelerated_Sagittal_MPRAGE_(MSV21),0.0,1014.564208984375,1594813.0,10971.0,0.6879176430089295,4981.0,0.3123250186699005,13300.0,0.8339535732402483,3850.0,0.24140761330638766,28801.0,1.80591705736033,1451490.0,9945.0,0.6851580100448504,4317.0,0.2974185147675837,11944.0,0.8228785592735741,1138.0,0.07840219360794769,25796.0,1.7772082480761147,1141093.0,6784.0,0.5945177124038094,3431.0,0.30067663196601857,7475.0,0.6550736881218271,150.0,0.013145291400438002,17437.0,1.5280963076629162,29456.26171875,1777227.75,1.6574275142142023,1451.49,83.62952929185495
ADNI,ADNI-1029_S_P33E311_CN_M_Accelerated_Sagittal_MPRAGE_(MSV21),0.0,1017.9000244140625,1609711.0,11007.0,0.6837873382240663,5007.0,0.3110496231932316,13986.0,0.8688516137368757,4630.0,0.28762927009879413,29548.0,1.8356090006218506,1480589.0,10064.0,0.679729486035625,4561.0,0.3080530788760419,12911.0,0.8720178253384294,1189.0,0.08030587826871603,27130.0,1.8323788708412665,1175624.0,6229.0,0.5298462773812035,2898.0,0.24650738671548045,8660.0,0.7366300790048519,199.0,0.01692718079930318,17534.0,1.4914632569597082,30036.234375,1773956.125,1.6931779738915471,1480.589,85.30610692784533
ADNI,ADNI-0638_S_P25F12C_CN_M_Accelerated_Sagittal_MPRAGE_(MSV22),0.0,1031.205810546875,1581954.0,11123.0,0.7031177897713841,5210.0,0.3293395383178019,13556.0,0.8569149292583728,7523.0,0.47555112221973583,29428.0,1.860231081308306,1458496.0,10517.0,0.7210852823730747,4589.0,0.31463918996006845,12358.0,0.8473112027732679,856.0,0.05869059634033964,27083.0,1.856912874632498,1180398.0,7862.0,0.6660465368460469,3523.0,0.29845865547044304,7713.0,0.6534236757432662,15.0,0.0012707578291389853,18829.0,1.5951399443238634,49504.265625,1773621.625,2.7911401692004065,1458.496,84.03318931170955
ADNI,ADNI-0494_S_P36F1B9_CN_F_Accelerated_Sagittal_MPRAGE_(MSV21),0.0,1021.51220703125,1648081.0,11237.0,0.6818232841711056,5235.0,0.31764215472419133,13706.0,0.8316338820725439,8791.0,0.5334082487450555,29709.0,1.8026419817957977,1532427.0,10910.0,0.7119425590909062,4929.0,0.32164664287434247,12177.0,0.7946218645325357,2426.0,0.15831096685192833,27574.0,1.7993679307399308,1187242.0,7708.0,0.6492357918604631,4021.0,0.33868410989503406,7299.0,0.6147862019706176,297.0,0.025015961362552876,18731.0,1.5776901423635619,22367.587890625,1782586.5,1.254782749147096,1532.427,88.29282233024645
ADNI,ADNI-0490_S_P788FAF_CN_F_Accelerated_Sagittal_MPRAGE_(MSV21),0.0,1021.823974609375,1593649.0,11158.0,0.7001541744763119,5199.0,0.3262324388871075,13378.0,0.8394571201061213,4685.0,0.29397941453858406,29263.0,1.836226170254554,1455611.0,10475.0,0.719629076724482,4713.0,0.32378155977112016,12414.0,0.8528377430508562,1019.0,0.07000496698637206,27177.0,1.8670510184383051,1135937.0,8039.0,0.707697698023746,3577.0,0.31489422388741634,7739.0,0.6812877826851313,167.0,0.014701519538495533,19072.0,1.6789663511268669,32807.65234375,1767208.75,1.8564672873960137,1455.611,83.86696619476972
ADNI,ADNI-1342_S_PCCA664_CN_F_CS_Sagittal_MPRAGE_(MSV22),0.0,1023.1004638671875,1662987.0,11193.0,0.6730659951039906,5249.0,0.31563686306627775,15153.0,0.9111917290995059,1821.0,0.10950175798127104,31120.0,1.8713315257425343,1534598.0,10109.0,0.6587392919839593,4706.0,0.3066601155481762,13733.0,0.8948923431413309,349.0,0.02274211226653495,28132.0,1.8331836741609202,1206788.0,7270.0,0.6024256124522285,3648.0,0.3022900459732778,7255.0,0.6011826435131937,13.0,0.0010772397471635448,17882.0,1.4817847045214239,36975.2890625,1729039.0,2.138487857272161,1534.598,88.4179073863561
ADNI,ADNI-1034_S_P3FA537_CN_M_Accelerated_Sagittal_MPRAGE_(MSV21),0.0,1014.2021484375,1620971.0,11131.0,0.6866871770068681,5152.0,0.3178341870397435,14190.0,0.8754012255617158,3584.0,0.2211020431580824,30001.0,1.8508042401745621,1499365.0,10176.0,0.6786873109616404,4733.0,0.31566696568213876,13077.0,0.8721692183024148,700.0,0.04668643058894932,27539.0,1.8367108742701077,1203466.0,6970.0,0.5791605246845362,3480.0,0.28916479568180575,8832.0,0.7338803090407208,145.0,0.012048533153408572,18971.0,1.5763636031263035,37476.47265625,1768319.125,2.1193274520655314,1499.365,86.3879111717491
ADNI,ADNI-1035_S_P0D5D09_CN_M_Accelerated_Sagittal_MPRAGE_(MSV21),0.0,1020.5362548828125,1609034.0,11228.0,0.6978099903420313,5197.0,0.3229888243505109,14166.0,0.8804040188088008,11142.0,0.692465168542119,30118.0,1.8718063136018255,1482139.0,10924.0,0.7370428819429218,4814.0,0.32480084526485037,13292.0,0.8968119724263378,1097.0,0.07401465044776502,28594.0,1.9292387556092916,1188796.0,8578.0,0.7215703955935249,3766.0,0.3167911062957816,9624.0,0.8095585785954866,47.0,0.003953579924562331,21662.0,1.8221797516142384,47440.91796875,1733556.75,2.736623301703276,1482.139,85.39541224197245
ADNI,ADNI-1592_S_P82089B_CN_M_Accelerated_Sagittal_MPRAGE_(MSV21),0.0,1018.958984375,1608815.0,11251.0,0.6993346034192869,5310.0,0.3300565944499523,14812.0,0.9206776416182098,5372.0,0.33391036259607226,30900.0,1.920668317985598,1477345.0,10809.0,0.7316503592593471,5114.0,0.34616152625148494,13920.0,0.9422308262457314,920.0,0.06227387644727535,29376.0,1.9884319505599573,1144614.0,8628.0,0.7537912344248804,4374.0,0.3821375590373698,8647.0,0.7554511826694414,143.0,0.012493294682748944,21275.0,1.8587052054229634,35002.1171875,1801183.25,1.9432846262311176,1477.345,85.11919954782702
ADNI,ADNI-0633_S_PC654CB_CN_M_Accelerated_Sagittal_MPRAGE_(MSV22),0.0,1015.0308227539062,1629603.0,10601.0,0.6505265392859487,4913.0,0.3014844719848945,14353.0,0.88076666525528,3000.0,0.18409391735287675,29404.0,1.8043658486146628,1502015.0,8991.0,0.598595886192881,3989.0,0.265576575466956,12210.0,0.8129079935952703,492.0,0.032755997776320475,24807.0,1.6515813756853293,1199619.0,6142.0,0.5119958920290525,3219.0,0.26833519642486486,7254.0,0.6046919897067319,87.0,0.007252302606077429,16345.0,1.3625159321417883,50326.078125,1759334.5,2.8605178904295916,1502.015,86.54059445074063
ADNI,ADNI-1192_S_PA90059_CN_M_Accelerated_Sagittal_MPRAGE_(MSV21),0.0,1021.9947509765625,1630503.0,11174.0,0.6853099932965471,5129.0,0.3145655052459272,14780.0,0.9064687400145846,6688.0,0.4101801713949622,30631.0,1.8786227317582367,1512621.0,10374.0,0.6858294311661678,4652.0,0.3075456442823417,13610.0,0.8997627297254236,1453.0,0.0960584310279971,28227.0,1.866098645992618,1174934.0,6770.0,0.5762025781873705,3245.0,0.27618572617695974,7973.0,0.6785913081075192,199.0,0.01693712157448844,17688.0,1.5054462633645804,21617.98828125,1764289.75,1.2253082738393735,1512.621,87.15167326469691
ADNI,ADNI-1039_S_PED2F66_CN_M_Accelerated_Sagittal_MPRAGE_(MSV21),0.0,1015.220458984375,1597973.0,11233.0,0.7029530536498426,5202.0,0.32553741521289786,12644.0,0.7912524179069359,9401.0,0.5883078124599102,28609.0,1.7903306251106872,1466235.0,10721.0,0.7311924759673585,4707.0,0.3210263020593561,10933.0,0.7456512769099086,1983.0,0.13524435032583454,25916.0,1.7675202133355157,1145957.0,8277.0,0.722278410097412,3687.0,0.32173982095314224,7294.0,0.6364985771717439,202.0,0.01762718845471514,18946.0,1.6532906557575895,28035.572265625,1766685.125,1.5869026047086348,1466.235,84.4790821026965
ADNI,ADNI-0814_S_P837C07_CN_M_Accelerated_Sagittal_MPRAGE_(MSV21),0.0,1018.8134765625,1569838.0,11146.0,0.7100095678662384,5289.0,0.3369137452399547,13923.0,0.8869068018483436,8345.0,0.5315835137128799,29885.0,1.9036996174127523,1432447.0,10269.0,0.71688516224335,4862.0,0.33941918968031626,12773.0,0.8916909316714685,1067.0,0.07448792171717349,27477.0,1.9181861527861066,1161096.0,7364.0,0.6342283497660831,3785.0,0.3259851037295797,8773.0,0.7555792113658131,143.0,0.01231594975781503,19621.0,1.689868882504117,45527.22265625,1756427.875,2.5920348512033264,1432.447,82.53234148738865
ADNI,ADNI-1040_S_PB8AEC4_CN_F_Accelerated_Sagittal_MPRAGE_(MSV21),0.0,1009.9046630859375,1601328.0,11084.0,0.692175494339698,5043.0,0.3149261113275981,13601.0,0.8493575332474046,4202.0,0.2624072020223215,29257.0,1.8270460517770248,1467973.0,10517.0,0.7164300705803173,4692.0,0.31962440726089647,12329.0,0.8398655833588221,1325.0,0.09026051569068368,27097.0,1.8458786367324194,1136031.0,7550.0,0.6645945401137822,3743.0,0.32948044551601147,7687.0,0.6766540701794229,193.0,0.016988973012180126,18651.0,1.6417685784982978,23400.4765625,1796111.25,1.3028411554406778,1467.973,84.57921928718227
ADNI,ADNI-1042_S_PED3A60_CN_F_Accelerated_Sagittal_MPRAGE_(MSV21),0.0,1017.6838989257812,1612795.0,11148.0,0.6912223810217666,5141.0,0.31876338902340345,14151.0,0.8774208749407085,4025.0,0.2495667459286518,29985.0,1.859194751967857,1479933.0,10369.0,0.7006398262624052,4613.0,0.311703300081828,12812.0,0.8657148668216738,901.0,0.06088113448379082,27398.0,1.8513000250687024,1159972.0,7512.0,0.6476018386650713,3482.0,0.30017965950902264,7790.0,0.6715679343984166,59.0,0.0050863296700265175,18560.0,1.6000386216219014,32239.3359375,1759549.625,1.8322493142243717,1479.933,85.26831061425348
ADNI,ADNI-1456_S_P24037A_CN_M_CS_Sagittal_MPRAGE_(MSV22),0.0,1018.9967041015625,1601265.0,11178.0,0.6980730859664078,5193.0,0.3243060954932507,14888.0,0.9297649046222829,2380.0,0.14863248743961804,30792.0,1.9229796442187894,1452675.0,10405.0,0.7162648217942761,4692.0,0.32299034539728433,13698.0,0.9429500748618928,490.0,0.03373087579809662,28382.0,1.9537749324522002,1117705.0,8027.0,0.7181680318151927,3704.0,0.33139334618705296,9025.0,0.8074581396701277,28.0,0.0025051332865111994,20469.0,1.8313419014856336,40082.40234375,1758348.0,2.279548891559009,1452.675,83.69780464491343
ADNI,ADNI-1298_S_P275ECE_CN_M_Accelerated_Sagittal_MPRAGE_(MSV22),0.0,1011.2791748046875,1591810.0,10876.0,0.6832473724879226,5136.0,0.3226515727379524,13624.0,0.8558810410790232,4079.0,0.25624917546692133,29169.0,1.8324423140952752,1456587.0,9522.0,0.6537199631741873,4344.0,0.29823141357158894,12598.0,0.8648985608137378,477.0,0.03274778643500182,26043.0,1.7879467549827097,1169573.0,6536.0,0.5588364300475472,3381.0,0.2890798607696997,8082.0,0.6910214240581819,21.0,0.001795527085526085,17684.0,1.5120048085925377,54801.00390625,1777498.125,3.083041446597869,1456.587,83.92319973450394
ADNI,ADNI-1594_S_PDB9117_CN_F_CS_Sagittal_MPRAGE_(MSV22),0.0,1019.2222900390625,1644973.0,11228.0,0.6825643946739551,5309.0,0.3227408595764186,14333.0,0.8713212922035801,10404.0,0.6324723870847728,30395.0,1.8477506925645588,1524110.0,10752.0,0.7054608919303724,5018.0,0.3292413277256891,12910.0,0.8470517219885704,2934.0,0.19250579026448222,28225.0,1.8519004533793495,1183745.0,8301.0,0.7012490021077175,3791.0,0.32025478460310286,7597.0,0.6417767340094362,442.0,0.0373391228685232,19379.0,1.6370924481201612,18067.5078125,1797822.25,1.0049663036765732,1524.11,87.81362729953982
ADNI,ADNI-0248_S_P951D03_CN_F_Accelerated_Sagittal_MPRAGE_(MSV21),0.0,1018.7073974609375,1591452.0,10868.0,0.6828983846198314,4967.0,0.3121049205379741,14054.0,0.8830929239461824,4867.0,0.3058213505653956,29445.0,1.8501971784257394,1440356.0,9699.0,0.6733751933549761,4325.0,0.300272988066839,12484.0,0.8667301694858772,1187.0,0.08241018192724577,26108.0,1.8126074387165396,1145309.0,6484.0,0.5661354272078539,3439.0,0.300268311870421,7637.0,0.6668069490416997,57.0,0.0049768228486810106,17275.0,1.5083265738765697,31363.9765625,1797730.5,1.744642846216382,1440.356,82.98802905476374
ADNI,ADNI-0979_S_P5A257D_CN_M_Accelerated_Sagittal_MPRAGE_(MSV21),0.0,1014.5504150390625,1594660.0,11119.0,0.6972646206714911,5047.0,0.3164937980509952,12899.0,0.8088871608995021,4841.0,0.30357568384483213,28615.0,1.7944263981036708,1462135.0,10482.0,0.7168968665684086,4586.0,0.3136509282658578,11510.0,0.7872050118491112,1468.0,0.10040112575104214,26180.0,1.7905323379852067,1123850.0,7344.0,0.6534679895003782,3489.0,0.3104506829203186,6801.0,0.6051519330871558,352.0,0.03132090581483294,17371.0,1.5456689059927926,24777.78515625,1787274.875,1.3863444007878196,1462.135,84.24285514274735
ADNI,ADNI-0284_S_P494AA6_CN_F_Accelerated_Sagittal_MPRAGE_(MSV21),0.0,1020.5081176757812,1611932.0,11210.0,0.6954387654069775,5161.0,0.3201747964554336,13428.0,0.8330376219344241,6402.0,0.397163155765876,29336.0,1.8199278877769038,1475026.0,10609.0,0.7192415591318391,4279.0,0.29009658134839655,11812.0,0.8007994435352326,1280.0,0.08677813136853181,26319.0,1.7843075308503036,1162395.0,7060.0,0.6073666868835464,3221.0,0.27710029723114776,7330.0,0.6305945913394329,122.0,0.010495571643030123,17352.0,1.4927799930316286,30946.00390625,1768804.25,1.7495437330756074,1475.026,84.98558727462651
ADNI,ADNI-0407_S_PDD8341_CN_M_Sagittal_3D_Accelerated_MPRAGE_(MSV21),0.0,1015.7151489257812,1583473.0,11194.0,0.7069271152713055,5271.0,0.3328758999995579,14515.0,0.9166559833985171,5906.0,0.3729776257631169,30507.0,1.9265879493998317,1450875.0,10360.0,0.7140518652537262,4777.0,0.329249590764194,13262.0,0.9140690962350305,1008.0,0.06947531661928147,27966.0,1.9275264926337556,1147129.0,7543.0,0.6575546429390243,3965.0,0.3456455202509918,8787.0,0.7659992904023871,93.0,0.00810719631357938,19966.0,1.7405191569561922,39838.1328125,1780229.75,2.2378085082838326,1450.875,83.59409524786258
ADNI,ADNI-1151_S_P8D9A64_CN_F_Accelerated_Sagittal_MPRAGE_(MSV21),0.0,1017.0802001953125,1622698.0,11132.0,0.6860179774671565,5196.0,0.32020745696364944,13922.0,0.8579538521647282,3267.0,0.20133136295231768,29775.0,1.8349070498638689,1496786.0,10424.0,0.6964255411261197,4889.0,0.3266331994019185,12797.0,0.8549652388517798,857.0,0.057256013885752535,27653.0,1.8474918926286055,1162668.0,7070.0,0.6080841650410952,3443.0,0.29612924755820236,8202.0,0.7054464387082124,214.0,0.018405942195020418,18377.0,1.580588783728459,33631.234375,1795997.375,1.872565898098821,1496.786,86.2393186523079
ADNI,ADNI-1278_S_PADE190_CN_M_HS_Sagittal_MPRAGE_(MSV22),0.0,1021.3170776367188,1617216.0,10998.0,0.6800575804345246,5200.0,0.32154022715580355,14505.0,0.8969117297874866,8223.0,0.5084664015196485,30249.0,1.8704366021607504,1488831.0,10066.0,0.6761009140728531,4695.0,0.31534808181721097,13170.0,0.8845866320623362,1065.0,0.071532631977706,27532.0,1.8492360785072315,1173808.0,7415.0,0.631704674018238,3855.0,0.3284182762427927,8338.0,0.7103376361381077,138.0,0.011756607554216704,19341.0,1.6477141065659802,24465.611328125,1775112.375,1.37825704291679,1488.831,85.78098073367485
ADNI,ADNI-1279_S_PC069DA_CN_M_HS_Sagittal_MPRAGE_(MSV22),0.0,1021.1287841796875,1604708.0,11220.0,0.6991926256988811,5302.0,0.3304027897910399,15060.0,0.9384884975958243,9691.0,0.6039104933732492,31108.0,1.9385458288984663,1502775.0,10824.0,0.7202675051155363,5055.0,0.33637770125268257,13803.0,0.9185007735688975,1664.0,0.11072848563490877,29234.0,1.9453344645738717,1264545.0,8230.0,0.6508269772922276,4185.0,0.33094907654531863,9934.0,0.7855790027243001,75.0,0.005930987034862342,21997.0,1.739518957411559,33962.96484375,1776677.0,1.9116004115407585,1502.775,86.58438286282876
ADNI,ADNI-0752_S_P584A3D_CN_F_Accelerated_Sagittal_MPRAGE_(MSV21),0.0,1021.4776611328125,1607798.0,11061.0,0.6879595571085423,5142.0,0.3198162953306323,14168.0,0.881205226029638,4584.0,0.2851104429785334,29902.0,1.8598107473700054,1485154.0,10198.0,0.6866627972587355,4710.0,0.3171388287005927,13038.0,0.8778887576641884,925.0,0.062283103301071806,27518.0,1.852871823393399,1195062.0,6407.0,0.5361228120382039,3288.0,0.27513216887492026,8133.0,0.6805504651641505,114.0,0.009539254030334829,17599.0,1.4726432603496722,32156.982421875,1763621.5,1.8233494217367503,1485.154,85.56912548203263
ADNI,ADNI-0151_S_P7E0B1C_CN_F_Accelerated_Sagittal_MPRAGE_(MSV21),0.0,1017.3533325195312,1639518.0,11150.0,0.6800779253414723,5111.0,0.3117379620107861,14200.0,0.8661082098519198,4577.0,0.2791674138374815,29997.0,1.8296230965442282,1511822.0,10581.0,0.6998839810506793,4778.0,0.3160424970664536,12833.0,0.8488433162105062,1303.0,0.08618739507693367,27751.0,1.8355996936147245,1167145.0,7271.0,0.6229731524360727,3757.0,0.32189659382510316,7487.0,0.6414798504041914,151.0,0.012937552746231188,18158.0,1.5557621375236153,26826.50390625,1770568.375,1.5151351557518924,1511.822,87.10563781567268
ADNI,ADNI-2047_S_P5F8544_CN_M_Accelerated_Sagittal_MPRAGE_(MSV21),0.0,1022.4649658203125,1618411.0,11033.0,0.6817180555495483,4991.0,0.3083889073912621,13042.0,0.8058521599272372,6542.0,0.4042236489989255,28614.0,1.7680304941081095,1483356.0,10485.0,0.7068431313858574,4585.0,0.3090964003246692,12019.0,0.8102572814617663,2052.0,0.1383349647690777,26664.0,1.7975455655958514,1150086.0,7025.0,0.6108238862137266,3570.0,0.3104115692217799,7782.0,0.6766450508918463,396.0,0.03443220767838231,18085.0,1.5724911006655153,18192.59375,1774549.5,1.025195056548155,1483.356,85.46553131764517
ADNI,ADNI-0085_S_PADD6F2_CN_M_Accelerated_Sagittal_MPRAGE_(MSV21),0.0,1015.316650390625,1617794.0,11166.0,0.6901991230032996,5117.0,0.31629490528460363,13691.0,0.8462758546514574,10845.0,0.670357288999712,29529.0,1.825263290629091,1502741.0,10571.0,0.7034478995382438,4645.0,0.3091018345809424,12187.0,0.8109847272417536,4330.0,0.2881401385867558,27048.0,1.7999109627008247,1182278.0,8185.0,0.6923075621808068,3427.0,0.28986414362781004,7655.0,0.6474788501519948,797.0,0.06741223299427038,19072.0,1.61315697323303,15708.078125,1758013.5,0.8935129408846973,1502.741,86.58242390755115
ADNI,ADNI-1998_S_PB39E65_CN_F_Accelerated_Sagittal_MPRAGE_(MSV21),0.0,1021.1279296875,1594386.0,10120.0,0.6347270987075903,4823.0,0.3024988929907814,12829.0,0.804635765743051,3807.0,0.2387753028438534,27338.0,1.7146412474770851,1463097.0,7784.0,0.5320221420726036,3870.0,0.26450741133363,11091.0,0.7580495346514962,491.0,0.0335589506369024,22438.0,1.5335962003886277,1167692.0,5190.0,0.44446652028103295,3072.0,0.26308307327617214,7492.0,0.6416075471956646,99.0,0.008478263103626642,15557.0,1.3322862535668654,57891.90234375,1748508.5,3.310930564177984,1463.097,84.29828205383785
ADNI,ADNI-0920_S_PC84B90_CN_F_Accelerated_Sagittal_MPRAGE_(MSV21),0.0,1020.9964599609375,1592337.0,10898.0,0.6844028619569852,5048.0,0.3170183196145037,13185.0,0.8280282377411314,3710.0,0.23299088069924898,28669.0,1.8004354605840347,1445080.0,9454.0,0.654219835580037,4356.0,0.3014365986658178,11484.0,0.7946964873917014,844.0,0.058405070999529435,24892.0,1.7225343925595815,1158916.0,6022.0,0.5196235102457815,3130.0,0.27007997128350975,7281.0,0.6282595114745158,139.0,0.011993966775849156,16157.0,1.3941476345136317,42837.69921875,1763321.375,2.4293755991445405,1445.08,83.26020860569054
ADNI,ADNI-2015_S_P95CD2E_CN_F_Accelerated_Sagittal_MPRAGE_(MSV21),0.0,1014.954345703125,1656266.0,11214.0,0.6770651574082907,5314.0,0.3208421835623022,15263.0,0.9215307203070039,4511.0,0.2723596330541109,31318.0,1.8908798465946897,1527003.0,10701.0,0.7007844778301026,5139.0,0.3365415785037751,14215.0,0.9309084527011408,925.0,0.06057617437555787,29596.0,1.9381756289935252,1174029.0,7996.0,0.6810734658172839,4154.0,0.3538243092802648,8654.0,0.7371197815386161,112.0,0.009539798420652302,20446.0,1.7415242723987225,23622.890625,1768559.75,1.335713459779914,1527.003,87.98031134713321
ADNI,ADNI-0482_S_PD5ED61_CN_M_Accelerated_Sag_IR-FSPGR_(MSV21),0.0,1016.297607421875,1593907.0,10875.0,0.6822857293430545,5132.0,0.321976125332281,13009.0,0.8161705795883951,2282.0,0.14317021005617014,28552.0,1.791321576478427,1435735.0,9744.0,0.678676775310207,4672.0,0.32540824037862137,11438.0,0.7966651227420102,318.0,0.022148934169606508,25440.0,1.7719147335685206,1074219.0,5592.0,0.5205642424868673,2860.0,0.2662399380387053,6013.0,0.5597555060932641,16.0,0.0014894541988179318,14238.0,1.325428055173107,35967.375,1781339.375,2.019119742412925,1435.735,82.72178398600154
ADNI,ADNI-1048_S_P519F0F_CN_M_Accelerated_Sagittal_MPRAGE_(MSV21),0.0,1017.6383666992188,1575217.0,11146.0,0.7075850501867362,5134.0,0.3259233489735065,13294.0,0.8439472148916626,6964.0,0.4420978189036812,29113.0,1.8481898049602055,1433832.0,10283.0,0.7171690965189785,4630.0,0.3229109128545046,12111.0,0.8446596253954438,1013.0,0.07064983903274581,26597.0,1.854959297881481,1124599.0,7777.0,0.691535382834237,3594.0,0.3195805793887421,7938.0,0.7058515968803103,137.0,0.01218212002678288,19014.0,1.6907359867828444,40515.62890625,1766319.0,2.293788885600506,1433.832,82.61214010678611
ADNI,ADNI-1050_S_P03BAD5_CN_M_Accelerated_Sagittal_MPRAGE_(MSV21),0.0,1029.533447265625,1592066.0,11107.0,0.6976469568472664,5119.0,0.3215318962907317,14092.0,0.8851391839283044,5996.0,0.3766175522874052,29856.0,1.875299139608534,1453667.0,9900.0,0.6810363033624619,4462.0,0.3069478773336672,12883.0,0.886241484466525,1387.0,0.09541387401653886,26855.0,1.8473969623029207,1176615.0,6880.0,0.5847282246104291,3271.0,0.27800087539254553,9057.0,0.769750513124514,102.0,0.008668935888119733,18945.0,1.6101273568669443,25582.32421875,1786571.375,1.4319228762270975,1453.667,83.75496004595479
ADNI,ADNI-1343_S_P736740_CN_F_CS_Sagittal_MPRAGE_(MSV22),0.0,1022.1097412109375,1627634.0,11184.0,0.6871323651385999,5230.0,0.3213253102355935,14402.0,0.8848426611879574,6855.0,0.42116348024187256,30349.0,1.8646083824741926,1494868.0,10687.0,0.7149126210474771,4898.0,0.3276543480762181,13001.0,0.8697088973742164,2224.0,0.14877567785249265,28155.0,1.8834438893601309,1164406.0,8424.0,0.7234589996959824,3872.0,0.3325300625383243,7874.0,0.6762246158126977,269.0,0.023101907753824695,19885.0,1.707737679125666,17943.40234375,1822893.125,0.9843364977170562,1494.868,86.12881052811706
ADNI,ADNI-0500_S_PCA1501_CN_F_Accelerated_Sagittal_MPRAGE_(MSV21),0.0,1015.9939575195312,1641881.0,11214.0,0.6829971234212467,5271.0,0.3210342284245935,14645.0,0.8919647648032957,6446.0,0.3925984891718705,30656.0,1.8671267893349153,1518182.0,10648.0,0.7013651854652472,4908.0,0.3232813984094134,13303.0,0.8762454040424666,1535.0,0.10110777232242249,28423.0,1.8721734284822242,1165667.0,7919.0,0.6793535375025629,3662.0,0.31415490015587644,8547.0,0.733228271882107,272.0,0.02333427985865603,19815.0,1.6998851301443723,25712.466796875,1758641.5,1.4620641442201268,1518.182,87.47207768525234
ADNI,ADNI-2016_S_PFD0602_CN_F_Accelerated_Sagittal_MPRAGE_(MSV21),0.0,1015.4012451171875,1649339.0,11157.0,0.6764528092769285,5160.0,0.31285260337626164,14375.0,0.8715612739406514,6814.0,0.41313520143524163,30225.0,1.8325523133812998,1524326.0,10497.0,0.688632221716352,4808.0,0.31541809298011053,13082.0,0.8582153686284955,2247.0,0.14740941242227712,27962.0,1.8343845083007178,1177405.0,8052.0,0.6838768308271156,3581.0,0.30414343407748395,8400.0,0.7134333555573487,458.0,0.03889910438634115,19785.0,1.6803903499645407,18811.54296875,1796474.375,1.047136726831965,1524.326,87.82607242718592
ADNI,ADNI-0287_S_P74E760_CN_F_Accelerated_Sagittal_MPRAGE_(MSV21),0.0,1031.927001953125,1619629.0,11201.0,0.6915781330168823,5144.0,0.31760359934281246,14220.0,0.8779788457727047,7554.0,0.4664031083661752,30105.0,1.858759012094745,1504252.0,10567.0,0.7024753831139995,4729.0,0.3143755168681843,13075.0,0.869202766557731,1967.0,0.13076266476627585,27943.0,1.8576009870686563,1196318.0,6976.0,0.5831225476838098,3397.0,0.28395460069981393,7713.0,0.644728241153272,308.0,0.025745662942461788,17793.0,1.4873135738156578,20030.07421875,1794486.5,1.1162008863677715,1504.252,86.66948218474217
ADNI,ADNI-1389_S_PE8FDF4_CN_M_Accelerated_Sagittal_MPRAGE_(MSV21),0.0,1028.68896484375,1593205.0,10658.0,0.6689660150451449,5011.0,0.31452324088864897,13577.0,0.8521816087697439,2648.0,0.1662058554925449,28787.0,1.806861012864007,1457782.0,9010.0,0.6180622342709678,4464.0,0.3062186252814207,12452.0,0.8541743552876905,529.0,0.03628800465364506,25525.0,1.7509476725600948,1149848.0,5977.0,0.5198078354704274,3356.0,0.2918646638512221,7705.0,0.6700885682281484,62.0,0.005392017031816379,16803.0,1.461323583638881,47342.53515625,1747766.5,2.7087448555771036,1457.782,83.99205125087937
ADNI,ADNI-1055_S_P366316_CN_M_Accelerated_Sagittal_MPRAGE_(MSV21),0.0,1020.9710693359375,1585042.0,11199.0,0.7065427919260183,5273.0,0.3326725727141615,13557.0,0.8553085659559809,8341.0,0.5262321124613732,29554.0,1.8645562704332126,1454313.0,10238.0,0.7039750040053275,4768.0,0.3278523949108617,12313.0,0.8466540559013087,1231.0,0.08464477729347122,26893.0,1.849189273560781,1151864.0,7386.0,0.6412215330976574,3819.0,0.33154955793392277,8352.0,0.7250856003833785,81.0,0.007032080176131905,19283.0,1.6740691609426113,34429.71875,1774746.875,1.9399791167402394,1454.313,83.79218019622971
ADNI,ADNI-0286_S_PE822CC_CN_M_Accelerated_Sagittal_MPRAGE_(MSV21),0.0,1027.9200439453125,1610624.0,11075.0,0.6876216919653501,5073.0,0.3149710919494556,14376.0,0.8925733132003497,4223.0,0.2621965151394739,30069.0,1.8669161765874593,1479663.0,10118.0,0.6838043527478892,4520.0,0.3054749628800612,13221.0,0.893514266424179,1296.0,0.08758751148065472,27456.0,1.8555576506272036,1171813.0,6691.0,0.5709955428041846,3077.0,0.2625845591404089,8311.0,0.7092428570087548,105.0,0.008960474068814733,17861.0,1.5242193080295234,25180.75390625,1770869.875,1.421942643089459,1479.663,85.25275420469585
ADNI,ADNI-1282_S_PC3F1F2_CN_M_Accelerated_Sagittal_MPRAGE_(MSV22),0.0,1015.2568359375,1606267.0,11209.0,0.6978291902902818,5310.0,0.33058015884034225,15332.0,0.9545112985574626,5712.0,0.3556071313175207,31374.0,1.9532244639278526,1482623.0,10708.0,0.7222335010316175,5037.0,0.3397357251303939,14182.0,0.9565479558862907,1068.0,0.0720344956202622,29463.0,1.9872212963106601,1191529.0,8018.0,0.6729168992110137,4316.0,0.3622236638806105,9462.0,0.7941057246613386,47.0,0.003944511631693396,21404.0,1.7963473822290517,30955.544921875,1778191.125,1.7408446418758838,1482.623,85.42329854651281
ADNI,ADNI-0602_S_P230EA0_CN_F_HS_Sagittal_MPRAGE_(MSV22),0.0,1020.7198486328125,1622815.0,11241.0,0.69268524138611,5263.0,0.32431299932524654,14479.0,0.8922150707258683,8743.0,0.5387551877447522,30506.0,1.8798199425073099,1504287.0,10690.0,0.7106356699220295,4941.0,0.3284612577254208,13258.0,0.8813477747264983,2797.0,0.1859352636830605,28433.0,1.8901313379694167,1177239.0,7460.0,0.633686107918613,3883.0,0.3298395652879322,8131.0,0.690683879823893,438.0,0.03720569909763438,19143.0,1.6260929174109933,20417.337890625,1774696.25,1.150469433325562,1504.287,86.67149875635148
ADNI,ADNI-0506_S_PD863E9_CN_M_Accelerated_Sagittal_MPRAGE_(MSV21),0.0,1031.546875,1577691.0,10810.0,0.6851785298895664,5163.0,0.3272503931378198,13229.0,0.8385038641914039,4246.0,0.26912747806763176,28738.0,1.8215227189608103,1470084.0,9265.0,0.6302360953523745,4563.0,0.31039042666949646,12100.0,0.8230822184310557,113.0,0.007686635593612338,25502.0,1.7347308044982463,1172949.0,6362.0,0.5423935738041465,3287.0,0.28023383795885415,7692.0,0.6557829880071513,0.0,0.0,17062.0,1.4546241993471158,46939.3515625,1748596.125,2.684402126448725,1470.084,84.70084736339024
ADNI,ADNI-1461_S_PDAF695_CN_F_CS_Sagittal_MPRAGE_(MSV22),0.0,1020.10302734375,1660272.0,11208.0,0.675070108994189,5302.0,0.3193452639085644,15087.0,0.9087065251958715,11646.0,0.7014513284570238,31124.0,1.8746325903225496,1545421.0,10704.0,0.6926267987816912,5010.0,0.32418350727730505,13519.0,0.87477781135367,4661.0,0.30160066415559256,28783.0,1.8624698383159024,1221558.0,7871.0,0.6443410791792121,3973.0,0.3252403897318015,8180.0,0.6696366443509026,643.0,0.0526376971048448,19687.0,1.6116303933173866,15253.845703125,1766530.75,0.8634916603135836,1545.421,89.0414889442902
ADNI,ADNI-1562_S_PA11CDE_CN_F_Accelerated_Sag_IR-FSPGR_(MSV21),0.0,1017.538818359375,1590181.0,11173.0,0.7026244182266045,5171.0,0.32518310808643797,14301.0,0.8993315855239121,3922.0,0.24663859019822273,30170.0,1.8972682983886742,1444687.0,10338.0,0.715587528648074,4829.0,0.33425925477283314,12906.0,0.8933422949054016,732.0,0.050668414680827056,27630.0,1.9125249967640048,1104312.0,6071.0,0.5497540550134382,3110.0,0.28162330935460267,7213.0,0.6531668586413985,63.0,0.005704909482102884,16087.0,1.4567441085490331,27704.6015625,1792878.625,1.5452580657823394,1444.687,83.23756538733443
ADNI,ADNI-1561_S_P2C440C_CN_M_Accelerated_Sag_IR-FSPGR_(MSV21),0.0,1014.0993041992188,1570048.0,11157.0,0.7106152168596119,5168.0,0.32916191097342246,14871.0,0.9471684942116418,5056.0,0.3220283711071254,30720.0,1.956628077612914,1432812.0,10291.0,0.7182379823731236,4731.0,0.3301898644064958,13727.0,0.9580461358503418,1190.0,0.08305346409717396,28291.0,1.974508867876595,1089309.0,5951.0,0.5463096329875178,3078.0,0.2825644514091043,8577.0,0.787379889452855,154.0,0.014137402702079943,17263.0,1.5847661223766625,26716.205078125,1785782.0,1.4960507541304033,1432.812,82.55337144845728
ADNI,ADNI-0497_S_P783FA4_CN_F_Accelerated_Sagittal_MPRAGE_(MSV21),0.0,1023.5281982421875,1621174.0,11232.0,0.6928312445178618,5076.0,0.3131064278109567,14370.0,0.8863946744766448,3550.0,0.21897711164871875,30243.0,1.8654999401668173,1484095.0,10681.0,0.719697863007422,4578.0,0.3084708189165788,12914.0,0.8701599291150499,711.0,0.04790798432714887,27771.0,1.871241396271802,1161783.0,7694.0,0.6622579259637987,3672.0,0.3160659090380906,7834.0,0.6743083691188457,90.0,0.007746713456815945,18904.0,1.627154124307207,43701.59765625,1735764.0,2.5177154069476035,1484.095,85.50810978676772
ADNI,ADNI-0129_S_P80F747_CN_F_CS_Sagittal_MPRAGE_(MSV22),0.0,1023.3917236328125,1648860.0,11260.0,0.6828960615212935,5293.0,0.32100966728527586,15249.0,0.9248207852698228,9966.0,0.6044175976128963,31326.0,1.8998580837669663,1533549.0,10910.0,0.711421676125119,5079.0,0.3311925474829953,13763.0,0.8974607267195244,1463.0,0.09539962531357002,29306.0,1.9109920843742196,1205953.0,7312.0,0.6063254538112182,3886.0,0.3222347802940911,8576.0,0.7111388254766148,87.0,0.007214211499121441,19504.0,1.6173101273432713,26128.490234375,1702829.125,1.5344164514672016,1533.549,88.35746785440813
ADNI,ADNI-1563_S_P7D9CC2_CN_M_Accelerated_Sag_IR-FSPGR_(MSV21),0.0,1020.1712646484375,1591616.0,11089.0,0.6967132775744903,5149.0,0.32350768024448107,13340.0,0.8381418633640275,3235.0,0.20325254332703366,29110.0,1.8289587438176043,1439928.0,10407.0,0.7227444705568612,4692.0,0.32584962581462407,12006.0,0.8337916895844791,681.0,0.04729403136823508,26676.0,1.8525926296314814,1081877.0,6941.0,0.6415701600089474,3063.0,0.28311906066955855,6552.0,0.6056141317358628,87.0,0.008041579588067775,16300.0,1.506640773396606,31269.8828125,1795964.625,1.7411190831500927,1439.928,82.96336926479833
ADNI,ADNI-0496_S_PF87CC0_CN_M_Accelerated_Sagittal_MPRAGE_(MSV21),0.0,1018.5447998046875,1606193.0,11073.0,0.6893941139078554,5085.0,0.31658711001728934,13656.0,0.850209159173275,4011.0,0.24972092394874087,29365.0,1.8282360837084959,1466615.0,9962.0,0.679251200894577,4380.0,0.2986468841516008,12215.0,0.8328702488383114,585.0,0.03988776877367271,26183.0,1.785267435557389,1156561.0,6955.0,0.601351766141172,3162.0,0.2733967339379419,7618.0,0.658676887773321,74.0,0.006398279035865813,17533.0,1.5159598153491256,47779.62109375,1776540.0,2.6894762343516048,1466.615,84.50097630874058
ADNI,ADNI-1285_S_P1A0040_CN_F_HS_Sagittal_MPRAGE_(MSV22),0.0,1015.7183227539062,1659892.0,11197.0,0.6745619594527837,5281.0,0.3181532292462401,15211.0,0.9163849214286232,10568.0,0.6366679277928926,31212.0,1.8803633007448677,1550024.0,10814.0,0.6976666167749661,5093.0,0.3285755575397542,14115.0,0.9106310611964717,3434.0,0.22154495672325075,29557.0,1.9068737000201286,1212557.0,8499.0,0.7009155033536568,4139.0,0.34134477801868285,9063.0,0.7474287806676304,491.0,0.0404929417751083,21309.0,1.7573606848997614,18149.515625,1789038.0,1.0144846350384955,1550.024,89.3066969190819
ADNI,ADNI-0371_S_PD405BC_CN_M_Accelerated_Sagittal_MPRAGE_(MSV21),0.0,1022.8721923828125,1619948.0,11023.0,0.6804539404968555,5189.0,0.3203189238173077,13717.0,0.8467555748703046,2272.0,0.14025141547753384,29456.0,1.8183299710854917,1475970.0,9963.0,0.6750137197910526,4692.0,0.31789264009431084,12354.0,0.8370088822943557,469.0,0.031775713598514874,26558.0,1.7993590655636633,1150355.0,6929.0,0.6023358006876138,3671.0,0.3191188806933512,7629.0,0.6631865815335266,36.0,0.0031294687292183717,17888.0,1.5549982396738398,44428.2578125,1758233.25,2.5268693907648485,1475.97,85.03997709174652
ADNI,ADNI-0152_S_PDBFA5B_CN_M_Accelerated_Sagittal_MPRAGE_(MSV21),0.0,1018.6913452148438,1614633.0,11112.0,0.6882059266718815,5077.0,0.31443677913185225,13056.0,0.8086048036922323,5319.0,0.32942470518068195,28780.0,1.782448395393876,1483735.0,10421.0,0.7023491391656865,4646.0,0.3131286921182017,11694.0,0.788146131216154,1762.0,0.11875435977448803,26347.0,1.775721405776638,1127954.0,6662.0,0.5906269227291183,2982.0,0.26437248327502716,7068.0,0.6266212983862817,370.0,0.032802756140764604,16449.0,1.4583041507011811,23150.798828125,1821282.5,1.2711261887227818,1483.735,85.48736790735755
ADNI,ADNI-1965_S_P041330_CN_M_Accelerated_Sagittal_MPRAGE_(MSV21),0.0,1028.005859375,1602673.0,10998.0,0.6862285693962524,5005.0,0.3122907792169706,12631.0,0.7881208456122989,4198.0,0.2619374008297388,28163.0,1.7572517912262826,1472443.0,10274.0,0.6977519673087516,4619.0,0.3136963536109717,11386.0,0.773272717517758,1332.0,0.09046190582589615,25838.0,1.7547708128599886,1174087.0,6691.0,0.5698896248744769,3320.0,0.28277291205847604,7452.0,0.6347059459818566,173.0,0.01473485355003505,17164.0,1.461901886316772,23582.578125,1775800.125,1.3279973231784743,1472.443,84.83676428985855
ADNI,ADNI-1193_S_PAE09D3_CN_F_Accelerated_Sagittal_MPRAGE_(MSV21),0.0,1010.734375,1629070.0,11131.0,0.6832732786190894,5150.0,0.31613128963150755,14018.0,0.8604909549620336,5895.0,0.36186290337431787,29834.0,1.8313516300711448,1506249.0,10531.0,0.6991539911395792,4771.0,0.3167470982553349,12826.0,0.8515192375231453,1494.0,0.09918678784185085,27684.0,1.8379431289248989,1178827.0,7557.0,0.6410609868962961,3634.0,0.3082725455049808,7644.0,0.6484412046890681,238.0,0.020189561318157793,18507.0,1.5699504677106988,22926.51171875,1784187.25,1.2849834970376568,1506.249,86.7845419991369
ADNI,ADNI-0580_S_P7BB158_CN_F_Accelerated_Sagittal_MPRAGE_(MSV21),0.0,1005.405029296875,1594848.0,11097.0,0.695802985613676,5119.0,0.3209710267059933,12725.0,0.7978816790064007,6402.0,0.4014175645578763,28478.0,1.7856247115712593,1466931.0,10258.0,0.699283061030137,4512.0,0.3075809291643574,11402.0,0.7772690058359937,1733.0,0.11813779925572505,25770.0,1.7567288440969615,1179182.0,7237.0,0.6137305352354429,3420.0,0.2900315642538641,7065.0,0.5991441524717983,181.0,0.015349623722207429,17475.0,1.481959527876104,23157.796875,1778342.75,1.302212235239804,1466.931,84.51918306955616
ADNI,ADNI-0981_S_PA3372C_CN_F_Accelerated_Sagittal_MPRAGE_(MSV21),0.0,1024.96923828125,1591241.0,11197.0,0.7036646240261532,5164.0,0.3245265801974685,14392.0,0.9044513056161826,8172.0,0.51356142784154,30291.0,1.9036085671497907,1469817.0,10571.0,0.7192051799645806,4495.0,0.305820384442417,13168.0,0.8958938425667957,2272.0,0.15457706639670107,27834.0,1.893705134720853,1201384.0,7996.0,0.6655657142096116,3611.0,0.3005700092559914,8938.0,0.7439752818416093,208.0,0.017313365252075937,20271.0,1.68730397608092,23623.798828125,1770730.25,1.334127478091313,1469.817,84.6854638028277
ADNI,ADNI-1529_S_P9A4613_CN_M_HS_Sagittal_MPRAGE_(MSV22),0.0,1010.2022705078125,1590752.0,10491.0,0.6594994065699744,4945.0,0.310859266560721,13154.0,0.826904508056567,4631.0,0.2911201746092414,28139.0,1.7689118102633221,1455902.0,8675.0,0.5958505448855761,4161.0,0.2858022037197559,11864.0,0.8148900132014381,834.0,0.05728407543914357,24298.0,1.6689310132138016,1168225.0,5365.0,0.4592437244537654,3257.0,0.2787990327205804,7752.0,0.6635708018575189,37.0,0.00316719809968114,16073.0,1.3758479744912153,36340.6640625,1754948.25,2.070754169674234,1455.902,83.88373254729292
ADNI,ADNI-1225_S_P962B85_CN_F_Accelerated_Sagittal_MPRAGE_(MSV21),0.0,1024.051513671875,1644385.0,11240.0,0.6835382224965565,5216.0,0.3172006555642383,13250.0,0.8057723708255671,12522.0,0.761500500187,29236.0,1.7779291346004737,1542055.0,10821.0,0.7017259436271729,4936.0,0.3200923443067854,12141.0,0.7873260032878205,4404.0,0.28559292632234257,27451.0,1.780156998291241,1220343.0,8056.0,0.6601422714761341,3661.0,0.2999976236189334,7581.0,0.6212187884881546,602.0,0.04933039317634468,19000.0,1.5569393195191845,15096.64453125,1727845.0,0.8737267828566798,1542.055,88.84755237180511
ADNI,ADNI-0601_S_P6182CC_CN_F_Accelerated_Sagittal_MPRAGE_(MSV22),0.0,1011.7889404296875,1642509.0,11243.0,0.6845015765514831,5308.0,0.3231641348692762,15244.0,0.9280923270435657,4392.0,0.26739579509153377,31321.0,1.9068997491033535,1523697.0,10985.0,0.7209438621983242,5020.0,0.3294618286969128,14285.0,0.9375223551664144,1081.0,0.070945863908638,29828.0,1.9576070570461186,1242220.0,9031.0,0.7270048783629308,4204.0,0.3384263657001175,10472.0,0.8430068747886849,82.0,0.006601085153998486,23315.0,1.8768817117740817,35094.078125,1782662.625,1.9686326303610029,1523.697,87.78983175454982
ADNI,ADNI-0865_S_P5646D5_CN_F_Accelerated_Sagittal_MPRAGE_(MSV21),0.0,1022.1383666992188,1632209.0,10772.0,0.6599645020950136,5116.0,0.3134402518304948,14228.0,0.8717020920727677,2202.0,0.13490919361429818,29641.0,1.816005180709088,1497342.0,9396.0,0.6275119511774865,4518.0,0.3017346738420481,12982.0,0.8670029959755352,401.0,0.026780788891248627,26438.0,1.7656620865507011,1176724.0,5914.0,0.5025817438923657,3321.0,0.2822242089054018,8582.0,0.7293129060000476,54.0,0.0045890115269171024,17508.0,1.4878595150604559,59592.37109375,1739882.75,3.425079712627187,1497.342,86.27135333273029
ADNI,ADNI-0583_S_PB4566D_CN_F_Accelerated_Sagittal_MPRAGE_(MSV21),0.0,1018.6691284179688,1608041.0,11133.0,0.6923330934969942,5164.0,0.32113609043550506,14300.0,0.8892808081385986,6416.0,0.3989948017494579,30124.0,1.8733353191865132,1483377.0,10183.0,0.6864741734569162,4675.0,0.31515926160375957,12970.0,0.8743562829948152,1625.0,0.10954733692109288,27377.0,1.8455861187007754,1216161.0,6564.0,0.5397311704618056,3423.0,0.28145944492546626,8555.0,0.7034430474254642,173.0,0.01422509026354241,18262.0,1.5016103953341704,27212.810546875,1771031.625,1.5365513615193065,1483.377,85.46674126061077
ADNI,ADNI-1418_S_P6B4D13_CN_F_Accelerated_Sagittal_MPRAGE_(MSV21),0.0,1018.9754638671875,1592204.0,11178.0,0.7020457177597845,5079.0,0.31899178748451834,13367.0,0.8395281006705171,8594.0,0.5397549560232232,29166.0,1.8318004476813272,1472647.0,10525.0,0.7146994493588755,4501.0,0.30564011606311625,11920.0,0.8094268348083418,1747.0,0.11862992285320242,26540.0,1.8021969962930695,1163910.0,8053.0,0.6918919847754551,3623.0,0.3112783634473456,7863.0,0.6755676985333917,183.0,0.01572286516998737,19262.0,1.6549389557611844,26024.857421875,1794420.0,1.4503214086933383,1472.647,84.84851802152431
ADNI,ADNI-1462_S_P43B7A4_CN_M_CS_Sagittal_MPRAGE_(MSV22),0.0,1032.202880859375,1646857.0,11198.0,0.6799618910445776,5316.0,0.32279669698097646,15542.0,0.9437370700674071,4575.0,0.2778018977968336,31579.0,1.9175313946505375,1527208.0,10615.0,0.6950592191764318,5213.0,0.3413418473449589,14511.0,0.9501652689090158,1138.0,0.07451506278123216,29870.0,1.9558567005935013,1215060.0,8633.0,0.7104998930093988,4700.0,0.38681217388441724,9120.0,0.7505802182608265,65.0,0.005349530064358962,22036.0,1.8135729922802168,29754.96875,1780491.125,1.6711663614723156,1527.208,87.99212269513067
ADNI,ADNI-1983_S_P1F3DD2_CN_F_Accelerated_Sagittal_MPRAGE_(MSV21),0.0,1034.53662109375,1622993.0,11105.0,0.684229691686902,5074.0,0.31263227875905814,13302.0,0.8195968805780431,5450.0,0.3357993534168046,29007.0,1.7872535494607802,1500863.0,10406.0,0.693334434921775,4650.0,0.30982174922028194,12027.0,0.801338962983297,1615.0,0.10760475806252802,26635.0,1.7746456538671418,1212906.0,7182.0,0.5921316243797954,3791.0,0.31255513617708214,7944.0,0.6549559487709683,276.0,0.022755267102314607,18569.0,1.5309512855901446,20891.74609375,1784030.0,1.1710423083552408,1500.863,86.47422043662807
ADNI,ADNI-0676_S_P26375E_CN_F_Accelerated_Sagittal_MPRAGE_(MSV21),0.0,1022.559326171875,1598055.0,11263.0,0.7047942655290338,5321.0,0.3329672633294849,14563.0,0.9112952933409677,9108.0,0.5699428367609376,30670.0,1.9192080372703066,1458781.0,10889.0,0.7464451483807371,5157.0,0.353514338341396,13440.0,0.9213171819484899,1522.0,0.10433368682482155,29015.0,1.9889894370710888,1114503.0,8586.0,0.7703882358324742,4436.0,0.3980249492374628,8323.0,0.7467902733325976,131.0,0.0117541182033606,20941.0,1.878954116767743,33999.51953125,1840708.25,1.8470889958389656,1458.781,84.04960996624258
ADNI,ADNI-1231_S_P0034DC_CN_F_Accelerated_Sagittal_MPRAGE_(MSV21),0.0,1027.822265625,1637620.0,11088.0,0.6770801529048253,5058.0,0.30886286195820767,13574.0,0.8288858221076929,7747.0,0.4730645693140045,29254.0,1.7863729070236076,1524060.0,10410.0,0.6830439746466674,4554.0,0.2988071335774182,12458.0,0.8174218862774432,2803.0,0.18391664370169153,26986.0,1.7706651969082583,1210854.0,6863.0,0.5667900506584609,3184.0,0.2629549062066938,7935.0,0.6553226070195085,393.0,0.03245643157639154,17683.0,1.4603742482578412,18174.947265625,1765963.875,1.0291800145472965,1524.06,87.81074648295507
ADNI,ADNI-1747_S_P572AED_CN_F_Accelerated_Sagittal_MPRAGE_(MSV21),0.0,1017.2589721679688,1621870.0,11155.0,0.6877863207285417,5116.0,0.31543835202574805,13598.0,0.8384149161153484,5307.0,0.32721488158730355,29403.0,1.812907323028356,1489425.0,10642.0,0.7145039192977156,4720.0,0.31690081742954496,12232.0,0.821256525169109,1272.0,0.08540208469711466,27156.0,1.823253940278967,1154565.0,7758.0,0.6719413805199361,3783.0,0.32765587039274535,7562.0,0.6549652899576897,131.0,0.011346264610481004,18812.0,1.6293582431478524,23331.3359375,1792717.5,1.3014507828199369,1489.425,85.81520483470163
ADNI,ADNI-1683_S_PC34EAA_CN_F_Accelerated_Sagittal_MPRAGE_(MSV22),0.0,1022.947509765625,1593675.0,11205.0,0.7030919102075391,5294.0,0.33218818140461515,14357.0,0.9008737666086248,9511.0,0.5967967120021335,30385.0,1.906599526252216,1465628.0,10687.0,0.7291754797260969,4892.0,0.3337818327706621,13089.0,0.8930642700603427,2719.0,0.18551774392956466,28226.0,1.9258638617711998,1171697.0,7620.0,0.650338782125413,4045.0,0.3452257708264167,8391.0,0.716140777009756,268.0,0.02287280756031636,19717.0,1.6827729353237226,26528.609375,1800830.625,1.473131842979403,1465.628,84.44410898935769
ADNI,ADNI-1230_S_P5DC2A0_CN_M_Accelerated_Sagittal_MPRAGE_(MSV21),0.0,1017.1949462890625,1612726.0,10456.0,0.6483432399552063,4669.0,0.2895098113380698,12793.0,0.7932531626575128,2566.0,0.15910948294998653,27477.0,1.7037612092816758,1475780.0,9021.0,0.6112699724891244,3798.0,0.2573554323815203,11140.0,0.7548550596972449,532.0,0.03604873355107129,23624.0,1.6007806041550907,1164256.0,4997.0,0.4292011378940714,2613.0,0.22443517576890307,6854.0,0.588702141109859,51.0,0.004380479894456202,14273.0,1.2259331281092818,41894.07421875,1751098.125,2.3924458384506577,1475.78,85.02902998872447
ADNI,ADNI-0043_S_P624179_CN_F_Sag_IR-SPGR,0.0,1017.4479370117188,1575785.0,11015.0,0.6990166805750785,5277.0,0.33488071024917737,15372.0,0.9755137915388203,5782.0,0.366928229422161,31187.0,1.979140555342258,1425235.0,9785.0,0.6865534455721337,4800.0,0.33678656502261034,13723.0,0.9628587566261002,1000.0,0.07016386771304382,27847.0,1.953853224205131,1092311.0,6514.0,0.5963503068265357,3987.0,0.36500593695385286,8066.0,0.7384343836141904,74.0,0.0067746273726072516,18181.0,1.664452706234763,38018.08984375,1777629.5,2.1386959343187093,1425.235,82.11681250320491
ADNI,ADNI-0928_S_P1D5FEB_CN_M_Accelerated_Sagittal_MPRAGE_(MSV21),0.0,1023.3870849609375,1609091.0,11166.0,0.6939321641846236,5211.0,0.32384743933065313,13447.0,0.835689218322643,6082.0,0.3779773797752893,29359.0,1.8245705183858465,1473144.0,9910.0,0.6727108823034272,4416.0,0.2997670288851599,11867.0,0.8055560081023986,597.0,0.04052556980173018,25809.0,1.7519672211270587,1180469.0,6616.0,0.5604552089042575,3316.0,0.28090530119808316,7582.0,0.6422870909782468,4.0,0.0003388483729771811,17282.0,1.4639943954479109,38513.51953125,1729351.375,2.227049984636581,1473.144,84.87715333837669
ADNI,ADNI-1912_S_P3BFA4A_CN_F_CS_Sagittal_MPRAGE_(MSV22),0.0,1017.255859375,1636185.0,11197.0,0.6843358177712178,5173.0,0.31616229216133873,14796.0,0.9042987192768543,7263.0,0.4438984589150982,30698.0,1.8761937067018706,1508126.0,10797.0,0.7159216139765511,4819.0,0.3195356356166527,13128.0,0.8704842964049423,2093.0,0.13878150764591288,28293.0,1.8760368828599203,1155942.0,7986.0,0.6908651126094562,3636.0,0.3145486538251919,6685.0,0.5783162130971969,364.0,0.03148946919482119,18072.0,1.5634002398044193,21499.634765625,1799109.875,1.195015105212793,1508.126,86.89268785372826
ADNI,ADNI-0868_S_PC641EE_CN_M_Accelerated_Sagittal_MPRAGE_(MSV21),0.0,1029.46728515625,1586206.0,11124.0,0.7012960485586361,5104.0,0.3217740949157928,13381.0,0.8435852594177553,3251.0,0.20495446366991427,29144.0,1.8373401689314,1453988.0,10439.0,0.7179564067929034,4617.0,0.31754044737645704,11930.0,0.8205019573751641,830.0,0.05708437758771049,26561.0,1.826768859165275,1164061.0,7020.0,0.6030611797835337,3550.0,0.30496683593041946,7794.0,0.6695525406314617,139.0,0.011940954984317832,18076.0,1.5528395848671162,32990.7109375,1775222.5,1.8583986479159653,1453.988,83.77345488842886
ADNI,ADNI-1906_S_PCC0BAE_CN_F_CS_Sagittal_MPRAGE_(MSV22),0.0,1017.2616577148438,1625727.0,11241.0,0.6914445045201316,5319.0,0.3271767030995979,15416.0,0.948252689412183,9703.0,0.5968406749718741,31499.0,1.9375331774646052,1502769.0,10989.0,0.7312501122927076,5143.0,0.342234901039348,14789.0,0.9841166539900676,3150.0,0.20961305430175894,30445.0,2.025926805783191,1179554.0,8216.0,0.6965344528525188,4189.0,0.35513422870000017,10253.0,0.8692268433662215,261.0,0.022127007326497982,22247.0,1.8860518467149447,26464.41796875,1796022.0,1.4735018818672598,1502.769,86.5840371648386
ADNI,ADNI-0916_S_P95A5DE_CN_F_Accelerated_Sagittal_MPRAGE_(MSV21),0.0,1012.8949584960938,1614821.0,11174.0,0.6919652394909405,5209.0,0.3225744525244594,14494.0,0.8975607822786551,5182.0,0.3209024405801014,30410.0,1.8831808602934936,1486513.0,10416.0,0.700700229328637,4640.0,0.31213988710492274,13458.0,0.9053402156590624,566.0,0.03807568450460911,28091.0,1.8897244760052552,1198991.0,7332.0,0.6115141815076177,3742.0,0.3120957538463592,9096.0,0.7586378880241803,100.0,0.008340346174408316,19862.0,1.6565595571609797,36737.83203125,1781862.25,2.061766111900625,1486.513,85.64742607680603
ADNI,ADNI-1888_S_P50F420_CN_F_Accelerated_Sagittal_MPRAGE_(MSV21),0.0,1022.3567504882812,1676383.0,11233.0,0.6700736048981647,5310.0,0.31675339108067785,15633.0,0.9325434581476906,5281.0,0.315023476138806,31699.0,1.8909163359447096,1556207.0,10534.0,0.6769022372987655,5081.0,0.32649898117666865,15042.0,0.9665809240030407,313.0,0.020113005532040405,30181.0,1.9393949519569056,1205346.0,7233.0,0.6000766584864429,3934.0,0.3263793134917277,8526.0,0.7073487612685486,3.0,0.00024889118974966525,19326.0,1.6033570443673435,41675.1875,1733197.5,2.4045261720029023,1556.207,89.66293869795156
ADNI,ADNI-0606_S_PA424AE_CN_F_HS_Sagittal_MPRAGE_(MSV22),0.0,1026.1871337890625,1670628.0,11236.0,0.6725614559315419,5316.0,0.318203693461381,15370.0,0.9200133123591846,13051.0,0.7812032361483227,31445.0,1.8822263244719948,1582455.0,11079.0,0.7001146952046029,5197.0,0.32841376216069335,14977.0,0.9464408150626716,3096.0,0.19564537380209862,30781.0,1.9451421999361749,1289386.0,9006.0,0.6984719858909589,4359.0,0.3380678865754708,11401.0,0.8842193105865892,141.0,0.010935437487300158,24370.0,1.890046890535495,27634.81640625,1791886.875,1.542218808106957,1582.455,91.17525217227974
ADNI,ADNI-0681_S_P990517_CN_M_CS_Sagittal_MPRAGE_(MSV22),0.0,1025.482177734375,1606219.0,11212.0,0.6980368181424824,5246.0,0.3266055251494348,14236.0,0.8863050430856565,5276.0,0.328473265476252,30223.0,1.8816238632465436,1466186.0,10505.0,0.7164848116132605,4699.0,0.32049139740796867,12626.0,0.8611458573468851,1273.0,0.08682390910839416,27395.0,1.8684532521794643,1127991.0,7555.0,0.6697748474943506,3627.0,0.32154511871105357,7095.0,0.6289943802743108,219.0,0.019415048524323332,17953.0,1.5915907130464695,28479.08203125,1788558.0,1.5922928991539556,1466.186,84.47625890244345
ADNI,ADNI-0984_S_PD78A41_CN_M_Accelerated_Sagittal_MPRAGE_(MSV21),0.0,1019.767333984375,1606930.0,10716.0,0.6668616554548114,5104.0,0.31762428979482615,13176.0,0.8199485976364871,3190.0,0.19851518112176636,28540.0,1.7760574511646432,1467894.0,9511.0,0.6479350688809955,4490.0,0.30588039735839234,11501.0,0.7835034409841581,1041.0,0.0709179273162776,25098.0,1.709796483942301,1171469.0,6961.0,0.5942111997842026,3766.0,0.3214767100111057,7867.0,0.6715499940672779,176.0,0.01502387173710956,18304.0,1.5624826606593942,35311.75390625,1757059.125,2.009707778402164,1467.894,84.57466759697837
ADNI,ADNI-0694_S_P218393_CN_M_Accelerated_Sagittal_MPRAGE_(MSV21),0.0,1025.40673828125,1596055.0,10694.0,0.6700270354091807,5084.0,0.31853538881805454,13342.0,0.835936104958789,5846.0,0.3662781044512877,28658.0,1.7955521582902847,1467871.0,8835.0,0.6018921281229754,4407.0,0.30023074234724983,12440.0,0.8474859166779641,511.0,0.03481232342624113,25256.0,1.7205871633133973,1191847.0,6479.0,0.5436100439066424,3754.0,0.31497331452778754,9096.0,0.763185207497271,62.0,0.005202009989537248,18979.0,1.5924023805068939,59224.95703125,1753561.125,3.377410469865999,1467.871,84.57334242134938
ADNI,ADNI-0544_S_PC5C3A5_CN_M_Accelerated_Sagittal_MPRAGE_(MSV21),0.0,1011.5685424804688,1601483.0,11034.0,0.6889863957344536,5047.0,0.3151453996077386,12960.0,0.809249926474399,5684.0,0.3549210325679386,28587.0,1.7850329975404047,1466904.0,10282.0,0.7009320309986202,4611.0,0.31433549843752556,11550.0,0.7873725887992671,1598.0,0.10893691748062587,26031.0,1.7745537540288934,1147410.0,6960.0,0.6065835228906843,3509.0,0.30581919279072,7045.0,0.6139915113167917,178.0,0.015513199292319224,17236.0,1.5021657472045737,21594.8515625,1790489.5,1.2060864675553808,1466.904,84.5176274286004
ADNI,ADNI-0682_S_PA85078_CN_F_CS_Sagittal_3D_Accelerated_MPRAGE,0.0,1014.2606811523438,1669185.0,11254.0,0.6742212516886984,5322.0,0.3188382354262709,15462.0,0.926320329981398,10523.0,0.6304274241620911,31561.0,1.8908029966720288,1552680.0,10725.0,0.6907411701058814,5003.0,0.3222170698405338,14454.0,0.9309065615580802,2213.0,0.14252775845634644,29712.0,1.913594559084937,1205301.0,8699.0,0.7217284313213048,3644.0,0.30233111894871073,9405.0,0.7803030114469331,364.0,0.030199925163921705,21411.0,1.776402740892109,27763.958984375,1776369.5,1.5629608020389338,1552.68,89.45972589606359
ADNI,ADNI-0985_S_P81041B_CN_F_Accelerated_Sagittal_MPRAGE_(MSV21),0.0,1019.4454956054688,1618511.0,11236.0,0.6942183278334222,5238.0,0.3236307939828645,14551.0,0.8990362129142155,8534.0,0.5272747605669655,30550.0,1.887537372313194,1489869.0,10875.0,0.7299299468610998,4860.0,0.32620317625240874,13267.0,0.890480975172985,3174.0,0.21303886449077067,28555.0,1.9166114604706856,1215216.0,8488.0,0.6984766494187042,3913.0,0.3220003686587405,8442.0,0.6946913141367461,705.0,0.05801437769087965,20527.0,1.6891647246250874,20340.638671875,1782806.875,1.1409333763016254,1489.869,85.84078648597416
ADNI,ADNI-0988_S_PC224F5_CN_F_Accelerated_Sagittal_MPRAGE_(MSV21),0.0,1023.6458740234375,1595468.0,11052.0,0.6927121070431999,5008.0,0.31388909084983213,12630.0,0.7916172558772724,5193.0,0.32548443466117777,28243.0,1.7702015960207287,1471259.0,10253.0,0.6968861362955129,4444.0,0.3020542270259689,11467.0,0.7794004998440112,1223.0,0.08312608453032402,25768.0,1.751425139965159,1163669.0,7023.0,0.6035221355901034,3610.0,0.31022567413929564,7079.0,0.608334500618303,138.0,0.011859042390920442,17441.0,1.4987939010148075,26136.607421875,1756999.125,1.4875708843551643,1471.259,84.76854655313176
ADNI,ADNI-0759_S_P7AE196_CN_M_Accelerated_Sagittal_MPRAGE_(MSV21),0.0,1019.3497314453125,1587096.0,11211.0,0.7063844909192638,5136.0,0.3236099139560556,12445.0,0.7841365613674283,2678.0,0.1687358546678966,28335.0,1.785336236749384,1460400.0,10906.0,0.7467817036428376,4870.0,0.3334702821144892,11257.0,0.7708162147356888,503.0,0.0344426184606957,26597.0,1.8212133662010406,1124469.0,8189.0,0.7282548473990835,3713.0,0.33020029898556563,6858.0,0.6098878670732586,48.0,0.004268681484327269,18485.0,1.6438870257872829,32224.390625,1792978.25,1.7972549653070249,1460.4,84.14289080725666
ADNI,ADNI-0330_S_P219879_CN_F_Accelerated_Sagittal_MPRAGE_(MSV21),0.0,1022.2900390625,1624620.0,11028.0,0.6788048897588359,5127.0,0.31558148982531303,13911.0,0.8562617719836024,1995.0,0.12279794659674262,29597.0,1.8217798623678152,1485770.0,10290.0,0.6925701824643115,4862.0,0.3272377285851781,12758.0,0.858679337986364,439.0,0.029546968911742733,27457.0,1.8479980077670166,1159164.0,7211.0,0.6220862621682522,3349.0,0.28891511468610137,7781.0,0.6712596319416407,68.0,0.0058662967448954596,18031.0,1.5555175971648534,42273.59375,1762338.375,2.398721740936953,1485.77,85.60461714235672
ADNI,ADNI-1382_S_P574860_CN_F_Accelerated_Sagittal_MPRAGE_(MSV21),0.0,1019.6724853515625,1608812.0,11059.0,0.6874016354925249,5099.0,0.31694194225304134,13791.0,0.8572163807828385,4365.0,0.27131821493126607,29477.0,1.8322215398691704,1476681.0,10424.0,0.7059073692964154,4674.0,0.3165206297094633,12783.0,0.8656575116765233,1102.0,0.07462681513475151,27430.0,1.8575440464121906,1136542.0,7819.0,0.6879640171678654,3434.0,0.30214457538744716,8203.0,0.7217507140079293,141.0,0.012406052745960993,19139.0,1.6839676844322515,27101.3125,1802317.25,1.5036926767471153,1476.681,85.08094230358161
ADNI,ADNI-0758_S_P30CBE9_CN_M_Accelerated_Sagittal_MPRAGE_(MSV21),0.0,1020.1396484375,1605185.0,10846.0,0.6756853571395198,4865.0,0.3030803303046066,12984.0,0.8088787273741034,5191.0,0.32338951585019793,28268.0,1.7610431196404153,1459343.0,10102.0,0.6922293114093122,4318.0,0.2958865736156613,11076.0,0.7589716742397092,1293.0,0.08860151451714915,25134.0,1.72228187615934,1124365.0,5359.0,0.47662458365388466,2033.0,0.1808131701004567,5124.0,0.45572389748880476,196.0,0.017432061652577234,12383.0,1.1013327522646115,25983.494140625,1768749.5,1.469031886122088,1459.343,84.08199034465514
ADNI,ADNI-1662_S_P0A0AD9_CN_M_Sagittal_3D_Accelerated_MPRAGE,0.0,1022.955322265625,1598919.0,11261.0,0.7042883348062035,5314.0,0.33234954366043556,13992.0,0.8750912335146432,13901.0,0.8693998882995324,30090.0,1.8818964562932834,1467395.0,10928.0,0.7447210873691132,5051.0,0.344215429383363,13439.0,0.9158406564013097,1973.0,0.134455957666477,28966.0,1.9739742877684603,1153282.0,8800.0,0.7630397422313016,4167.0,0.36131665975884475,9797.0,0.8494886766636434,166.0,0.014393704228454098,22412.0,1.9433234889645379,34024.15234375,1768303.875,1.9241122990668107,1467.395,84.54591704746261
ADNI,ADNI-1530_S_P87CEDA_CN_F_Accelerated_Sagittal_MPRAGE_(MSV22),0.0,1028.044677734375,1574517.0,10922.0,0.6936730438604347,5267.0,0.3345152830995156,13896.0,0.8825563649042849,10508.0,0.6673792661495557,29611.0,1.88064022173149,1436702.0,9950.0,0.6925583732743464,4967.0,0.34572235578428934,13141.0,0.9146642797184107,608.0,0.04231914481917615,27606.0,1.9214840655891061,1162548.0,6764.0,0.5818254386055458,4047.0,0.34811465849152035,8781.0,0.7553236511524685,3.0,0.00025805386100186833,19254.0,1.6561896799099907,61969.484375,1775606.625,3.4900457963204548,1436.702,82.77749897875051
ADNI,ADNI-0243_S_P4BDD5D_CN_F_Accelerated_Sagittal_MPRAGE_(MSV21),0.0,1021.4410400390625,1639545.0,11205.0,0.683421315059971,5252.0,0.3203327752516705,14889.0,0.9081178009752706,4567.0,0.27855289119847276,30870.0,1.8828394463097993,1516033.0,10730.0,0.7077682345964764,4890.0,0.3225523454964371,13436.0,0.8862603914294741,1316.0,0.08680549829720066,28592.0,1.8859747775938913,1213536.0,7483.0,0.6166277720644464,3974.0,0.3274727737784458,9051.0,0.745836959101337,114.0,0.009394035282018829,20118.0,1.6578000158215331,33985.3828125,1766658.375,1.92370994264808,1516.033,87.34826018843998
ADNI,ADNI-0353_S_PD8CF74_CN_M_Accelerated_Sagittal_MPRAGE_(MSV21),0.0,1022.28466796875,1605460.0,10911.0,0.6796183025425734,5156.0,0.32115406176422956,14697.0,0.9154385658938872,3357.0,0.20909894983369254,30312.0,1.8880570054688375,1472543.0,9443.0,0.6412715961435422,4681.0,0.31788545393920586,13726.0,0.9321289768787736,431.0,0.029269094349027497,27444.0,1.863714675904201,1169869.0,6963.0,0.5951948466024828,4013.0,0.3430298606083245,10069.0,0.8606946589746374,40.0,0.003419186250768248,20721.0,1.771223957554222,65527.94921875,1733067.0,3.7810395800479726,1472.543,84.84252592302803
ADNI,ADNI-0029_S_PADB525_CN_M_Accelerated_Sagittal_MPRAGE,0.0,1015.1221923828125,1610473.0,11143.0,0.6919085262528462,5017.0,0.3115233847447303,13964.0,0.86707445576548,5835.0,0.3623159158830977,29658.0,1.841570768339488,1474881.0,10421.0,0.7065654788420218,4464.0,0.302668486474502,12507.0,0.8480006183549724,1641.0,0.11126321377792514,26970.0,1.8286221057834495,1162274.0,7356.0,0.6328972342149958,3342.0,0.28753977117271834,7588.0,0.6528581040271055,267.0,0.022972207930315913,18050.0,1.552990086674915,20337.08984375,1780441.375,1.1422499010252445,1474.881,84.97723290653076
ADNI,ADNI-0240_S_PEB6965_CN_F_Accelerated_Sagittal_MPRAGE,0.0,1019.1473388671875,1636058.0,11109.0,0.6790101573416102,5123.0,0.31313070808003135,14132.0,0.8637835577956283,8774.0,0.5362890557669715,29890.0,1.8269523452102552,1507171.0,10409.0,0.6906316536079847,4704.0,0.31210791608914984,12978.0,0.8610834470673866,4261.0,0.28271510001187655,27637.0,1.8337003564957128,1180878.0,6091.0,0.5158026485377829,3407.0,0.2885141394792688,8290.0,0.7020200223901198,952.0,0.08061798085831051,17436.0,1.4765284813503172,15036.9384765625,1788583.25,0.8407178405904505,1507.171,86.83766425695963
ADNI,ADNI-2072_S_PBF0BCC_CN_M_Accelerated_Sagittal_MPRAGE,0.0,1018.1202392578125,1632199.0,11053.0,0.677184583497478,5027.0,0.30798940570359373,14350.0,0.8791820115071753,3314.0,0.20303896767489746,29977.0,1.8366020319826197,1491888.0,10015.0,0.6712970410647447,4453.0,0.29848085110946665,12970.0,0.8693682099460549,708.0,0.04745664553907532,27073.0,1.8146804585867033,1183777.0,6458.0,0.5455419390645366,3525.0,0.2977756790341424,8337.0,0.7042711591794738,167.0,0.014107386779773554,18080.0,1.5273146884928497,30002.22265625,1740340.0,1.7239288102468484,1491.888,85.95711385966621
ADNI,ADNI-0831_S_P0E4E9F_CN_F_Accelerated_Sagittal_MPRAGE,0.0,1020.3067626953125,1622295.0,11025.0,0.6795927990901779,5046.0,0.3110408402910691,13310.0,0.8204426445251942,1831.0,0.11286479955864993,28947.0,1.78432405943432,1499230.0,9766.0,0.651401052540304,4301.0,0.28688059870733645,11380.0,0.7590563155753287,216.0,0.014407395796508876,25115.0,1.6751932658764832,1179817.0,7162.0,0.6070432956975531,3528.0,0.29902942574992564,7277.0,0.6167905700629843,27.0,0.0022884905031882066,17736.0,1.503283983872075,54923.39453125,1734977.375,3.1656547988846255,1499.23,86.38013296697028
ADNI,ADNI-0705_S_P0717F0_CN_M_Accelerated_Sagittal_MPRAGE,0.0,1019.170654296875,1585481.0,10972.0,0.6920297373478459,5164.0,0.3257055745228104,13575.0,0.8562070437930194,7177.0,0.45267019913830564,29249.0,1.844802933620775,1449315.0,9788.0,0.6753535290809796,4547.0,0.3137344193636304,12275.0,0.8469518358672891,2081.0,0.14358507294825487,26204.0,1.8080265504738446,1185471.0,7082.0,0.5973996833326163,3650.0,0.3078944993171491,8384.0,0.707229447198624,160.0,0.013496745175546259,18830.0,1.5883981978471005,33611.27734375,1792818.875,1.8747726171585515,1449.315,83.50421377041852
ADNI,ADNI-0830_S_P5C40A9_CN_M_Accelerated_Sagittal_MPRAGE,0.0,1017.4515380859375,1598126.0,11236.0,0.7030734748073681,5066.0,0.31699628189516976,12848.0,0.8039416166184643,6800.0,0.4254983649599593,28697.0,1.7956656734199932,1474500.0,10794.0,0.7320447609359104,4130.0,0.2800949474398101,11414.0,0.7740929128518143,1651.0,0.11197015937605967,25964.0,1.7608680908782637,1175384.0,7773.0,0.6613157912648122,2796.0,0.237879705696181,7292.0,0.6203929949701544,191.0,0.01625000850785786,17615.0,1.4986591616016554,29547.580078125,1743762.0,1.6944732181412945,1474.5,84.95528108415499
ADNI,ADNI-0069_S_PA788CC_CN_M_Accelerated_Sagittal_MPRAGE,0.0,1015.409423828125,1597813.0,10998.0,0.6883158417161458,5175.0,0.32388020375350557,14010.0,0.8768235081326788,4247.0,0.2658008164910412,29719.0,1.859979859971098,1471228.0,10140.0,0.6892201616608711,4809.0,0.3268697985628332,12681.0,0.8619330246569532,1352.0,0.09189602155478281,27196.0,1.848523818198131,1167549.0,7063.0,0.6049424906363673,3637.0,0.31150726864568423,7504.0,0.6427139246404219,176.0,0.015074313797536548,17897.0,1.5328692842869978,28842.486328125,1779875.375,1.6204778566659477,1471.228,84.76676044684922
ADNI,ADNI-0824_S_P7D0C71_CN_F_Accelerated_Sagittal_MPRAGE,0.0,1016.83203125,1629042.0,11219.0,0.6886869706244529,5206.0,0.3195743265060078,13660.0,0.8385296388920604,8570.0,0.5260760618817685,29626.0,1.8186148668972317,1510228.0,10395.0,0.6883066662782044,4576.0,0.3030006065309344,12592.0,0.8337813893001587,2014.0,0.13335734736741736,27185.0,1.80005932879009,1208728.0,6203.0,0.5131841075907897,3419.0,0.28285933642639205,7904.0,0.6539105572138645,144.0,0.011913350232641257,17267.0,1.4285265171320596,24395.146484375,1762709.375,1.3839573800630067,1510.228,87.01379738295098
ADNI,ADNI-2067_S_P761434_CN_F_Accelerated_Sagittal_MPRAGE,0.0,1025.2738037109375,1593066.0,10988.0,0.6897391570719607,5174.0,0.32478252627323667,13550.0,0.8505611192505522,3922.0,0.24619193429525205,29244.0,1.8357054886614865,1459035.0,9718.0,0.666056674445781,4532.0,0.31061626348922405,12122.0,0.8308231125367108,764.0,0.05236337716367325,25960.0,1.7792582083363317,1160761.0,6547.0,0.564026530870696,3482.0,0.29997561944276213,7056.0,0.6078770737473088,152.0,0.013094857597731142,16804.0,1.4476709675807509,36254.08203125,1767100.625,2.0516138989679775,1459.035,84.0642445144931
ADNI,ADNI-0571_S_PC250C5_CN_F_Accelerated_Sagittal_MPRAGE,0.0,1017.9521484375,1646762.0,11240.0,0.6825515769734789,5228.0,0.31747149861364304,13602.0,0.8259845685047383,7366.0,0.44730203878884744,29596.0,1.7972238854187794,1532914.0,10765.0,0.7022572694880469,4894.0,0.31926122404779395,12391.0,0.8083297562681273,1355.0,0.08839373898340025,27599.0,1.8004271602973159,1211643.0,8352.0,0.6893119507973883,3671.0,0.30297703201355514,8362.0,0.6901372764089753,87.0,0.007180332820806129,20059.0,1.6555206442821855,23659.52734375,1726908.0,1.3700514065456875,1532.914,88.32088148378186
ADNI,ADNI-0693_S_P0903A1_CN_M_Accelerated_Sagittal_MPRAGE,0.0,1021.7362060546875,1589682.0,11092.0,0.6977496128156448,5098.0,0.3206930694314964,13584.0,0.8545105247464588,4994.0,0.3141508804905635,29322.0,1.8445198473656994,1458490.0,9968.0,0.6834465783104444,4476.0,0.3068927452365118,12431.0,0.8523198650659243,971.0,0.06657570500997607,26479.0,1.815507819731366,1170607.0,6876.0,0.587387569013341,3580.0,0.30582424331991864,8849.0,0.7559326059044581,147.0,0.01255758764470057,19046.0,1.6270191447684834,40656.34375,1757400.75,2.3134361214993224,1458.49,84.03284361371936
ADNI,ADNI-0673_S_P93D50B_CN_M_Sagittal_3D_Accelerated_MPRAGE,0.0,1021.2989501953125,1628477.0,11247.0,0.6906453084692016,5306.0,0.32582590973038,15450.0,0.9487392207565719,11256.0,0.6911979720929433,31526.0,1.935919266897844,1494843.0,10657.0,0.7129176776424013,4935.0,0.33013500414424796,14520.0,0.9713394650809483,3067.0,0.2051720481682692,29654.0,1.9837534777899752,1202604.0,7600.0,0.631961975845748,4039.0,0.33585452900539164,10229.0,0.8505709277534418,158.0,0.013138156866266869,21524.0,1.7897828379084053,26098.138671875,1763219.375,1.4801413279544413,1494.843,86.12737011982469
ADNI,ADNI-0363_S_PEC892F_CN_F_Accelerated_Sagittal_MPRAGE,0.0,1023.3353881835938,1609926.0,11130.0,0.6913361235236899,5279.0,0.3279032700881904,14252.0,0.885258080185052,7002.0,0.43492682272352895,30186.0,1.874993012101177,1473291.0,10426.0,0.7076673922531258,4980.0,0.33801876207755294,12908.0,0.8761337712644683,2906.0,0.19724548646533507,27848.0,1.890190057497127,1164199.0,7478.0,0.6423300483851988,4015.0,0.34487231134883295,7860.0,0.6751423081449134,634.0,0.05445804368497139,18999.0,1.6319374952220367,19569.017578125,1785050.75,1.0962723372500753,1473.291,84.88562293913584
ADNI,ADNI-0162_S_P3749E1_CN_M_Accelerated_Sagittal_MPRAGE,0.0,1023.4420166015625,1579262.0,10949.0,0.6932985153825014,5119.0,0.3241387432864211,13018.0,0.8243090760114535,8050.0,0.5097317607844677,28642.0,1.8136319369426988,1428983.0,9491.0,0.6641786501308973,4250.0,0.297414314935867,11707.0,0.8192539729303987,985.0,0.06893014122631269,25110.0,1.7571937524799106,1175823.0,6793.0,0.5777230076295498,3144.0,0.26738718327503375,8211.0,0.698319389908175,50.0,0.004252340700938832,17950.0,1.5265903116370405,52309.46484375,1738234.375,3.009344746375183,1428.983,82.33275851439745
ADNI,ADNI-1322_S_P8D522E_CN_M_Accelerated_Sag_IR-FSPGR,0.0,1023.7086181640625,1560867.0,11202.0,0.7176780596937471,5296.0,0.3392986077609431,15427.0,0.988360955802128,13851.0,0.8873914305318775,31448.0,2.014777684453576,1407734.0,10518.0,0.7471581989211029,5117.0,0.36349196652208443,14578.0,1.0355649575843162,1640.0,0.11649928182454923,29742.0,2.112757097576673,1135058.0,7106.0,0.6260473033096107,4088.0,0.3601578069138317,10496.0,0.9247104553247499,161.0,0.014184297190099539,21303.0,1.8768203915570836,39793.734375,1773092.375,2.2443125319401362,1407.734,81.10846908221217
ADNI,ADNI-0438_S_P8E90D9_CN_M_Accelerated_Sagittal_MPRAGE,0.0,1016.367431640625,1577636.0,10857.0,0.6881815577230743,5009.0,0.31750036130007175,13355.0,0.8465197295193568,4536.0,0.28751879394232893,28775.0,1.8239315025772738,1435100.0,9226.0,0.6428820291268902,4258.0,0.29670406243467357,11882.0,0.8279562399832765,1011.0,0.07044805240052958,24985.0,1.7409936589784685,1128388.0,6400.0,0.5671807924224647,3318.0,0.2940477920715215,7677.0,0.6803510849105094,172.0,0.015242983796353736,17141.0,1.5190696817052292,33404.97265625,1786208.625,1.8701607521489825,1435.1,82.68519761537526
ADNI,ADNI-0768_S_PF8459B_CN_M_Accelerated_Sagittal_MPRAGE,0.0,1023.076904296875,1562708.0,10992.0,0.7033943641422454,5107.0,0.32680449578552107,13180.0,0.8434077255635729,6198.0,0.3966192020518229,28820.0,1.8442344955039585,1419363.0,9835.0,0.6929164702757504,4499.0,0.3169731774042299,12010.0,0.846154225522294,1238.0,0.08722222574492924,25937.0,1.8273690380825764,1128679.0,6844.0,0.6063725824614439,3450.0,0.3056670674301551,8210.0,0.7273990213337893,145.0,0.012846876747064489,18227.0,1.614896706680996,49481.625,1730373.5,2.859592163194825,1419.363,81.77848940349236
ADNI,ADNI-0538_S_P951D74_CN_M_MPRAGE,0.0,1016.4544677734375,1585009.0,11062.0,0.6979140181538401,5122.0,0.3231527391958027,13738.0,0.8667458670581681,3595.0,0.22681259223133748,29452.0,1.8581597959380673,1445954.0,9889.0,0.6839083400993392,4462.0,0.30858519703946324,12330.0,0.8527242222090052,492.0,0.03402597869641773,26251.0,1.8154796072350847,1121674.0,7249.0,0.646266205688997,3387.0,0.30195939283606466,7812.0,0.6964590424668843,87.0,0.007756264297826285,18155.0,1.6185629692762782,44500.76953125,1752703.5,2.5389787566037265,1445.954,83.3105652795919
ADNI,ADNI-0582_S_PBB7D41_CN_F_Accelerated_Sagittal_MPRAGE,0.0,1016.05859375,1607823.0,10827.0,0.6733950192278628,5042.0,0.3135917324232829,13232.0,0.8229761609331375,3339.0,0.20767211316170997,28634.0,1.7809174268560657,1470074.0,9870.0,0.6713947733243361,4562.0,0.3103245142761521,11810.0,0.803360919246242,911.0,0.06196966955404966,25806.0,1.75542183590758,1145980.0,7215.0,0.6295921394788739,3838.0,0.3349098588107995,7449.0,0.6500113440025131,223.0,0.019459327387912527,18158.0,1.584495366411281,32555.984375,1785224.625,1.8236351840038059,1470.074,84.70027120007329
ADNI,ADNI-0524_S_PB32189_CN_F_MPRAGE_Repeat,0.0,1024.10205078125,1586974.0,10796.0,0.6802883979195626,5009.0,0.3156321401610864,12993.0,0.8187279690782584,4667.0,0.2940816925797146,28337.0,1.7855995120272923,1439625.0,9585.0,0.6657983849960927,4536.0,0.31508205261786926,11755.0,0.8165320830077276,727.0,0.050499261960580015,25444.0,1.7674047060866547,1137740.0,5820.0,0.5115404222405822,3264.0,0.2868845254627595,7896.0,0.694007418215058,48.0,0.004218890080334698,16642.0,1.4627243482693761,34750.07421875,1754839.5,1.9802423081284641,1439.625,82.94591151629477
ADNI,ADNI-1790_S_PD60510_CN_F_Accelerated_Sagittal_MPRAGE,0.0,1012.0009765625,1587431.0,11020.0,0.6942034015966678,5122.0,0.3226596935551844,13129.0,0.8270595698332714,5210.0,0.3282032415897132,28813.0,1.815071017259963,1454882.0,10108.0,0.6947642489219057,4663.0,0.3205070926714332,11700.0,0.8041889307861394,1263.0,0.08681116406691403,26060.0,1.7912105586569909,1130841.0,6042.0,0.5342926193868104,3421.0,0.30251821432013876,7381.0,0.6527000701248009,194.0,0.017155373743965776,16563.0,1.4646621408314697,28952.21484375,1761688.625,1.6434354194544452,1454.882,83.8249638889641
ADNI,ADNI-1588_S_P0E37DF_CN_M_MPRAGE_SENSE,0.0,1018.1981201171875,1573162.0,11016.0,0.7002457471004258,5179.0,0.32920957917874955,14046.0,0.892851467299617,3396.0,0.21587096560939054,29766.0,1.8921128275409653,1420886.0,9984.0,0.7026601711889624,4714.0,0.3317648284239552,12682.0,0.8925416958151463,931.0,0.06552249793438741,26925.0,1.8949444220014835,1086543.0,7825.0,0.7201739829900887,4048.0,0.3725577358650325,8065.0,0.7422623863022448,110.0,0.010123851518071535,19567.0,1.8008491150373247,33808.875,1797158.125,1.8812409731614461,1420.886,81.86623907666372
ADNI,ADNI-1798_S_P94C40A_CN_F_Accelerated_Sagittal_MPRAGE_ND,0.0,1018.5615234375,1583326.0,11125.0,0.7026348332560699,5076.0,0.32059095852654473,12789.0,0.8077300568550001,5624.0,0.35520164514446173,28537.0,1.8023451898093001,1458120.0,10456.0,0.7170877568375716,4570.0,0.3134172770416701,11877.0,0.8145420130030451,1368.0,0.09381943872932269,26485.0,1.8163799961594382,1137812.0,6549.0,0.5755783908062141,3464.0,0.30444396789627814,8256.0,0.7256031752169955,201.0,0.01766548428035563,17931.0,1.575919396174412,22996.05078125,1788249.375,1.285953240232504,1458.12,84.01152557099225
ADNI,ADNI-0445_S_P9BBE13_CN_F_Accelerated_Sagittal_MPRAGE,0.0,1009.9688720703125,1597332.0,11153.0,0.6982267931776237,5166.0,0.3234142933341347,14260.0,0.8927386416850097,3867.0,0.24209118705441324,30109.0,1.8849556635690015,1457980.0,10375.0,0.7116009821808256,4604.0,0.3157793659720984,12880.0,0.8834140386013526,704.0,0.048285984718583246,27462.0,1.8835649323035983,1139662.0,8335.0,0.7313571918691683,3625.0,0.31807676311046607,7753.0,0.6802894191435707,182.0,0.015969647140994435,19432.0,1.7050669409000214,42627.1171875,1776222.5,2.399874857316581,1457.98,84.00345928455496
ADNI,ADNI-1792_S_PB8E7B6_CN_F_Accelerated_Sagittal_MPRAGE_ND,0.0,1018.425537109375,1593188.0,11179.0,0.7016748808050274,5179.0,0.3250714918766649,13153.0,0.8255773957624587,4206.0,0.2639989756387821,29038.0,1.8226348679502986,1473487.0,10504.0,0.7128668254283886,4748.0,0.3222288354087956,12409.0,0.8421519836958182,474.0,0.03216859056102972,27210.0,1.8466399771426556,1177893.0,7290.0,0.6189017168792073,3815.0,0.3238834087646331,9534.0,0.8094113811695969,72.0,0.006112609549424269,20274.0,1.7212089722920505,53547.9140625,1747013.875,3.065110977581675,1473.487,84.89691574014803
ADNI,ADNI-0696_S_P2B12FE_CN_F_MPRAGE,0.0,1026.7857666015625,1556733.0,10949.0,0.7033319136936135,4973.0,0.3194510555117673,11890.0,0.7637790166971472,10763.0,0.6913838146939777,27392.0,1.7595824075162536,1408850.0,9482.0,0.6730311956560315,4245.0,0.30130957873442876,9564.0,0.6788515455868261,3283.0,0.2330269368633992,22973.0,1.630620719026156,1138504.0,5788.0,0.5083864439650629,3181.0,0.27940174123235406,6377.0,0.5601210008923991,248.0,0.02178297133782578,15110.0,1.327180229494143,27514.310546875,1742950.0,1.5786058433618289,1408.85,81.1727689083837
ADNI,ADNI-0306_S_P4F5CDF_CN_M_Accelerated_Sagittal_MPRAGE,0.0,1017.92041015625,1583067.0,11101.0,0.7012337443708951,4960.0,0.31331586092060537,13053.0,0.8245386960880366,8341.0,0.5268886282134616,28648.0,1.8096517708978836,1460932.0,10100.0,0.6913395010856084,4116.0,0.2817379590562737,11790.0,0.80701908097023,1419.0,0.09712977742975033,25598.0,1.7521691632464758,1191211.0,7015.0,0.5888965095184648,3176.0,0.26661943182190223,8393.0,0.7045771068265824,105.0,0.008814559301416794,18273.0,1.5339851629979913,26281.951171875,1747230.125,1.5042066179962985,1460.932,84.17354269571837
ADNI,ADNI-0885_S_P884BF8_CN_F_Accelerated_Sagittal_MPRAGE,0.0,1019.2171020507812,1607384.0,11250.0,0.6998949846458593,5245.0,0.3263065950637807,14007.0,0.871415915549738,9929.0,0.6177117602265545,30026.0,1.8680041607979176,1488202.0,10752.0,0.7224825662107698,4810.0,0.3232088117070129,13038.0,0.8760907457455372,3821.0,0.2567527795285855,28152.0,1.891678683404538,1172639.0,8596.0,0.733047425507765,3917.0,0.3340328950341921,8458.0,0.7212790978297668,817.0,0.06967191096322056,20611.0,1.7576594331247724,17566.84765625,1781406.375,0.986122420059825,1488.202,85.74474006103874
ADNI,ADNI-1139_S_P34C830_CN_M_Accelerated_Sagittal_MPRAGE,0.0,1021.9303588867188,1594458.0,10963.0,0.687569067357058,5214.0,0.3270076728267537,14093.0,0.8838740186320366,8300.0,0.5205530656812535,29806.0,1.8693499609271615,1444426.0,9786.0,0.6775009588583977,4776.0,0.3306503759971089,12990.0,0.8993191759217848,687.0,0.04756214579355398,27147.0,1.8794316912046725,1189830.0,7191.0,0.6043720531504501,3779.0,0.31760839783834666,9183.0,0.7717909281157812,89.0,0.007480060176663894,19861.0,1.6692300580755233,66755.53125,1709848.875,3.904177277070758,1444.426,83.22252752476206
ADNI,ADNI-1723_S_P90A20B_CN_F_MPRAGE_3dtferepeat,0.0,1016.5429077148438,1616317.0,11197.0,0.6927477716314312,5284.0,0.326916069063185,14637.0,0.9055773094015592,9274.0,0.5737735852558625,30642.0,1.8957914814977508,1480575.0,10845.0,0.7324856896813738,5091.0,0.34385289499012206,12856.0,0.8683112979754487,4149.0,0.28022896509801937,28327.0,1.9132431656619895,1128268.0,8668.0,0.7682571871222086,4345.0,0.3851035392300411,7451.0,0.6603927435680175,908.0,0.08047733339951146,20078.0,1.77954174008303,15776.6552734375,1814294.25,0.8695753334078802,1480.575,85.30530029920162
ADNI,ADNI-0474_S_PE72900_CN_M_Accelerated_Sag_IR-FSPGR,0.0,1024.553466796875,1610006.0,11182.0,0.6945315731742615,5225.0,0.3245329520511104,15437.0,0.9588163025479409,5728.0,0.3557750716456957,31367.0,1.9482536089927616,1459486.0,10700.0,0.7331348159557544,5027.0,0.34443632895416604,14809.0,1.0146722887372677,1485.0,0.10174814969105561,30061.0,2.059697729200554,1111614.0,7363.0,0.6623702112423917,3970.0,0.35713835917863573,10694.0,0.9620245876716197,126.0,0.011334869837911361,21667.0,1.9491478156986148,20792.751953125,1808656.75,1.1496239932272942,1459.486,84.09022948008752
ADNI,ADNI-0475_S_P4152F6_CN_F_Accelerated_Sag_IR-FSPGR,0.0,1014.8030395507812,1616965.0,10437.0,0.6454685166345592,5227.0,0.3232599345069312,15288.0,0.9454750102816079,3322.0,0.20544662376736664,30479.0,1.884951127575427,1458421.0,8534.0,0.5851533953501767,4760.0,0.3263803798765926,13793.0,0.945748861268454,626.0,0.04292313399217373,26648.0,1.8271815888553442,1105107.0,4174.0,0.3777009828007605,3228.0,0.29209841218995086,7452.0,0.6743238437544962,86.0,0.007782051873709966,14562.0,1.317700457964704,34902.55078125,1782109.125,1.9584968334220274,1458.421,84.02886808683242
ADNI,ADNI-0477_S_PDA6FD4_CN_M_Accelerated_Sag_IR-FSPGR,0.0,1017.7450561523438,1601049.0,11226.0,0.7011652985011702,5190.0,0.32416247097996376,15102.0,0.9432565774064379,7562.0,0.4723153382563557,31046.0,1.939103675152978,1457039.0,10798.0,0.7410920366579069,4908.0,0.33684753805491824,13770.0,0.9450673592127595,2955.0,0.2028085727286641,29025.0,1.9920537473602284,1095440.0,8310.0,0.7585992843058497,4219.0,0.3851420433798291,8824.0,0.8055210691594246,714.0,0.06517928868765063,20978.0,1.9150295771562111,17722.5078125,1820216.875,0.9736481435762978,1457.039,83.94924231643004
ADNI,ADNI-1726_S_P0CF21A_CN_F_MPRAGE_3dtfe,0.0,1018.0205078125,1599170.0,11231.0,0.7023018190686419,5314.0,0.33229737926549396,15016.0,0.9389870995578956,7154.0,0.44735706647823553,31084.0,1.9437583246309023,1463549.0,10577.0,0.7226953111921773,4915.0,0.3358274987718211,13352.0,0.9123029020552096,776.0,0.05302179838187857,28392.0,1.9399418810029594,1124703.0,8050.0,0.7157445121067517,4184.0,0.3720093215720061,7951.0,0.7069421882932649,46.0,0.00408996864061001,19812.0,1.7615317110383808,40527.5078125,1753912.0,2.31069220191777,1463.549,84.32432463576396
ADNI,ADNI-0964_S_PB9FE41_CN_M_Accelerated_Sagittal_MPRAGE,0.0,1024.0870361328125,1594658.0,10991.0,0.6892386956952525,5144.0,0.32257700397201156,13000.0,0.8152218218577275,3688.0,0.2312721599239461,28674.0,1.798128501534498,1454755.0,9824.0,0.6753027142027351,4502.0,0.30946791727816714,11488.0,0.7896862358266513,501.0,0.034438788662008384,25397.0,1.7457922468044447,1162855.0,6732.0,0.5789199857247894,3574.0,0.30734700371069484,8039.0,0.6913157702379058,50.0,0.0042997622231490595,18023.0,1.5498922909563102,47371.2421875,1757697.875,2.6950730760540975,1454.755,83.81764661483886
ADNI,ADNI-1218_S_P0B32F5_CN_M_Accelerated_Sagittal_MPRAGE,0.0,1013.992919921875,1604950.0,11132.0,0.6936041621234307,5108.0,0.31826536652232157,14298.0,0.8908688744197639,4308.0,0.26841957693386087,30078.0,1.8740770740521513,1468616.0,10443.0,0.7110776404451539,4470.0,0.304368194272703,12873.0,0.876539544714207,1321.0,0.0899486319092261,27379.0,1.8642722127499634,1136417.0,6959.0,0.6123632434220889,3100.0,0.27278718991356166,8078.0,0.7108306193941132,312.0,0.027454710726784272,17846.0,1.5703742552249746,26398.517578125,1799889.25,1.4666745511216872,1468.616,84.6162665884621
ADNI,ADNI-1125_S_P16350A_CN_M_Accelerated_Sagittal_MPRAGE,0.0,1015.556396484375,1626729.0,11044.0,0.6789084106818037,5198.0,0.31953693577725606,14747.0,0.9065431304169288,2596.0,0.15958404872600168,30518.0,1.8760346683436517,1499516.0,9969.0,0.6648145134830171,4656.0,0.3105001880606809,13241.0,0.8830182538899217,368.0,0.024541251977304678,27427.0,1.8290568423411289,1190517.0,6933.0,0.5823520369721726,3549.0,0.2981057809338296,7986.0,0.6708010049415506,29.0,0.0024359164967824904,18169.0,1.5261436837945195,65565.7578125,1758726.625,3.728024405868081,1499.516,86.39661123783503
ADNI,ADNI-0003_S_PC3D1DB_CN_M_MPRAGE,0.0,1014.6506958007812,1571468.0,10847.0,0.6902463174560347,5163.0,0.32854630192915163,14479.0,0.9213677911354224,4878.0,0.31041039333922166,30027.0,1.9107611481748277,1420770.0,9531.0,0.6708334213137946,4740.0,0.33362190924639457,13366.0,0.9407574765796012,1360.0,0.09572274189348029,27186.0,1.9134694567030555,1109194.0,6748.0,0.6083696810476796,3674.0,0.331231506841905,9491.0,0.8556663667491891,87.0,0.007843533232238905,19525.0,1.760287199534076,40224.74609375,1789778.0,2.2474712558624588,1420.77,81.8595555821871
ADNI,ADNI-0967_S_PFB618B_CN_F_Accelerated_Sagittal_MPRAGE,0.0,1018.161865234375,1634071.0,11095.0,0.6789790651691389,5140.0,0.31455181567997964,13860.0,0.8481883590125521,5646.0,0.34551742243758077,29624.0,1.8128955228995558,1509278.0,10339.0,0.6850295306762572,4709.0,0.31200348776037284,12735.0,0.8437809336649709,1504.0,0.0996502963668721,27343.0,1.8116609398666117,1200755.0,5984.0,0.4983531194956507,3227.0,0.26874757964780494,8505.0,0.7083043585077722,138.0,0.011492769132753976,17420.0,1.4507539006708279,22701.484375,1748197.375,1.2985652935784782,1509.278,86.95906186784082
ADNI,ADNI-0515_S_P9AB0EA_CN_F_Accelerated_Sagittal_MPRAGE,0.0,1017.2381591796875,1586456.0,11139.0,0.7021310392472278,5144.0,0.3242447316534464,13705.0,0.8638752035984609,5328.0,0.33584291023514046,29531.0,1.861444628782645,1459379.0,10425.0,0.7143449371273672,4667.0,0.3197935560262276,12589.0,0.8626271859468994,1136.0,0.07784132840064165,27249.0,1.8671640471734894,1164294.0,7286.0,0.6257869575897497,3605.0,0.30962969834079707,8297.0,0.7126206954600813,155.0,0.013312788694264506,18841.0,1.6182338825073392,33062.92578125,1787066.25,1.850123115539225,1459.379,84.08406453259614
ADNI,ADNI-0843_S_PD7474E_CN_F_Accelerated_Sagittal_MPRAGE_Phase_A-P,0.0,1013.2000732421875,1624067.0,11096.0,0.6832230443694749,5098.0,0.31390330571337266,13977.0,0.8606172036005904,5423.0,0.3339147953871361,29707.0,1.8291733038107418,1494057.0,10505.0,0.7031190911725591,4824.0,0.3228792475789076,12763.0,0.8542512099605304,1812.0,0.1212805133940673,27669.0,1.8519373758832496,1150614.0,7046.0,0.6123687005372784,3288.0,0.28576047223482415,7969.0,0.6925867406445603,376.0,0.03267820485410398,18057.0,1.5693360240706267,18861.341796875,1777797.625,1.060938631689026,1494.057,86.08208368311247
ADNI,ADNI-0435_S_P8C0FAE_CN_M_Sagittal_3D_Accelerated_0_angle_MPRAGE,0.0,1017.6151123046875,1638097.0,11233.0,0.685734727552764,5299.0,0.32348511718170536,13956.0,0.8519641999222269,15349.0,0.937001899154934,30013.0,1.8321869828221407,1524667.0,10709.0,0.7023828809831917,4851.0,0.31816783599303977,12767.0,0.837363175040845,4630.0,0.30367286758354445,27878.0,1.8284648385516313,1184932.0,8275.0,0.6983523105123333,3962.0,0.3343651787613129,8396.0,0.7085638669560785,918.0,0.07747280012692712,20292.0,1.7125033335246242,17947.89453125,1766198.375,1.0161879200715491,1524.667,87.84571959629389
ADNI,ADNI-1015_S_PC757C7_CN_M_Accelerated_Sagittal_MPRAGE,0.0,1020.70849609375,1580432.0,11040.0,0.6985431831296759,5095.0,0.3223802099679075,13545.0,0.8570441499539366,6200.0,0.3922978021199267,29224.0,1.84911467244399,1435829.0,9720.0,0.6769608358655522,4374.0,0.3046323761394985,12243.0,0.8526781392491724,1528.0,0.10641935773688929,25940.0,1.8066218191720602,1140733.0,7211.0,0.6321374063869459,3374.0,0.2957747343155673,8377.0,0.734352385702877,178.0,0.01560400198819531,18682.0,1.637718905300364,33099.625,1771287.0,1.8686765611671061,1435.829,82.72719992118085
ADNI,ADNI-1793_S_P3367F6_CN_F_Accelerated_Sagittal_MPRAGE,0.0,1017.084716796875,1609904.0,11133.0,0.6915319174311015,5222.0,0.3243671672348165,13433.0,0.8343975789860761,6674.0,0.4145588805295222,29318.0,1.82110237629076,1488010.0,10319.0,0.6934765223351994,4759.0,0.3198231194682831,12305.0,0.82694336731608,664.0,0.04462335602583316,26942.0,1.8106061115180676,1167937.0,6965.0,0.5963506593249465,3681.0,0.3151711094005927,8369.0,0.7165626228127031,78.0,0.0066784424159864785,18690.0,1.6002575481382988,40574.4765625,1718612.625,2.3608855173224392,1488.01,85.73367772535332
ADNI,ADNI-0652_S_P2F6745_CN_M_Accelerated_Sagittal_IR-FSPGR,0.0,1013.5491943359375,1561985.0,10898.0,0.697701962566862,5185.0,0.33194941052570925,12934.0,0.8280489249256555,6904.0,0.4420016837549656,28542.0,1.8272902748745985,1410372.0,9641.0,0.6835785168735624,4606.0,0.3265805050015173,11527.0,0.8173021018568152,1038.0,0.0735976040363819,25321.0,1.7953419381553235,1080011.0,5824.0,0.539253766859782,3652.0,0.3381447040817177,7102.0,0.6575858949584772,126.0,0.011666547840716437,16232.0,1.5029476551627716,32069.380859375,1779471.375,1.802185823830687,1410.372,81.26046096522336
ADNI,ADNI-1659_S_P7554FD_CN_F_Sagittal_3D_Accelerated_MPRAGE,0.0,1021.0546875,1594587.0,11094.0,0.695728737284325,5239.0,0.32854902241144573,14376.0,0.901550056535015,6133.0,0.38461369621099384,30233.0,1.8959768266014962,1457397.0,10598.0,0.7271868955404739,4849.0,0.3327164801354744,12995.0,0.891658209808309,1774.0,0.12172386796459715,27993.0,1.9207532333331274,1123421.0,7492.0,0.6668915749305024,3619.0,0.322141031723637,7785.0,0.6929726255784786,254.0,0.02260951148322846,18586.0,1.654410946564111,20203.544921875,1829783.5,1.1041494757098311,1457.397,83.96986896317684
ADNI,ADNI-1246_S_PABAE5A_CN_F_Accelerated_Sagittal_MPRAGE_ND,0.0,1025.5439453125,1590735.0,11186.0,0.7031969498376537,5174.0,0.32525844971035406,13262.0,0.8337026594624498,7594.0,0.47738938289532823,29160.0,1.8331148808569624,1456207.0,10513.0,0.7219440642710824,4625.0,0.31760594475922727,11977.0,0.8224792217040571,1572.0,0.10795168544032545,26683.0,1.8323631187049643,1163012.0,7025.0,0.6040350400511775,3459.0,0.2974173955212844,8119.0,0.6981011373915317,194.0,0.01668082530532789,18277.0,1.5715229077601949,32176.80078125,1750140.375,1.8385268542387634,1456.207,83.90130552845989
ADNI,ADNI-1432_S_P8C5564_CN_M_Accelerated_Sagittal_MPRAGE_ND,0.0,1021.222412109375,1570871.0,11026.0,0.7019035936114423,5070.0,0.32275088151732384,13077.0,0.8324681020911329,7916.0,0.5039242560337545,28712.0,1.8277758008136888,1428537.0,9845.0,0.6891666089152749,4486.0,0.3140275680643903,12075.0,0.8452703710159415,912.0,0.0638415385810798,25983.0,1.8188538343774086,1158117.0,6963.0,0.6012345902875098,3654.0,0.3155121632788397,8337.0,0.7198754529982722,90.0,0.007771235548739895,18631.0,1.6087321056508108,49979.1953125,1732033.625,2.885578812738119,1428.537,82.30706163046152
ADNI,ADNI-2097_S_P3555B9_CN_M_Accelerated_Sagittal_MPRAGE,0.0,1021.6183471679688,1609577.0,11203.0,0.6960213770450249,5239.0,0.3254892434471914,13799.0,0.8573059878464964,6753.0,0.4195512237066012,29774.0,1.8498027742692644,1467772.0,10243.0,0.6978604306390911,4706.0,0.3206220039624683,12307.0,0.8384817260446444,2414.0,0.16446696080862697,26857.0,1.8297801020867002,1158582.0,6812.0,0.5879601098584304,3772.0,0.32557039553523187,8089.0,0.6981810523553792,286.0,0.024685348123827233,18367.0,1.585299961504667,25206.53515625,1798925.5,1.4011995024946835,1467.772,84.5676384045116
ADNI,ADNI-0820_S_P08B3E6_CN_M_Accelerated_Sagittal_MPRAGE_Phase_A-P,0.0,1012.26806640625,1573046.0,10901.0,0.6929867276608567,5104.0,0.3244660359582619,13178.0,0.8377377393922365,4478.0,0.2846706326451992,28731.0,1.8264564418332332,1424550.0,9678.0,0.6793724334000211,4514.0,0.31687199466498195,11995.0,0.8420202871082095,1125.0,0.07897230704432978,25782.0,1.809834684637254,1148737.0,6814.0,0.59317319804272,3646.0,0.31739205753797434,8502.0,0.740117189574289,153.0,0.013318975535740556,18654.0,1.623870389828133,50456.8984375,1740222.125,2.89945161095455,1424.55,82.07734531599388
ADNI,ADNI-0242_S_PECCF38_CN_F_Accelerated_Sagittal_MPRAGE,0.0,1019.8499145507812,1616772.0,11236.0,0.6949650290826412,5299.0,0.32775184132332824,14807.0,0.9158372361718289,15698.0,0.9709470475738076,30865.0,1.9090508742110823,1491081.0,10993.0,0.7372503572911197,5144.0,0.3449846118353061,14006.0,0.9393185212607498,4244.0,0.28462571785167945,29670.0,1.9898315383268916,1204345.0,8905.0,0.7394060671983527,4513.0,0.374726511091091,10914.0,0.9062187330042472,345.0,0.02864627660678626,23929.0,1.9868891389095318,20423.689453125,1782536.25,1.1457657286422647,1491.081,85.9106174799884
ADNI,ADNI-1324_S_P522FA3_CN_M_Accelerated_Sag_IR-FSPGR,0.0,1014.18798828125,1586396.0,10941.0,0.6896764742220731,5233.0,0.3298671958325664,15274.0,0.9628113031046474,3866.0,0.24369703403185586,30971.0,1.952286818675791,1442135.0,9972.0,0.6914747925818318,4831.0,0.3349894427359436,13579.0,0.9415900730514133,761.0,0.05276898487312214,27917.0,1.935810447704272,1110115.0,7050.0,0.6350693396630078,3821.0,0.34419857402161036,8309.0,0.7484810132283592,136.0,0.012250983006265115,18784.0,1.6920769469829702,28344.26171875,1790682.375,1.5828748925252587,1442.135,83.090528508849
ADNI,ADNI-1013_S_P5B5F01_CN_F_Accelerated_Sagittal_MPRAGE,0.0,1021.0595703125,1626173.0,11082.0,0.6814773089947994,5121.0,0.3149111441402606,14612.0,0.8985513841393259,3553.0,0.2184884388069412,30352.0,1.866468081809254,1484539.0,9785.0,0.6591271768542288,4551.0,0.30655981419147627,13550.0,0.912741261765437,708.0,0.047691572939478184,27473.0,1.8506081685964464,1162792.0,6576.0,0.5655353666003894,3705.0,0.3186296431347997,8616.0,0.7409751701078094,84.0,0.007223991909129062,18608.0,1.6002862076794473,32399.77734375,1745749.75,1.8559233557816635,1484.539,85.53369143804026
ADNI,ADNI-2100_S_P486D6C_CN_M_Accelerated_Sagittal_MPRAGE,0.0,1015.0518798828125,1613345.0,10874.0,0.6740033904713499,5031.0,0.3118365879585582,13007.0,0.8062131782104881,2698.0,0.16723019564941163,28468.0,1.7645326944949777,1475303.0,10017.0,0.6789791656358051,4596.0,0.3115292248439812,11772.0,0.7979377795612155,562.0,0.03809386953053034,25974.0,1.7605874860960764,1164815.0,7011.0,0.6018981555010882,3709.0,0.31841966320832066,7897.0,0.6779617364130784,126.0,0.010817168391547156,18276.0,1.5690045200310778,36170.06640625,1761080.0,2.0538570880510822,1475.303,85.001546998506
ADNI,ADNI-1526_S_P688808_CN_F_Accelerated_Sagittal_IR-FSPGR,0.0,1016.9896850585938,1570339.0,11094.0,0.7064716599409427,4993.0,0.3179568233355982,13977.0,0.890062591580544,7743.0,0.4930782461621344,29619.0,1.886153244617882,1421643.0,10166.0,0.7150881058043405,4435.0,0.3119629893018149,11961.0,0.8413504656232261,1440.0,0.10129125244523415,26162.0,1.8402651017168166,1101559.0,6762.0,0.6138572695606863,3649.0,0.3312577900956735,6469.0,0.5872586034883288,129.0,0.011710675506259765,16561.0,1.503414705885023,28825.46484375,1804515.5,1.5974074394899906,1421.643,81.90985463975676
ADNI,ADNI-0790_S_PD0482C_CN_M_Accelerated_Sagittal_MPRAGE,0.0,1019.8460083007812,1583017.0,11168.0,0.7054883175607084,5168.0,0.3264652243153422,13240.0,0.8363776257614416,5322.0,0.3361934837086399,29113.0,1.8390832189420583,1457245.0,10426.0,0.7154596516028533,4703.0,0.3227322790608305,11729.0,0.8048749523930431,1088.0,0.07466143304660507,26418.0,1.8128729211628793,1142556.0,6502.0,0.5690749512496542,3391.0,0.29679070435059635,7151.0,0.6258774186998275,155.0,0.013566074660673088,16743.0,1.4653986325396742,30111.990234375,1759741.0,1.7111603488453697,1457.245,83.9611112807592
ADNI,ADNI-0472_S_P1DA57C_CN_M_ORIG_Accelerated_Sag_IR-FSPGR,0.0,1027.5413818359375,1560542.0,10977.0,0.7034094564580767,5161.0,0.33071842987884975,14386.0,0.9218592002009559,10520.0,0.6741247592182715,30051.0,1.9256771044931824,1418070.0,8965.0,0.6321972822216111,4419.0,0.3116207239416954,12533.0,0.8838068642591691,993.0,0.07002475195159619,25514.0,1.7992059630342647,1121515.0,5125.0,0.45697115063106597,3611.0,0.32197518535195696,7094.0,0.6325372375759576,53.0,0.0047257504357944395,15525.0,1.384288217277522,45366.54296875,1755120.625,2.584810543648531,1418.07,81.70399148661083
ADNI,ADNI-0448_S_PEE2753_CN_F_Accelerated_Sagittal_MPRAGE,0.0,1018.63623046875,1620890.0,11221.0,0.6922739976185923,5058.0,0.3120507869133624,13922.0,0.8589108452763606,7811.0,0.4818957486319244,29773.0,1.8368303833079358,1485238.0,10735.0,0.7227797834421149,4387.0,0.29537353609320527,12280.0,0.8268035156655027,2882.0,0.19404297493061717,27059.0,1.8218628933544658,1179684.0,8710.0,0.7383333163796407,3491.0,0.2959267057957894,8782.0,0.7444366457458099,176.0,0.014919249561747044,20745.0,1.7585217736275138,22063.802734375,1818330.875,1.2134096735488253,1485.238,85.57396525389501
ADNI,ADNI-2089_S_P164903_CN_F_Accelerated_Sagittal_MPRAGE,0.0,1019.3453369140625,1599807.0,11162.0,0.6977091611675659,5071.0,0.3169757351980583,13531.0,0.8457895233612555,7298.0,0.45618002671572255,29333.0,1.8335336699989435,1476095.0,10443.0,0.707474789901734,4440.0,0.30079364810530484,11807.0,0.7998807664818322,770.0,0.05216466419844251,26308.0,1.7822701113410722,1168458.0,7708.0,0.6596728337689501,3546.0,0.30347689005509826,7519.0,0.6434976695781962,143.0,0.012238351742210673,18511.0,1.584224679021411,55985.63671875,1739728.0,3.218068383031715,1476.095,85.04717913320839
ADNI,ADNI-1497_S_P5B4DDD_CN_F_Accelerated_Sagittal_IR-FSPGR,0.0,905.8511352539062,1571526.0,10298.0,0.6552866449552855,5152.0,0.32783421973292204,14732.0,0.9374327882580371,11351.0,0.7222915815583071,29710.0,1.8905191514489736,1414162.0,8077.0,0.5711509713880022,4625.0,0.3270488105323152,13253.0,0.93716278615887,1105.0,0.0781381482460991,25517.0,1.8043901618060731,1136678.0,4896.0,0.4307288431728246,3574.0,0.31442501746316903,8917.0,0.7844789817344929,4.0,0.00035190264965100055,17075.0,1.5021844356977085,81544.4140625,1718506.5,4.745074520375687,1414.162,81.47882686234709
ADNI,ADNI-0853_S_P11D844_CN_F_Accelerated_Sagittal_MPRAGE_Phase_A-P,0.0,1023.61181640625,1629080.0,11229.0,0.6892847496746629,5224.0,0.3206717902128809,13414.0,0.8234095317602573,12122.0,0.7441009649618189,29400.0,1.8046995850418641,1504974.0,10603.0,0.7045304437153067,4684.0,0.31123461269098335,11565.0,0.7684518137854873,3641.0,0.2419310898394258,26446.0,1.7572396599542583,1214431.0,7609.0,0.6265485647187861,3783.0,0.31150390594442995,7142.0,0.588094342124007,380.0,0.03129037384585868,18278.0,1.5050669819858025,19245.099609375,1781054.625,1.0805451634800365,1504.974,86.71108117622589
ADNI,ADNI-1425_S_P71CEF3_CN_F_MPRAGE,0.0,1019.372314453125,1588428.0,11072.0,0.6970413515752681,5086.0,0.32019077981501204,13404.0,0.8438531680378336,5560.0,0.3500316035728406,29108.0,1.8325035821579576,1436859.0,10021.0,0.6974240339518353,4493.0,0.3126959569449751,11758.0,0.8183127224035205,1292.0,0.08991835663763807,25887.0,1.8016381565623347,1090006.0,6292.0,0.5772445289291985,3667.0,0.33642016649449635,6107.0,0.5602721452909434,86.0,0.007889864826432148,15836.0,1.4528360394346453,28006.57421875,1767440.875,1.5845833722019131,1436.859,82.78654474282662
ADNI,ADNI-0088_S_PEED9AA_CN_M_MP-RAGE,0.0,1018.9861450195312,1600834.0,10766.0,0.672524446632193,5009.0,0.3128994011871312,13243.0,0.8272562926574523,2885.0,0.18021856107503964,28561.0,1.7841325209234686,1444586.0,9405.0,0.6510515815603917,4441.0,0.3074237186294205,12160.0,0.8417636610073751,644.0,0.04458024652045638,25572.0,1.7701957515855755,1121450.0,6443.0,0.5745240536805029,3372.0,0.30068215257033304,7820.0,0.6973115163404521,112.0,0.009987070310758394,17298.0,1.5424673413883812,34937.78125,1769795.125,1.9741144472866599,1444.586,83.23174613783324
ADNI,ADNI-1427_S_PDD2376_CN_M_MPRAGE,0.0,1017.6923828125,1581176.0,11201.0,0.7083967882133297,5236.0,0.3311459318886702,13899.0,0.8790292794729999,6308.0,0.39894357111415807,29860.0,1.8884678239487571,1438304.0,10525.0,0.7317646339021514,4871.0,0.33866275835984605,12497.0,0.868870558657975,1220.0,0.0848221238347387,27445.0,1.9081501546265602,1126901.0,8374.0,0.7430998818884711,4121.0,0.36569317091740977,8014.0,0.7111538635603305,125.0,0.011092367475048827,20124.0,1.7857824245430611,33035.1328125,1768887.5,1.8675655072750528,1438.304,82.86980034212577
ADNI,ADNI-0002_S_P2E28EF_CN_F_MPRAGE,0.0,1019.2503662109375,1629861.0,10850.0,0.6657009401415213,5267.0,0.3231563918640915,15160.0,0.9301406684373699,4263.0,0.26155604680399125,30806.0,1.8900998305990508,1501624.0,9200.0,0.6126700159294204,4688.0,0.312195329856209,13491.0,0.8984273027069359,720.0,0.047948088203172035,26953.0,1.7949233629723553,1172807.0,5791.0,0.4937726326667559,3450.0,0.29416604778109273,8242.0,0.7027584248729757,29.0,0.0024727001117830984,17193.0,1.4659701042029933,35556.37109375,1739966.625,2.0435087997018333,1501.624,86.51806646504792
ADNI,ADNI-0553_S_PF9AB5D_CN_M_MPRAGE_GRAPPA2,0.0,1012.670654296875,1595979.0,11090.0,0.6948712984318716,5063.0,0.3172347505825578,13692.0,0.8579060250792773,3377.0,0.2115942628317791,29398.0,1.8420041867718813,1462114.0,10181.0,0.6963205331458422,4469.0,0.3056533211500608,12582.0,0.8605348146587749,711.0,0.0486282191402312,26829.0,1.8349458386965722,1149905.0,7509.0,0.6530104660819807,3512.0,0.3054165344093643,7628.0,0.6633591470599746,59.0,0.005130858636148204,18367.0,1.5972623825446448,40357.4140625,1783649.625,2.262631264394205,1462.114,84.24164519978174
ADNI,ADNI-0991_S_P921C10_CN_M_MPRAGE_GRAPPA2,0.0,1014.6692504882812,1604804.0,11126.0,0.6932933866067134,5159.0,0.3214722794808587,13858.0,0.8635322444360806,5580.0,0.3477060126968776,29676.0,1.849197783654577,1478656.0,10392.0,0.7028003808864266,4789.0,0.32387519477146814,12786.0,0.8647041637811634,938.0,0.06343598511080333,27539.0,1.8624345351454292,1210932.0,7665.0,0.6329835201316012,3791.0,0.3130646477258839,8761.0,0.7234923183134974,139.0,0.011478761813214946,19898.0,1.6431971407147552,35193.390625,1773184.0,1.9847568343161228,1478.656,85.19473455867906
ADNI,ADNI-1238_S_PB9957D_CN_M_MPRAGE_GRAPPA2,0.0,1012.508056640625,1607931.0,11194.0,0.6961741517515366,4981.0,0.30977697426071144,13234.0,0.823045267489712,4893.0,0.3043041026014176,28963.0,1.8012588848650843,1476837.0,10418.0,0.705426529806607,4291.0,0.2905533921482195,12099.0,0.8192508719648818,1009.0,0.0683216902068407,26431.0,1.789703264476716,1162188.0,8129.0,0.6994565423150128,3303.0,0.28420530929591425,7857.0,0.6760524114859213,150.0,0.01290668979545478,19013.0,1.6359659538732116,30688.818359375,1763645.5,1.7400786246088003,1476.837,85.08993045132601
ADNI,ADNI-0996_S_PB4DA11_CN_F_MPRAGE_GRAPPA2,0.0,1017.3486328125,1607883.0,11041.0,0.6866793168408398,5139.0,0.3196128076483177,13670.0,0.8501862386753265,5920.0,0.3681859936326213,29383.0,1.8274339613019104,1469134.0,10134.0,0.6897941236129584,4682.0,0.31869114730174375,12401.0,0.8441027162940888,1540.0,0.10482365801894176,26787.0,1.8233190437359696,1151135.0,7319.0,0.6358072684785017,3571.0,0.3102155698506257,8075.0,0.7014815812220113,260.0,0.02258640385358798,18669.0,1.6217906674716693,23721.34375,1778223.25,1.3339913168945463,1469.134,84.64611184828007
ADNI,ADNI-0936_S_P998D9E_CN_M_MPRAGE,0.0,1023.047119140625,1575404.0,10272.0,0.6520232270579484,4978.0,0.31598244005981957,14209.0,0.9019273786279582,4650.0,0.29516238374410625,29003.0,1.8409880894043686,1436311.0,8205.0,0.5712551111841377,4167.0,0.2901182264843756,12754.0,0.8879692489996944,302.0,0.021026086968630054,24747.0,1.7229555437506223,1136113.0,5484.0,0.4826984639732139,3317.0,0.2919603947846737,7925.0,0.6975538524777025,12.0,0.0010562329627422625,16448.0,1.4477433142653944,78449.2109375,1728045.625,4.539765027182081,1436.311,82.75497099305781
ADNI,ADNI-1603_S_PB50F97_CN_M_MPRAGE_SENSE2,0.0,1023.7861938476562,1619559.0,11182.0,0.6904348652935768,5200.0,0.3210750580868002,14455.0,0.8925269162778262,8240.0,0.5087804766606219,30361.0,1.8746461228025653,1479517.0,10517.0,0.7108400917326398,4801.0,0.32449779218488195,12972.0,0.8767726224166401,2882.0,0.19479330078667564,27829.0,1.8809516889633577,1120546.0,7380.0,0.6586075002721887,3897.0,0.34777688733885087,7318.0,0.6530744833322327,643.0,0.05738274019986685,18242.0,1.6279563712690064,19921.923828125,1761042.75,1.1312572524502884,1479.517,85.2443422202684
ADNI,ADNI-1474_S_P096BAE_CN_F_MPRAGE,0.0,1013.7638549804688,1619714.0,11156.0,0.6887635718404607,5244.0,0.3237608614854227,14903.0,0.920100709137539,7758.0,0.47897344839891487,30826.0,1.903175498884371,1481760.0,10598.0,0.7152305366591081,4940.0,0.33338732318324155,13617.0,0.918974732750243,2260.0,0.15252132599071375,28681.0,1.935603606521974,1130268.0,7904.0,0.6993031741144579,4031.0,0.3566410798146988,8706.0,0.7702597967915574,404.0,0.03574373511414992,20224.0,1.789310145912297,18019.27734375,1774265.375,1.0155908804651053,1481.76,85.37357565226009
ADNI,ADNI-0994_S_P8F6037_CN_M_MPRAGE,0.0,1022.9254760742188,1599929.0,11210.0,0.7006560916140654,5205.0,0.32532693638280197,13557.0,0.8473501011607389,7670.0,0.47939627320962364,29501.0,1.8438943228105749,1468885.0,10574.0,0.7198657485099241,4736.0,0.32242142849848693,12480.0,0.8496240345568238,1378.0,0.09381265381564928,27358.0,1.8625011488305758,1167018.0,7009.0,0.6005905650127076,3858.0,0.33058616062477186,8236.0,0.7057303314944585,73.0,0.006255259130536118,18785.0,1.6096581200975477,41785.8984375,1759249.5,2.375211613673899,1468.885,84.63176538168803
ADNI,ADNI-0225_S_P77EE4C_CN_M_MPRAGE,0.0,1019.88427734375,1589117.0,11170.0,0.7029060792880575,5263.0,0.33119021443984303,14566.0,0.9166096643607738,4330.0,0.27247836377057194,30524.0,1.9208151445110713,1450898.0,10394.0,0.7163839222329895,4877.0,0.33613665467868864,12905.0,0.8894491549371492,885.0,0.06099670686705751,27723.0,1.910747688672808,1145393.0,7849.0,0.6852669782336718,4084.0,0.3565588405027794,7927.0,0.6920768679396504,99.0,0.008643321549895975,19484.0,1.701075526042153,32711.26953125,1772864.875,1.8451078811773516,1450.898,83.59542042349156
ADNI,ADNI-2060_S_PD8E0F2_CN_M_MPRAGE_GRAPPA2,0.0,1019.7374267578125,1593882.0,11093.0,0.6959737295483606,5152.0,0.3232359735538766,13698.0,0.8594111734745734,7468.0,0.4685415858890432,29476.0,1.8493213424833206,1467559.0,10380.0,0.7072969468348461,4682.0,0.319033170046315,12456.0,0.8487563362018153,1108.0,0.07549951995115699,27105.0,1.8469444840037097,1176031.0,7069.0,0.6010895971279668,3348.0,0.2846863730632951,8568.0,0.7285522235383252,164.0,0.013945210627951135,18745.0,1.5939205684203903,33927.3515625,1759353.125,1.9283991985690763,1467.559,84.55536612586057
ADNI,ADNI-0687_S_P7BFE06_CN_M_MPRAGE,0.0,1014.57958984375,1608506.0,10924.0,0.6791395245028616,5308.0,0.3299956605694974,13746.0,0.8545818293497196,6941.0,0.43151844009285634,29501.0,1.8340621670046613,1476125.0,9904.0,0.6709458887289356,4796.0,0.32490473367770345,12681.0,0.8590735879414005,596.0,0.04037598441866373,26947.0,1.8255229062579388,1138486.0,7310.0,0.6420807985341936,3798.0,0.3336009401960147,8114.0,0.7127009027778998,38.0,0.0033377661209711843,18881.0,1.6584305823699192,59452.2109375,1754840.0,3.387899235115452,1476.125,85.04890762315924
ADNI,ADNI-1688_S_P51A0BE_CN_F_MPRAGE_GRAPPA2,0.0,1014.7950439453125,1643246.0,11199.0,0.6815169487709083,5248.0,0.319367885270982,14714.0,0.8954228399156303,7381.0,0.4491719438233837,30695.0,1.8679491689010654,1528176.0,10328.0,0.6758383851074745,4718.0,0.3087340725152077,13067.0,0.8550716671378167,1792.0,0.1172639800651234,27714.0,1.8135345666991238,1207987.0,6948.0,0.5751717526761463,3461.0,0.28650970581637053,8414.0,0.6965306745850741,228.0,0.01887437530370774,18563.0,1.5366887226435384,21135.0546875,1729818.75,1.2218074689906095,1528.176,88.04789530421135
ADNI,ADNI-1731_S_PDEE1AF_CN_F_MPRAGE_SENSE2,0.0,1019.7371826171875,1640070.0,11230.0,0.6847268714140251,5301.0,0.3232179114306097,14652.0,0.8933765022224661,8394.0,0.5118074228539026,30707.0,1.8722981336162479,1509635.0,10383.0,0.6877821460154276,5060.0,0.33518035816604674,13506.0,0.8946533433578315,2287.0,0.15149357294975274,28508.0,1.8884034882604075,1188991.0,7860.0,0.6610647178994626,4345.0,0.3654359032154154,8262.0,0.6948748981279085,262.0,0.022035490596648756,20118.0,1.6920229000892355,26952.23828125,1764507.5,1.5274652151521033,1509.635,86.9796308982559
ADNI,ADNI-0340_S_P99D7B1_CN_M_Accelerated_SAG_IR-SPGR,0.0,1012.12548828125,1563453.0,11125.0,0.711566001664265,5219.0,0.3338124011402965,15194.0,0.9718232655538734,7138.0,0.4565535388655751,31068.0,1.9871400035690232,1415614.0,10302.0,0.7277407541886418,4697.0,0.33179948771345863,13925.0,0.9836721027059637,1642.0,0.11599207128496893,28499.0,2.0131900362669484,1149802.0,7612.0,0.6620270272620852,3848.0,0.33466631646144296,9440.0,0.8210109218804629,290.0,0.025221733828954897,20552.0,1.787438185009245,34030.18359375,1767079.125,1.9257871994696332,1415.614,81.56248577596811
ADNI,ADNI-1316_S_P0984F5_CN_M_MPRAGE,0.0,1022.3977661132812,1608995.0,10475.0,0.6510275047467519,5089.0,0.31628438870226444,13051.0,0.8111274429069077,4890.0,0.30391641987700396,28145.0,1.749228555713349,1462193.0,8623.0,0.5897306306349435,4482.0,0.30652588269811165,11707.0,0.80064669985426,582.0,0.0398032270705714,24358.0,1.6658539604552887,1159068.0,5513.0,0.47564077344901246,3679.0,0.3174101950877774,8222.0,0.7093630399596917,57.0,0.004917744256592365,17028.0,1.4691113894956982,75499.6171875,1672592.625,4.513927423750299,1462.193,84.24619688998564
ADNI,ADNI-1604_S_P2924FC_CN_M_MPRAGE_SENSE2,0.0,1018.0294189453125,1605719.0,11238.0,0.6998733900514349,5313.0,0.33087981147386314,15475.0,0.9637427221076664,15158.0,0.9440007871863009,31551.0,1.9649141599495303,1476731.0,10844.0,0.7343246671194686,5063.0,0.3428518802679703,14670.0,0.99341044509799,1671.0,0.11315534108784876,30127.0,2.0401142794456133,1176857.0,8124.0,0.6903132666075827,3835.0,0.32586796866569173,9827.0,0.8350207374387882,181.0,0.01537994845592965,21474.0,1.8246906803460403,39899.453125,1749055.125,2.2812004352921695,1476.731,85.08382312016634
ADNI,ADNI-1347_S_PF01736_CN_M_MPRAGE_SENSE2,0.0,1020.5736083984375,1624465.0,11222.0,0.6908120519678786,5243.0,0.3227524138716439,14178.0,0.8727796536090343,6302.0,0.3879431074230593,30170.0,1.8572268408368293,1479899.0,10627.0,0.7180895453000509,4827.0,0.3261709076092355,12656.0,0.855193496312924,1915.0,0.1294007226168813,27651.0,1.8684383191015064,1135544.0,8370.0,0.7370916494649261,4037.0,0.35551242400118355,7828.0,0.6893612224625377,387.0,0.03408058164192669,19868.0,1.7496459846558126,23222.251953125,1782590.25,1.3027251749595847,1479.899,85.26635165897585
ADNI,ADNI-0052_S_P7C35F9_CN_F_Sag_IR-SPGR,0.0,1017.8206787109375,1603585.0,11134.0,0.6943192908389639,5114.0,0.31891044129247903,14118.0,0.8804023484879192,3741.0,0.23328978507531564,29897.0,1.8643851121081825,1459340.0,10436.0,0.7151177929749065,4592.0,0.31466279276933407,12572.0,0.8614853289843355,1054.0,0.07222443022188112,27169.0,1.8617320158427781,1094625.0,7704.0,0.703802672147996,3814.0,0.34842982756651825,7548.0,0.6895512161699212,289.0,0.026401735754253742,18734.0,1.7114536941875071,32527.033203125,1780984.0,1.826351792218515,1459.34,84.08181749566005
ADNI,ADNI-1551_S_PDF47D0_CN_F_MPRAGE_GRAPPA2,0.0,1012.11474609375,1625722.0,11175.0,0.6873868964066427,5188.0,0.3191197511013568,13613.0,0.8373510354168794,5502.0,0.3384342464455793,29505.0,1.8148859399085453,1497089.0,10608.0,0.708575108093106,4804.0,0.32088940604065624,12429.0,0.8302111631305821,1673.0,0.1117502032277306,27400.0,1.8302185107231435,1164702.0,7498.0,0.6437698226670857,3952.0,0.3393142623606725,7671.0,0.6586234075325705,292.0,0.025070790640009204,18821.0,1.615949830943881,22984.408203125,1753454.625,1.310807127565391,1497.089,86.25677640081146
ADNI,ADNI-1755_S_P199F81_CN_M_MPRAGE_GRAPPA2,0.0,1021.3726806640625,1575154.0,10889.0,0.6912974858331312,4976.0,0.31590561938705675,13302.0,0.8444888563276987,4737.0,0.3007324998063681,28720.0,1.82331378392208,1432006.0,9058.0,0.6325392491372244,4100.0,0.2863116495321947,11819.0,0.8253457038587828,618.0,0.0431562437587552,24607.0,1.7183587219606622,1115616.0,5783.0,0.5183683274531738,3118.0,0.279486848521355,7682.0,0.6885881880503686,103.0,0.009232567478415511,16337.0,1.4643927659696525,47485.78125,1745062.625,2.721150551831915,1432.006,82.5069326851112
ADNI,ADNI-1265_S_PBA8483_CN_M_Accelerated_SAG_IR-SPGR,0.0,1029.7919921875,1620643.0,11178.0,0.6897262382893703,5238.0,0.3232050488602363,15068.0,0.929754424632692,5986.0,0.36935956901057176,31007.0,1.9132529496008683,1504450.0,10569.0,0.7025158695868923,4926.0,0.3274286284024062,13652.0,0.9074412576024461,1706.0,0.1133969224633587,28680.0,1.9063445112831934,1206622.0,7289.0,0.6040831345690697,3674.0,0.30448640916542213,8680.0,0.7193636449526033,322.0,0.026686070699854635,19263.0,1.596440310221428,22787.453125,1811880.625,1.2576685688109281,1504.45,86.68089021841774
ADNI,ADNI-0700_S_PD5CAB0_CN_F_MPRAGE,0.0,1021.87744140625,1605297.0,11011.0,0.6859166870678759,5188.0,0.32318007197422033,14226.0,0.8861911534127329,5297.0,0.32997009276165096,29965.0,1.866632778856498,1460746.0,10057.0,0.68848382949534,4647.0,0.31812512236898133,12410.0,0.8495659067353256,1510.0,0.10337183877279144,26697.0,1.8276278011372271,1154161.0,6884.0,0.5964505818512322,3700.0,0.3205791912913363,6690.0,0.5796418350646054,108.0,0.009357446664720086,17030.0,1.4755307101868804,24976.494140625,1785448.625,1.3988917850058553,1460.746,84.1628260580231
ADNI,ADNI-0345_S_P723528_CN_F_Sag_IR-SPGR,0.0,1016.7431640625,1596485.0,11131.0,0.6972192034375518,5289.0,0.3312903033852495,15441.0,0.967187289576789,3005.0,0.18822600901355163,31384.0,1.965818657863995,1443396.0,10344.0,0.7166432496695294,4978.0,0.34488109985063004,14027.0,0.9718053811982297,649.0,0.04496340574589371,28874.0,2.000421228824245,1108083.0,6834.0,0.6167408037123573,4064.0,0.3667595297464179,9718.0,0.8770101156682306,153.0,0.013807629933858744,20189.0,1.8219754296383937,29722.44140625,1819108.625,1.6339014063137653,1443.396,83.16318270311629
ADNI,ADNI-0295_S_PAE79DC_CN_F_MPRAGE,0.0,1022.978515625,1659876.0,11256.0,0.6781229441235369,5279.0,0.3180358050842352,15468.0,0.9318768389927923,9249.0,0.5572102976366909,31537.0,1.8999612019211072,1534479.0,11000.0,0.7168556884779785,4825.0,0.3144389724460224,14126.0,0.9205730414036295,2685.0,0.1749779566875793,29537.0,1.9248878609612774,1219553.0,8896.0,0.7294475926835489,4078.0,0.33438481148420773,9541.0,0.782335823043361,267.0,0.02189326745127108,22180.0,1.818699146326564,21240.619140625,1779155.625,1.193859538882384,1534.479,88.41105104288441
ADNI,ADNI-0292_S_P6297EC_CN_F_MPRAGE_GRAPPA2,0.0,1014.8604125976562,1617729.0,11025.0,0.6815109329189252,4998.0,0.3089516229232461,14035.0,0.8675742352396477,2893.0,0.17883094139995018,29609.0,1.8302818333602229,1487750.0,10010.0,0.6728280961182995,4315.0,0.29003528818685936,12917.0,0.8682238279280793,368.0,0.024735338598554864,26856.0,1.8051419929423627,1176278.0,7605.0,0.6465308370980329,3429.0,0.2915127206323675,8992.0,0.7644451396693639,81.0,0.006886127259032304,19752.0,1.679194884202544,46333.29296875,1744277.0,2.65630361282927,1487.75,85.71869747911263
ADNI,ADNI-0551_S_PBD844E_CN_M_MPRAGE,0.0,1016.7468872070312,1601424.0,11129.0,0.6949439998401423,5178.0,0.3233372298654198,14626.0,0.9133121521845557,6106.0,0.38128565576636797,30459.0,1.9019947246950213,1469298.0,10175.0,0.692507578449028,4675.0,0.3181791576657696,12870.0,0.8759285046328247,2039.0,0.13877375454128432,27278.0,1.8565328476592222,1156268.0,7054.0,0.6100661784292223,3660.0,0.31653561285099996,7287.0,0.6302172160779335,238.0,0.020583463349327317,17671.0,1.5282789111174917,22540.55078125,1760684.0,1.2802155742455774,1469.298,84.65556092667804
ADNI,ADNI-0871_S_PD01A73_CN_M_MPRAGE,0.0,1022.9708862304688,1582107.0,11260.0,0.7117091321889101,5296.0,0.334743478159189,14259.0,0.9012664756555657,16224.0,1.0254679361130443,30338.0,1.9175694185032996,1447285.0,10971.0,0.7580400543085847,5096.0,0.35210756692703926,13335.0,0.9213803777417716,2938.0,0.20300079113650732,28935.0,1.9992606846612797,1136104.0,9125.0,0.8031835113686775,4267.0,0.37558181293261883,9692.0,0.8530909142120793,253.0,0.022269088041235664,22716.0,1.9994648377261237,27594.783203125,1782510.875,1.5480849845095614,1447.285,83.38725261707782
ADNI,ADNI-0123_S_P122797_CN_F_MPRAGE_SENSE2,0.0,1020.016845703125,1611047.0,11071.0,0.6871928627780567,5227.0,0.32444739352731483,15030.0,0.9329336760504193,4066.0,0.2523824568743184,30851.0,1.9149658576068855,1462853.0,10209.0,0.6978828358009999,4781.0,0.32682709745955335,12883.0,0.8806763222278656,1144.0,0.07820334647432108,27418.0,1.874282651777041,1107265.0,6563.0,0.5927217061859626,3882.0,0.35059357967604865,7493.0,0.6767124401114458,329.0,0.029712851033853686,17589.0,1.58850862259712,34956.48046875,1770277.25,1.9746330959599692,1462.853,84.28422366890429
ADNI,ADNI-0688_S_P3FEDDC_CN_M_MPRAGE_SENSE2,0.0,1020.5159912109375,1599954.0,10832.0,0.6770194643095989,5164.0,0.3227592793292807,14465.0,0.9040884925441606,5572.0,0.34826001247535865,30007.0,1.875491420378336,1456162.0,9429.0,0.6475241078945887,4607.0,0.31637963358472476,12865.0,0.8834868647856489,518.0,0.03557296509591652,26490.0,1.8191657246927198,1145660.0,6308.0,0.5505996543477123,3737.0,0.3261875250947052,7067.0,0.6168496761691951,75.0,0.006546444844020042,16791.0,1.4656180716792069,63130.3359375,1750984.375,3.6054197192650563,1456.162,83.8987127935336
ADNI,ADNI-1508_S_P319A7B_CN_F_MP-RAGE_REPEAT,0.0,1015.7352294921875,1597039.0,9062.0,0.5674250910591414,3922.0,0.24557947551687842,10954.0,0.685894333200379,2095.0,0.1311802654788017,23624.0,1.479237513924206,1443659.0,7287.0,0.5047590878455369,3397.0,0.23530487462759558,9777.0,0.6772374916791293,351.0,0.0243132207813618,20177.0,1.3976292185342938,1136117.0,3884.0,0.34186619863975276,2589.0,0.22788145939194646,6287.0,0.5533761047497748,61.0,0.005369165323641843,12541.0,1.1038475790785631,49435.87109375,1738453.875,2.8436688372735803,1443.659,83.17833579835205
ADNI,ADNI-0268_S_PEE30F8_CN_F_MPRAGE,0.0,1023.492919921875,1629481.0,11241.0,0.6898515539610465,5261.0,0.3228635375312753,15175.0,0.931278118615682,9659.0,0.5927654265376522,31204.0,1.9149655626546123,1493406.0,10368.0,0.6942519314908336,4760.0,0.31873449015204175,13483.0,0.902835531663861,3000.0,0.20088308202859773,28173.0,1.8864930233305612,1148724.0,7650.0,0.6659563132658497,3811.0,0.331759413053092,8061.0,0.7017351426452307,471.0,0.041002016150093495,19197.0,1.6711586072894795,25369.4609375,1772348.625,1.431403538764841,1493.406,86.04457545117909
ADNI,ADNI-1757_S_P0BAEAA_CN_M_MPRAGE_GRAPPA2,0.0,1010.1884155273438,1631805.0,11075.0,0.6786962903042949,5085.0,0.31161811613519996,13724.0,0.8410318634885907,5649.0,0.3461810694292517,29412.0,1.8024212451855461,1507590.0,10470.0,0.6944859013392235,4734.0,0.3140111038146976,12544.0,0.8320564609741374,1509.0,0.10009352675462162,27296.0,1.8105718398238249,1170284.0,6898.0,0.5894295743597281,3313.0,0.28309367640675254,7676.0,0.6559091639294394,316.0,0.027001992678700217,17573.0,1.5016013207050598,18402.45703125,1793778.125,1.0259048638610195,1507.59,86.86180549993979
ADNI,ADNI-0510_S_P283F2D_CN_M_MPRAGE,0.0,1017.2520751953125,1603951.0,11139.0,0.6944725867560791,5270.0,0.32856365312905444,14461.0,0.9015861457114338,8305.0,0.5177838973883866,30396.0,1.8950703606282235,1475891.0,10340.0,0.700593743033869,4776.0,0.32360113314601147,13026.0,0.8825855025879282,1966.0,0.1332076691300374,27694.0,1.8764258336150839,1175199.0,7430.0,0.632233349415716,4026.0,0.34258027789336104,8450.0,0.7190271605064333,108.0,0.009189932939017136,19534.0,1.6621865743588957,26372.154296875,1791499.75,1.4720713355876829,1475.891,85.03542540154262
ADNI,ADNI-1206_S_P1A8157_CN_F_MPRAGE,0.0,1019.5198974609375,1642403.0,10463.0,0.6370543648544237,5082.0,0.3094246661751105,15267.0,0.9295526128483691,1395.0,0.08493652288750082,30339.0,1.8472323784113887,1504038.0,9200.0,0.6116866728101285,4600.0,0.3058433364050642,14177.0,0.9425958652640426,342.0,0.022738787184898253,27536.0,1.8308048067934453,1164035.0,6768.0,0.581425816234048,3647.0,0.3133067304677265,8359.0,0.7181055552453319,81.0,0.006958553651737275,18468.0,1.5865502325960987,60642.421875,1742719.875,3.4797572888758155,1504.038,86.65715228975944
ADNI,ADNI-0056_S_P12F18C_CN_F_Sag_IR-SPGR,0.0,1022.509765625,1638229.0,11197.0,0.6834819796255591,5302.0,0.3236421770094413,15304.0,0.9341795316771953,3824.0,0.23342279986497613,31326.0,1.912186879856235,1498892.0,10754.0,0.717463299557273,5072.0,0.3383832857871014,13880.0,0.9260173514836292,929.0,0.06197911523979046,29234.0,1.9503740096017592,1143499.0,7819.0,0.683778472915149,4245.0,0.37122900850809665,8969.0,0.7843469911211116,138.0,0.012068222184715508,20622.0,1.8034121586464003,30195.494140625,1794304.0,1.6828527462807306,1498.892,86.3606586468574
ADNI,ADNI-1518_S_PEAE63C_CN_F_Accelerated_Sag_IR-SPGR,0.0,1015.7930297851562,1600848.0,11067.0,0.6913210998170969,5293.0,0.330637262251007,15382.0,0.9608657411571866,5425.0,0.3388828920672044,31265.0,1.9530273954803956,1438957.0,10265.0,0.7133639156694744,4940.0,0.34330421270406275,13727.0,0.9539548436819167,1359.0,0.09444340588356706,28472.0,1.9786553733016343,1120359.0,6688.0,0.5969515128632876,3818.0,0.3407836238205789,7346.0,0.6556826874242988,77.0,0.006872797023097061,17509.0,1.5628026373689148,25900.4140625,1802199.625,1.4371556681741071,1438.957,82.90742380672256
ADNI,ADNI-1437_S_P08AC7C_CN_M_MPRAGE_GRAPPA2,0.0,1024.521240234375,1573219.0,10996.0,0.6989490973602531,5174.0,0.3288798317335349,13961.0,0.8874161829980443,7313.0,0.4648431019457558,29662.0,1.8854336236722287,1413175.0,9488.0,0.6713959700674014,4459.0,0.3155306313796946,12742.0,0.9016576149450706,2059.0,0.1457002848196437,26297.0,1.8608452597873582,1129657.0,6553.0,0.5800875841073884,3507.0,0.31044821569733116,8899.0,0.7877612408014114,229.0,0.020271639975674032,18671.0,1.652802576357248,39421.77734375,1754070.875,2.2474449525165285,1413.175,81.4219595429642
ADNI,ADNI-0182_S_PDADBD7_CN_M_MPRAGE_GRAPPA2,0.0,1016.4309692382812,1613006.0,10793.0,0.6691233634592804,5045.0,0.312770070291121,13326.0,0.8261593571257639,2284.0,0.1415989773131656,28698.0,1.7791626317571043,1476505.0,9379.0,0.6352162708558386,4396.0,0.29773011266470484,12003.0,0.8129332443845432,378.0,0.025600996948875892,25387.0,1.719398173389186,1153113.0,5943.0,0.5153874772030148,3293.0,0.28557478755334476,8142.0,0.7060886487274014,78.0,0.006764298034971421,17093.0,1.4823352091252116,49196.65625,1737629.0,2.831252025029509,1476.505,85.0708018292033
ADNI,ADNI-1207_S_P3AC788_CN_M_MPRAGE_GRAPPA2,0.0,1020.148193359375,1599242.0,11232.0,0.7023327301308996,5245.0,0.32796787478067735,14278.0,0.8927979630349879,9294.0,0.581150319964083,30285.0,1.8937096449442925,1478259.0,10729.0,0.7257862120237387,4674.0,0.31618275281936387,13132.0,0.8883422999623205,894.0,0.060476547073280124,28114.0,1.9018318170225919,1163353.0,8378.0,0.7201597451504401,3686.0,0.31684278116788284,8808.0,0.7571218710056191,117.0,0.01005713656989753,20564.0,1.7676492001997675,37365.71484375,1770284.125,2.110718517783127,1478.259,85.17186087499618
ADNI,ADNI-0703_S_P9A9BC4_CN_M_MPRAGE,0.0,1018.6883544921875,1589431.0,11196.0,0.7044030222136097,5221.0,0.3284823310983616,14144.0,0.8898782016960786,5089.0,0.3201774723155645,30095.0,1.8934448868809028,1452251.0,10547.0,0.7262518669293393,4684.0,0.32253377687465873,12560.0,0.8648642693308527,1057.0,0.07278356151932414,27392.0,1.8861753236871586,1159380.0,7980.0,0.688298918387414,3929.0,0.33888802635891596,8095.0,0.6982180130759544,76.0,0.006555227794165847,19728.0,1.7015991305697875,41787.1953125,1775572.5,2.353449116411749,1452.251,83.67337532027477
ADNI,ADNI-1566_S_PC71BAA_CN_F_MPRAGE,0.0,1020.7667846679688,1597726.0,11242.0,0.7036250270697229,5269.0,0.3297812015326783,13789.0,0.8630390943127921,10617.0,0.6645069304749375,29832.0,1.8671536921850178,1457752.0,10715.0,0.7350358634390486,4857.0,0.3331842453311674,12039.0,0.8258606402186379,2711.0,0.18597127632134958,27171.0,1.8638972884276614,1113091.0,7991.0,0.7179107548259756,4035.0,0.36250405402613084,7550.0,0.678291352638733,199.0,0.017878142937100383,19220.0,1.7267231520154236,33867.23828125,1766899.25,1.9167611442050247,1457.752,83.99032276092852
ADNI,ADNI-1482_S_P30468E_CN_M_MP-RAGE_REPEAT,0.0,1016.57861328125,1612483.0,10901.0,0.6760381349756867,4959.0,0.30753812598334374,13526.0,0.8388305489112133,4939.0,0.3062978028295492,28932.0,1.7942514742791085,1469971.0,10183.0,0.6927347546312138,4536.0,0.3085775161550806,12231.0,0.8320572310610209,1938.0,0.13183933560594052,26537.0,1.8052737094813434,1148886.0,6587.0,0.5733379987222404,3156.0,0.27470088416083055,6404.0,0.5574095254011276,605.0,0.05265970688127456,15911.0,1.3849067705586107,21800.453125,1785227.625,1.2211581772380427,1469.971,84.69433671790871
ADNI,ADNI-1242_S_P84AF8F_CN_M_MPRAGE_GRAPPA2,0.0,1023.0408935546875,1605018.0,11157.0,0.6951323910386051,5212.0,0.3247315606429336,13810.0,0.8604264874288013,3890.0,0.24236488313526702,29704.0,1.8506957554370107,1464519.0,10304.0,0.7035757132546591,4855.0,0.33150816069986117,12510.0,0.8542053739145754,672.0,0.04588537260356472,27209.0,1.857879617813084,1157759.0,7493.0,0.6471985965991195,4059.0,0.3505910988383593,8306.0,0.7174204648808603,122.0,0.010537598930347334,19470.0,1.6816971407693657,30649.908203125,1791058.0,1.71127390643547,1464.519,84.38021247750802
ADNI,ADNI-0938_S_PC8F014_CN_M_MPRAGE_GRAPPA2,0.0,1017.158203125,1599583.0,11158.0,0.6975568007411932,5186.0,0.3242094971001817,13558.0,0.8475959046826579,5596.0,0.34984117735684866,29430.0,1.8398545120822114,1459729.0,10345.0,0.708693188941235,4762.0,0.32622493627241766,12543.0,0.8592690835079662,601.0,0.04117202576642651,27214.0,1.8643186509276721,1202282.0,7398.0,0.6153298477395487,3912.0,0.3253812333545707,9164.0,0.762217183655748,47.0,0.003909232609321274,20125.0,1.6739001332466092,48407.5234375,1767791.0,2.7383057973199323,1459.729,84.10423024868938
ADNI,ADNI-0701_S_PAE1EB3_CN_M_MPRAGE,0.0,1020.2178955078125,1592043.0,11112.0,0.697971097514326,5094.0,0.31996623206785246,13285.0,0.8344623857521436,2608.0,0.1638146708348958,29020.0,1.822815087280934,1455599.0,10116.0,0.6949716233660507,4568.0,0.313822694299735,12159.0,0.8353262127825039,458.0,0.031464709717442786,26413.0,1.8145794274384637,1134450.0,7067.0,0.6229450394464278,3625.0,0.31953810216404427,8025.0,0.7073912468597118,125.0,0.011018555247036009,18393.0,1.6213142932698665,44234.43359375,1751861.0,2.5249967659391928,1455.599,83.86627479878936
ADNI,ADNI-0547_S_PB4C9C3_CN_F_MPRAGE,0.0,1017.86474609375,1598958.0,10877.0,0.6802555164050589,5008.0,0.3132039740881249,14154.0,0.8852014874687141,3509.0,0.21945542034249804,29570.0,1.849329375755961,1456314.0,9841.0,0.6757471259632194,4500.0,0.3089992954816063,12780.0,0.8775579991677619,910.0,0.062486524197391494,26703.0,1.8336018193878516,1117436.0,5998.0,0.5367645216370334,2980.0,0.266681939726302,6789.0,0.6075515734234445,182.0,0.01628728625174059,15528.0,1.389609785258395,25966.810546875,1767906.375,1.4687887839578042,1456.314,83.90747047595123
ADNI,ADNI-1646_S_PCA5C34_CN_M_Accelerated_SAG_IR-SPGR,0.0,1013.63818359375,1546839.0,9839.0,0.636071368772057,4567.0,0.29524727524971894,11392.0,0.7364696649101814,7746.0,0.5007631692761819,25393.0,1.6416058814136443,1384679.0,7513.0,0.5425806269900822,3686.0,0.2661988807514233,10106.0,0.7298442454893879,1112.0,0.0803074214312487,20941.0,1.5123360721149088,1106221.0,4363.0,0.39440581945199016,2993.0,0.27056076498276566,6913.0,0.6249203368947073,86.0,0.007774215098068107,13982.0,1.2639427383859103,41647.8203125,1758254.0,2.3687032881767935,1384.679,79.78012455498586
ADNI,ADNI-1735_S_P300AD9_CN_F_MPRAGE,0.0,1014.8101806640625,1595092.0,11149.0,0.6989565492147162,5030.0,0.3153423125437279,14211.0,0.8909203983218523,8044.0,0.5042969308353373,29920.0,1.875753875011598,1455881.0,10511.0,0.7219683476877574,4635.0,0.3183639322169875,13010.0,0.8936169920481138,2939.0,0.20187089466790215,27713.0,1.9035209608477617,1135020.0,7075.0,0.6233370337086571,3470.0,0.30572148508396324,7599.0,0.6695036210815668,446.0,0.03929446177159874,17819.0,1.5699282832020582,20080.380859375,1804731.875,1.112651753844321,1455.881,83.88252260432733
ADNI,ADNI-0992_S_P2EFCAC_CN_F_MPRAGE,0.0,1020.4275512695312,1646221.0,11220.0,0.6815609811805341,5313.0,0.3227391705001941,15475.0,0.9400317454339363,11845.0,0.7195267221108222,31531.0,1.9153564436366683,1522190.0,10602.0,0.6964964951812849,5063.0,0.3326128801266596,14276.0,0.9378592685538599,1228.0,0.08067324052844914,29480.0,1.9366833312529974,1227168.0,7328.0,0.5971472528618739,4163.0,0.33923635557641657,9248.0,0.7536050483715352,148.0,0.012060288403869723,20388.0,1.6613862160682156,31234.90625,1768795.125,1.7658860434726718,1522.19,87.70300394268557
ADNI,ADNI-0813_S_P056708_CN_M_MPRAGE_GRAPPA2,0.0,1020.4489135742188,1582888.0,10634.0,0.6718100080359444,5103.0,0.32238541198113824,13432.0,0.8485755151343619,4277.0,0.2702023137455082,28709.0,1.8137101298386242,1435689.0,9052.0,0.6304986664939273,4297.0,0.2992988035709684,12172.0,0.8478159267083609,641.0,0.04464755249918332,25135.0,1.7507273511185222,1149916.0,6349.0,0.5521272858191381,3193.0,0.2776724560750525,8051.0,0.7001380970436101,160.0,0.013914059809586092,17316.0,1.5058491228924549,48476.7265625,1755274.25,2.7617750652070465,1435.689,82.71913363474357
ADNI,ADNI-0166_S_P4D34BF_CN_F_Sag_IR-SPGR,0.0,1024.63623046875,1591052.0,10959.0,0.6887895555896351,5269.0,0.3311645376769584,15050.0,0.9459150298041799,3144.0,0.197605106558428,30803.0,1.9360146619972194,1449008.0,10100.0,0.6970285878338837,4901.0,0.33823139692810533,14028.0,0.9681105970429424,384.0,0.02650088888398132,28566.0,1.9714176871349225,1117299.0,6446.0,0.5769270356457851,3635.0,0.32533815925728027,8957.0,0.8016654449704153,84.0,0.007518130777884882,18688.0,1.672605094965627,49946.65234375,1771103.75,2.820086194484654,1449.008,83.48652555658816
ADNI,ADNI-1616_S_PC880AB_CN_F_MPRAGE,0.0,1023.42578125,1613364.0,11153.0,0.6912885126976925,5145.0,0.3188988969631156,14821.0,0.918639563049628,10770.0,0.6675492945175422,30660.0,1.9003771002699947,1475748.0,9815.0,0.6650864510743026,4516.0,0.30601430596551715,12370.0,0.838218991318301,1466.0,0.09933945361945264,26345.0,1.7851963885433013,1118404.0,6839.0,0.6114963823448414,3411.0,0.3049881795844793,6402.0,0.5724228454118548,156.0,0.013948447966924297,16483.0,1.4737965887103408,31047.087890625,1764533.375,1.7595069796072857,1475.748,85.02718626611025
ADNI,ADNI-1214_S_P57F836_CN_M_MPRAGE_GRAPPA2,0.0,1019.8814697265625,1605402.0,11101.0,0.6914778977477293,5070.0,0.3158087507054308,13111.0,0.8166801835303557,9033.0,0.5626628096887882,28827.0,1.7956250210227718,1473854.0,10563.0,0.71669242679397,4680.0,0.31753484402118526,11833.0,0.8028610703638217,4074.0,0.27641815267998054,26683.0,1.810423556200275,1145180.0,7836.0,0.6842592430884228,3501.0,0.30571613196178765,7426.0,0.6484570111248886,1319.0,0.11517839990219877,18494.0,1.6149426291063413,15081.4287109375,1774295.75,0.849995200120245,1473.854,84.91806093388007
ADNI,ADNI-0209_S_P78C607_CN_F_MPRAGE,0.0,1020.565185546875,1611436.0,11182.0,0.6939152408162658,5253.0,0.32598253979680236,14434.0,0.8957228211359309,10306.0,0.6395537892910422,30395.0,1.8862058437319262,1482767.0,10672.0,0.7197354675414276,4748.0,0.32021214391741926,12479.0,0.8416022207130318,2759.0,0.18607104150550965,27453.0,1.8514709323851959,1208373.0,8169.0,0.6760329798828674,3881.0,0.32117566347477144,7573.0,0.6267104610910704,184.0,0.015227086338407098,19300.0,1.5971889474524836,22970.763671875,1746388.625,1.315329437162075,1482.767,85.43159529827686
ADNI,ADNI-1084_S_P58AFFB_CN_F_Accelerated_Sag_IR-FSPGR,0.0,1017.841552734375,1568186.0,11126.0,0.7094821660185718,5267.0,0.33586577102461057,14672.0,0.9356033021593102,6534.0,0.4166597584725281,30590.0,1.95066146490276,1418412.0,9891.0,0.6973291258111184,4656.0,0.32825441409125133,13475.0,0.9500060631184735,810.0,0.057106115853503774,27582.0,1.9445689968781992,1098721.0,6615.0,0.6020636722152394,3674.0,0.33438880298092055,9334.0,0.849533230001065,96.0,0.00873743197772683,19278.0,1.754585559027269,37743.91796875,1797362.75,2.0999610662204944,1418.412,81.72369627205049
ADNI,ADNI-0697_S_PE716CB_CN_F_MPRAGE,0.0,1012.468505859375,1615456.0,11103.0,0.6872981993938553,5188.0,0.3211477130915357,12974.0,0.8031168908345383,6850.0,0.42402888100944874,28798.0,1.7826545569795773,1479056.0,10040.0,0.6788113499421253,4425.0,0.2991773130970024,11102.0,0.7506139050854058,1538.0,0.10398524464252876,25202.0,1.7039246654622948,1141155.0,7034.0,0.6163930403845227,3445.0,0.3018871231340177,6840.0,0.5993927205331441,217.0,0.019015821689428693,17066.0,1.495502363833134,21909.1796875,1759090.875,1.2454831071476054,1479.056,85.21778109135704
ADNI,ADNI-0210_S_P7683FE_CN_M_MPRAGE,0.0,1026.06494140625,1610864.0,11168.0,0.6932925436287607,5243.0,0.3254775077225638,15046.0,0.9340329164969855,5222.0,0.3241738594940355,30982.0,1.9233156864887413,1474440.0,10454.0,0.7090149480480725,4836.0,0.32798893139090096,13623.0,0.9239440058598518,1318.0,0.08938987005235886,28458.0,1.9300887116464556,1170174.0,7830.0,0.6691312574027451,3967.0,0.33900941227543935,7790.0,0.6657129623457708,175.0,0.014955040874263144,19288.0,1.6483018764730715,34057.890625,1759788.125,1.9353404049706269,1474.44,84.95182410425329
ADNI,ADNI-1241_S_P807C9C_CN_M_MPRAGE,0.0,1012.142578125,1593953.0,10950.0,0.6869713222409946,5242.0,0.3288679151769218,14328.0,0.8988972698693124,5512.0,0.34580693408149427,30048.0,1.8851245927577538,1459416.0,9438.0,0.6466970349783749,4708.0,0.322594791341194,12926.0,0.885696744451205,971.0,0.06653346270014855,26641.0,1.8254562098812128,1209019.0,6449.0,0.5334076635685626,4027.0,0.3330799598682899,8922.0,0.737953663259221,51.0,0.004218295990385593,19052.0,1.57582304331032,41303.8984375,1726715.375,2.3920501916825754,1459.416,84.08619633686887
ADNI,ADNI-1345_S_P50EA9B_CN_F_MPRAGE_SENSE,0.0,1017.6008911132812,1612147.0,11171.0,0.6929268856996291,5322.0,0.33011877949095214,15368.0,0.9532629468652674,7633.0,0.4734679902018861,31384.0,1.9467207394859152,1477911.0,10523.0,0.7120185180298407,5078.0,0.3435930851045834,14643.0,0.9907903791229646,601.0,0.04066550692159406,29771.0,2.0143973486901445,1154149.0,8400.0,0.727808974404518,4375.0,0.3790671741690198,9882.0,0.8562152720316009,48.0,0.004158908425168674,22248.0,1.9276540550656802,52167.625,1742240.0,2.994284656534117,1477.911,85.15181039156636
ADNI,ADNI-0872_S_P504F33_CN_M_MPRAGE_GRAPPA2,0.0,1020.0826416015625,1570151.0,10784.0,0.6868129243620519,5201.0,0.3312420270407114,13227.0,0.8424030555023052,4817.0,0.3067857804758905,28756.0,1.8314162141093437,1414257.0,8607.0,0.6085881137586733,4225.0,0.2987434391344713,11631.0,0.8224106368220203,873.0,0.06172852600340674,24127.0,1.7059841315970152,1102091.0,5435.0,0.4931534691781351,3225.0,0.2926255635877618,7941.0,0.7205394109923772,34.0,0.003085044701390357,16367.0,1.485086077283999,42797.3515625,1753258.25,2.4410181194071097,1414.257,81.48430041385811
ADNI,ADNI-1724_S_PADC97A_CN_F_MPRAGE_SENSE2,0.0,1013.1900024414062,1609533.0,11226.0,0.6974693901895767,5295.0,0.3289774114603428,14401.0,0.8947315774202828,11689.0,0.7262354981227473,30446.0,1.891604583441284,1480262.0,10574.0,0.7143330032115937,4861.0,0.32838781242779996,13529.0,0.9139598260307972,917.0,0.06194849290193223,28522.0,1.926821062757809,1157403.0,7927.0,0.6848954080817139,3966.0,0.34266370486338815,9299.0,0.8034366594867993,87.0,0.007516828624083401,20853.0,1.80170606089668,52847.49609375,1732834.75,3.0497712545151807,1480.262,85.2872663873811
ADNI,ADNI-0010_S_P1C2482_CN_F_MPRAGE,0.0,1021.57861328125,1594742.0,10554.0,0.6617998397232906,5230.0,0.32795273467432345,13581.0,0.8516111070003799,4868.0,0.3052531381251638,28888.0,1.8114528870500683,1450663.0,8387.0,0.5781494392563952,4367.0,0.30103476824045283,11921.0,0.82176218735847,500.0,0.0344669988825799,24241.0,1.6710290398252385,1104912.0,5966.0,0.5399525030047642,3599.0,0.32572729773954845,6711.0,0.607378687171467,32.0,0.0028961582460865663,15958.0,1.4442779153452945,47160.22265625,1753644.25,2.6892696541074392,1450.663,83.58188058554326
ADNI,ADNI-0012_S_P41AC7A_CN_F_MPRAGE_SENSE2,0.0,1020.8304443359375,1630674.0,11168.0,0.6848701825134883,5320.0,0.32624546659847403,15490.0,0.949913961956835,8337.0,0.5112609877878718,31501.0,1.9317779028794229,1510149.0,10260.0,0.6794031582314063,5094.0,0.33731770838506664,14141.0,0.9363976667203037,1383.0,0.09158036723528605,29024.0,1.9219295579442823,1187541.0,6976.0,0.5874323497041365,4241.0,0.3571245119115887,10081.0,0.8488970065033544,198.0,0.016673108549515342,20894.0,1.7594339900685534,32633.521484375,1744740.25,1.8703942597974113,1510.149,87.00924569274709
ADNI,ADNI-0659_S_PD3CF64_CN_M_Sag_IR-FSPGR,0.0,1014.7901611328125,1563232.0,11007.0,0.7041181347362387,5277.0,0.33756985527420114,13745.0,0.8792680804896522,12224.0,0.7819696628523468,29555.0,1.8906342756545413,1423942.0,9910.0,0.6959553127866164,4881.0,0.34278081551074413,12356.0,0.8677319722292058,1173.0,0.08237695074658939,26690.0,1.8743740966977587,1123846.0,6797.0,0.6047981662968058,4079.0,0.3629500839082935,7847.0,0.6982273371974452,97.0,0.008631075787963832,18319.0,1.6300276016464892,46220.78125,1725795.875,2.6782299065351514,1423.942,82.04231458632339
ADNI,ADNI-1365_S_P8D2FCB_CN_M_Sag_IR-SPGR,0.0,1016.6723022460938,1584190.0,11001.0,0.6944242799159192,5155.0,0.3254028872799348,13803.0,0.8712970035159924,3292.0,0.2078033569205714,29497.0,1.8619610021525197,1443903.0,10100.0,0.6994929714807713,4767.0,0.33014683119295407,12418.0,0.8600300712721007,700.0,0.048479710894706915,26860.0,1.860235763759754,1121501.0,6347.0,0.5659379706304318,3438.0,0.30655344935046874,7441.0,0.663485810534275,116.0,0.010343281013570207,16928.0,1.5094056982561763,32747.458984375,1763707.5,1.8567397929857985,1443.903,83.19239418328563
ADNI,ADNI-0267_S_PED0AC3_CN_M_MPRAGE_ND,0.0,1022.75439453125,1582657.0,10426.0,0.6587656074563218,5132.0,0.3242648280707696,13174.0,0.8323976704996725,3980.0,0.2514758409434261,28265.0,1.7859207648909396,1436181.0,8840.0,0.6155213026770303,4633.0,0.3225916510523395,12297.0,0.8562291243234661,744.0,0.051804055338428794,25329.0,1.763635642025622,1148110.0,5738.0,0.49977789584621685,3652.0,0.3180879880847654,8205.0,0.714652777172919,23.0,0.0020032923674560797,17250.0,1.50246927559206,44147.1953125,1761371.625,2.506410043507996,1436.181,82.74748086993748
ADNI,ADNI-0664_S_PCB2205_CN_M_Sag_IR-FSPGR,0.0,1026.093017578125,1599435.0,11227.0,0.7019353709278588,5197.0,0.32492723993160083,14830.0,0.9272024183539812,11128.0,0.6957456851950845,30793.0,1.9252423512052692,1455259.0,10805.0,0.7424795173917496,4864.0,0.3342360363344257,13809.0,0.9489032536476325,3025.0,0.20786677835354395,29040.0,1.9955210721940217,1120622.0,9152.0,0.8166893029049938,4102.0,0.36604671334312555,9040.0,0.8066948533939187,408.0,0.03640835179034501,21943.0,1.9581089787635797,22839.103515625,1807096.25,1.263856505464222,1455.259,83.8466852460131
ADNI,ADNI-0421_S_PBB39E4_CN_M_MPRAGE_SENSE2,0.0,1011.1168823242188,1600842.0,11252.0,0.7028801093424585,5215.0,0.32576606560797383,14280.0,0.8920305689131094,8566.0,0.5350934070945166,30282.0,1.8916295299598584,1473743.0,10722.0,0.7275352622540022,4689.0,0.31816945016872006,12865.0,0.8729473184944729,1261.0,0.0855644437327268,27883.0,1.8919852375889148,1156916.0,8313.0,0.7185482783538304,3662.0,0.31653119154718234,8224.0,0.7108554121474678,128.0,0.01106389746533024,19935.0,1.723115593526237,35783.56640625,1791061.375,1.9978972750863997,1473.743,84.91166552106193
ADNI,ADNI-1559_S_PAE52DB_CN_M_Accelerated_Sag_IR-FSPGR,0.0,1023.7962036132812,1545321.0,10807.0,0.69933690152402,5297.0,0.3427766787612412,13189.0,0.8534796330341722,13198.0,0.8540620363018429,28818.0,1.8648552630812627,1390479.0,8810.0,0.6335946102026712,4646.0,0.3341294618617038,11854.0,0.8525119760888153,1362.0,0.0979518568780974,24913.0,1.7916847359794719,1116385.0,5629.0,0.5042167352660596,3371.0,0.3019567622280844,8205.0,0.7349615052154946,114.0,0.010211530968259157,16909.0,1.5146208521253868,42536.6328125,1766148.0,2.4084410147111117,1390.479,80.11429927881638
ADNI,ADNI-1699_S_PE66D15_CN_M_MPRAGE,0.0,1018.497802734375,1600716.0,11193.0,0.6992495858103498,5214.0,0.3257292361668154,14857.0,0.9281471541485186,4152.0,0.25938392569325225,30791.0,1.9235766994270063,1465369.0,10588.0,0.7225483820116299,4791.0,0.32694836590647136,13495.0,0.92092844873885,896.0,0.06114500852686252,28432.0,1.9402621455756195,1143827.0,7799.0,0.6818338787246673,3896.0,0.3406109490333765,7602.0,0.6646109944947969,159.0,0.013900703515479177,19018.0,1.662664021744547,33802.24609375,1767032.625,1.9129384265754574,1465.369,84.4291863594487
ADNI,ADNI-1428_S_P424E34_CN_F_MPRAGE,0.0,1019.5391235351562,1606090.0,11008.0,0.6853912296322124,5220.0,0.32501291957486816,15142.0,0.942786518812769,4844.0,0.3016020272836516,30894.0,1.9235534745873517,1463013.0,9608.0,0.6567269053658443,4725.0,0.3229636373702763,13594.0,0.9291783463304837,543.0,0.037115186262869845,27463.0,1.8771535181163805,1173389.0,6644.0,0.5662231365727819,3887.0,0.3312626929347386,8441.0,0.7193692799233673,98.0,0.008351876487678,18577.0,1.5831919337917773,49563.703125,1766779.0,2.805314254074788,1463.013,84.29344228197549
ADNI,ADNI-0227_S_P521621_CN_F_MPRAGE_GRAPPA2,0.0,1023.783935546875,1607559.0,11128.0,0.6922296475588143,5165.0,0.32129458390018656,13795.0,0.8581333562251837,10737.0,0.6679070565994778,29622.0,1.8426695381009346,1462127.0,10198.0,0.697477031748952,4713.0,0.3223386203797618,12801.0,0.8755053425591621,1291.0,0.0882960235328395,27282.0,1.8659117846808109,1182865.0,6627.0,0.5602499017216673,3667.0,0.31001001804939704,8917.0,0.7538476495627142,91.0,0.007693185612897499,18873.0,1.595532879914445,41953.08984375,1751671.0,2.3950325057473694,1462.127,84.24239421209379
ADNI,ADNI-0116_S_PD790CD_CN_M_MPRAGE,0.0,1020.088623046875,1591969.0,11100.0,0.6972497580040817,5242.0,0.32927776859976543,13377.0,0.8402801813351892,4317.0,0.2711736220994253,29245.0,1.8370332588134568,1449729.0,10168.0,0.7013724634052295,4843.0,0.334062435117184,12331.0,0.8505727622196976,534.0,0.03683447044240682,26888.0,1.8546914630251585,1102423.0,7454.0,0.6761469962074449,4016.0,0.36428848091884874,7366.0,0.6681645792948805,75.0,0.006803196232299216,18506.0,1.6786659929990577,45775.94921875,1743854.875,2.6249861657065927,1449.729,83.52806693174021
ADNI,ADNI-0741_S_P2FEC51_CN_F_MPRAGE,0.0,1024.4615478515625,1613850.0,10844.0,0.67193357499148,5008.0,0.3103138457725315,13907.0,0.8617281655668123,4433.0,0.27468476004585307,29298.0,1.8154103541221303,1462119.0,9990.0,0.6832549197431946,4719.0,0.32275074737418774,12309.0,0.8418603410529512,1237.0,0.08460323680904222,26571.0,1.8172939411908333,1115873.0,6598.0,0.5912859259073389,3408.0,0.305411099650229,6754.0,0.6052660114547086,237.0,0.021238976120042333,16436.0,1.4729274747215857,23265.63671875,1763798.625,1.3190642281371547,1462.119,84.24193328144023
ADNI,ADNI-0122_S_PB71484_CN_F_MPRAGE,0.0,1018.475830078125,1630150.0,11262.0,0.690856669631629,5312.0,0.32585958347391347,13483.0,0.8271018004478116,11664.0,0.7155169769653099,29580.0,1.8145569426126429,1496650.0,10965.0,0.7326362208933285,4987.0,0.33321083753716635,12261.0,0.8192296128019243,3272.0,0.21862158821367722,27761.0,1.8548758894865198,1144029.0,8935.0,0.781011670158711,4275.0,0.3736793385482361,7816.0,0.6831994643492428,389.0,0.03400263454859973,20687.0,1.8082583570871016,22900.41796875,1775465.0,1.2898264943972424,1496.65,86.2314828311974
ADNI,ADNI-1805_S_PD6E304_CN_F_MPRAGE,0.0,1021.376953125,1613433.0,11209.0,0.6947298090469204,5261.0,0.32607489743918716,15166.0,0.9399832531006865,7520.0,0.46608690909383904,31165.0,1.9315955481262626,1478543.0,10578.0,0.7154340455434843,4807.0,0.3251173621599101,14015.0,0.9478926213170669,1712.0,0.11578966590758606,28966.0,1.9590908076396831,1182829.0,8502.0,0.7187852174743772,4085.0,0.34535845840776647,9728.0,0.8224350265338439,134.0,0.011328771952666024,21988.0,1.8589331171285115,27956.259765625,1758634.5,1.5896571894629044,1478.543,85.18822391319753
ADNI,ADNI-0392_S_PDFB769_CN_M_MPRAGE,0.0,1015.7188110351562,1620775.0,11235.0,0.6931869013280684,5320.0,0.3282380342737271,14454.0,0.8917955916151225,5549.0,0.34236707747836687,30532.0,1.8837901621138038,1483566.0,10796.0,0.7277060811585059,5148.0,0.34700175118599375,13069.0,0.8809180043220187,1169.0,0.07879662920288008,28544.0,1.9240128177647642,1142079.0,7974.0,0.698200387188627,4452.0,0.38981541557107696,7242.0,0.6341067474316575,133.0,0.011645429081525884,19292.0,1.6892001341413336,28442.93359375,1750018.5,1.6252933093993005,1483.566,85.4776307473011
ADNI,ADNI-0767_S_PC48471_CN_M_MPRAGE_GRAPPA2,0.0,1015.9248046875,1579242.0,10913.0,0.6910277208939479,5070.0,0.3210400939184748,13464.0,0.8525609121337959,5624.0,0.35612021463461585,28998.0,1.8361973655715842,1428793.0,9675.0,0.6771449748144063,4286.0,0.2999734741141649,11564.0,0.8093544691218393,1350.0,0.09448534532294041,25160.0,1.7609268802408748,1132885.0,7195.0,0.6351041809186281,3433.0,0.3030316404577693,8218.0,0.7254046085878091,190.0,0.016771340427316102,18550.0,1.6374124469827036,33422.15234375,1772527.75,1.8855644061848962,1428.793,82.32181141137542
ADNI,ADNI-1379_S_PA29FF8_CN_M_MPRAGE_GRAPPA2,0.0,1016.51513671875,1577994.0,10347.0,0.6557059152316169,5055.0,0.3203434233590242,12595.0,0.7981652655206548,4680.0,0.29657907444514997,27540.0,1.7452537842349212,1431773.0,8138.0,0.5683861897102404,4104.0,0.2866376164378012,11191.0,0.7816183151938192,470.0,0.032826432681717005,23052.0,1.6100317578275327,1163427.0,5335.0,0.45855906730718815,3250.0,0.2793471356604239,7549.0,0.6488589314155507,79.0,0.006790284220668765,15852.0,1.3625263983043199,70641.4296875,1712416.875,4.125247229153824,1431.773,82.49350807982627
ADNI,ADNI-2059_S_PB75F0A_CN_F_MPRAGE,0.0,1026.332763671875,1601315.0,10519.0,0.6568976122749115,5132.0,0.3204866000755629,14775.0,0.9226791730546456,2070.0,0.12926875724014325,29961.0,1.8710247515323342,1454141.0,8843.0,0.6081253468542597,4507.0,0.30994243336787836,13117.0,0.9020445747695718,294.0,0.02021812190152124,26069.0,1.792742244390331,1132824.0,5765.0,0.5089051785626011,3466.0,0.30596103189904167,7417.0,0.654735422272127,25.0,0.002206874148146579,16411.0,1.4486804658093402,59321.828125,1755840.5,3.378543103715856,1454.141,83.78227018717817
ADNI,ADNI-2062_S_P8C3690_CN_M_MPRAGE_GRAPPA2,0.0,1018.8448486328125,1574904.0,10806.0,0.6861370597826915,5146.0,0.3267500749252018,13173.0,0.836431934898889,4833.0,0.3068758476707152,28671.0,1.8204919156977188,1426211.0,9431.0,0.6612626042009212,4499.0,0.31545122005089005,11680.0,0.8189531563001549,546.0,0.038283255422935314,25237.0,1.7695137675982024,1149459.0,6324.0,0.5501718634592447,3402.0,0.29596531933718384,7900.0,0.6872798420822317,44.0,0.0038278877280529364,17390.0,1.512885627064558,50542.66796875,1738315.25,2.9075662753778406,1426.211,82.17304604293915
ADNI,ADNI-1255_S_PACEF19_CN_M_MP-RAGE,0.0,1020.0885009765625,1611097.0,10854.0,0.6737024524283765,4978.0,0.3089820166011109,13539.0,0.8403590845243956,3892.0,0.24157452965277698,28919.0,1.7949881354133241,1476150.0,9416.0,0.6378755546523049,4315.0,0.2923144666869898,12174.0,0.8247129356772684,733.0,0.04965620025065204,25539.0,1.730108728787725,1143887.0,6543.0,0.5719970591500734,3327.0,0.29085040742660767,7359.0,0.6433327767515498,107.0,0.009354070812938691,16994.0,1.4856362560287861,33976.16796875,1775404.0,1.913714735843222,1476.15,85.0503480314516
ADNI,ADNI-1140_S_PA6D592_CN_F_MPRAGE_GRAPPA2,0.0,1020.086669921875,1603272.0,11131.0,0.6942677225074723,5110.0,0.3187232110334366,13428.0,0.8375372363516608,9662.0,0.602642595891402,29200.0,1.8212754916196376,1465768.0,10189.0,0.6951304708521403,4463.0,0.30448201898254024,12137.0,0.828030083887764,2892.0,0.19730271093379034,26364.0,1.7986475349441384,1157278.0,6758.0,0.5839564910073466,3415.0,0.295088993310164,7701.0,0.6654408016051458,423.0,0.03655128672626629,17578.0,1.5189090261803992,22825.62109375,1741335.25,1.3108114071514947,1465.768,84.45217527579497
ADNI,ADNI-0724_S_PD51D12_CN_F_MPRAGE,0.0,1017.441650390625,1604372.0,10691.0,0.6663666531203486,5045.0,0.3144532564766775,12509.0,0.7796820188834012,3279.0,0.20437903428880583,27805.0,1.7330768674596664,1469900.0,9132.0,0.6212667528403293,4423.0,0.300904823457378,10872.0,0.7396421525273829,365.0,0.024831621198721,24046.0,1.6358935982039593,1157311.0,6035.0,0.5214674361515617,3343.0,0.28885926082098934,7146.0,0.6174658324339785,60.0,0.005184431842434748,16251.0,1.4042033645234513,45919.87890625,1730793.625,2.653111164899859,1469.9,84.69024595835836
ADNI,ADNI-1017_S_P0867C7_CN_F_MPRAGE,0.0,1016.64404296875,1604231.0,11194.0,0.697779808518848,5232.0,0.32613756996342796,13997.0,0.8725052688796064,10386.0,0.6474129972553828,29954.0,1.8671874561705888,1462061.0,10242.0,0.7005179674445867,4356.0,0.29793558545094906,12388.0,0.847297069000541,2101.0,0.14370125459881633,26611.0,1.820101897253261,1140265.0,7231.0,0.6341508333589122,3502.0,0.3071215901566741,7647.0,0.6706335807904303,336.0,0.029466834463918474,18108.0,1.5880519002161777,24311.94140625,1764837.875,1.3775736429188998,1462.061,84.23859153420193
ADNI,ADNI-0264_S_PE0D194_CN_M_MPRAGE_REPEAT,0.0,1025.7685546875,1568250.0,10903.0,0.6952335405706997,5162.0,0.3291567033317392,13338.0,0.8505021520803444,8895.0,0.5671927307508369,28935.0,1.8450502152080346,1410037.0,9774.0,0.6931732997077382,4452.0,0.31573639556976163,11790.0,0.8361482712864983,1240.0,0.08794095474090396,25619.0,1.8169026770219503,1141369.0,7098.0,0.6218847717083608,3578.0,0.3134831943043836,7432.0,0.6511478759279427,93.0,0.00814810985754826,17805.0,1.559968774340288,46754.01171875,1726440.25,2.7081164099800152,1410.037,81.24115949410556
ADNI,ADNI-0525_S_P2BDDE1_CN_M_MPRAGE,0.0,1023.910888671875,1594505.0,10689.0,0.6703647840552397,4800.0,0.3010338631738376,12860.0,0.80651989175324,2868.0,0.17986773324636798,27899.0,1.7496966143097699,1443896.0,9534.0,0.6602968634860129,4233.0,0.29316515870949156,11629.0,0.8053904159302332,558.0,0.03864544260805487,24988.0,1.730595555358558,1122653.0,5845.0,0.520641729902294,3080.0,0.2743501331221669,6533.0,0.5819251362620507,64.0,0.005700781986954117,15204.0,1.3542920207757874,31160.75,1759635.875,1.7708635316383285,1443.896,83.19199086896376
ADNI,ADNI-1784_S_PE79021_CN_M_Accelerated_Sagittal_MPRAGE,0.0,1017.68603515625,1584872.0,10873.0,0.6860490941855242,4977.0,0.3140316694345032,13009.0,0.8208233851061789,2270.0,0.1432292323922689,28399.0,1.7918797227788743,1455701.0,9816.0,0.6743142994337435,4462.0,0.30651898982002485,11778.0,0.809094724809559,496.0,0.03407293118573114,25631.0,1.760732458107812,1139347.0,6170.0,0.5415382670950992,2976.0,0.2612022500607804,7008.0,0.6150891694979668,105.0,0.009215805193676728,15862.0,1.3922009712580978,35006.21484375,1763969.875,1.984513190382574,1455.701,83.87215166462225
ADNI,ADNI-0019_S_P602C79_CN_M_Accelerated_Sagittal_MPRAGE,0.0,1021.2552490234375,1605367.0,11188.0,0.6969122948210597,5113.0,0.31849415118163016,14122.0,0.8796742427121026,6268.0,0.39044031676245994,29956.0,1.8659907672202058,1471528.0,10439.0,0.7093986658765582,4567.0,0.31035766903517975,12911.0,0.877387314410599,1407.0,0.09561489825541886,27498.0,1.868669845222109,1151165.0,7735.0,0.6719280033704986,3383.0,0.29387620367193235,8381.0,0.7280450673882545,214.0,0.01858986331238354,19227.0,1.670221036949525,29337.169921875,1781753.0,1.6465340550499985,1471.528,84.7840453463577
ADNI,ADNI-0450_S_PC2AC58_CN_M_Accelerated_Sag_IR-FSPGR,0.0,1017.1399536132812,1567458.0,10707.0,0.6830805035924408,5155.0,0.3288764356046542,14410.0,0.9193228781887617,13776.0,0.8788752234509632,29810.0,1.9018053434286597,1393619.0,9495.0,0.6813196433171477,4886.0,0.35059797548684396,13311.0,0.9551391018635653,789.0,0.056615186790650814,27280.0,1.9574934038643275,1129167.0,6698.0,0.593180636699443,3768.0,0.33369731846573625,8310.0,0.7359407421577144,0.0,0.0,18480.0,1.6366046829211267,44726.75390625,1753458.0,2.55077417915057,1393.619,80.29521456033841
ADNI,ADNI-0947_S_P1010BD_CN_F_Accelerated_Sagittal_MPRAGE,0.0,1014.7870483398438,1605632.0,11181.0,0.6963613081951531,5109.0,0.31819246253188777,13808.0,0.8599728954081632,5630.0,0.3506407445790816,29644.0,1.8462511957908163,1479292.0,10441.0,0.7058106175116204,4697.0,0.31751675801667284,12450.0,0.8416188284665906,1553.0,0.10498265386414583,27183.0,1.837568242105007,1165657.0,7672.0,0.6581695987756261,3610.0,0.30969659170750913,7835.0,0.6721531290937214,189.0,0.016214032086625824,18858.0,1.6178000904211103,25331.640625,1767734.375,1.4330003977548946,1479.292,85.23137854563704
ADNI,ADNI-0022_S_PA41487_CN_F_Accelerated_Sagittal_MPRAGE,0.0,1018.6893310546875,1623999.0,11056.0,0.6807885965447024,4993.0,0.3074509282333302,14076.0,0.8667493021855309,5974.0,0.36785736937030133,29679.0,1.827525755865613,1489769.0,10392.0,0.6975578092979515,4507.0,0.30253012379771627,12597.0,0.8455673329220839,1898.0,0.12740230196762048,27101.0,1.8191410883163766,1141253.0,6638.0,0.5816414064190849,3119.0,0.27329610524572556,7792.0,0.6827583366703088,419.0,0.03671403273419653,17275.0,1.5136871491246902,20145.6640625,1787086.0,1.1272912474553547,1489.769,85.83502485280468
ADNI,ADNI-1622_S_PBB34AA_CN_M_Sagittal_3D_Accelerated_MPRAGE,0.0,1022.9942626953125,1601875.0,11039.0,0.6891299258681233,5273.0,0.32917674600078034,13651.0,0.8521888412017167,3018.0,0.18840421381193914,29490.0,1.8409676160749122,1461123.0,8998.0,0.615827688702457,4441.0,0.30394429490193503,12126.0,0.8299095969333178,487.0,0.03333052727251573,25189.0,1.7239479496250487,1137729.0,5546.0,0.48746230429214693,3358.0,0.2951493721264027,7085.0,0.6227317753173207,46.0,0.0040431420839233245,15769.0,1.3860066852475414,52228.515625,1760251.25,2.967105725674105,1461.123,84.18454741507209
ADNI,ADNI-1822_S_PDA7A3E_CN_F_Accelerated_Sagittal_MPRAGE,0.0,1021.045166015625,1621546.0,11234.0,0.6927956407033782,5251.0,0.3238267677882712,14128.0,0.8712672967649391,3518.0,0.21695345059591278,30137.0,1.8585350030156405,1490365.0,10742.0,0.7207630345586483,4946.0,0.3318650129330734,13178.0,0.8842129277056292,537.0,0.03603144196220389,28408.0,1.9061102481606855,1170123.0,7928.0,0.6775356095043,3862.0,0.3300507724401623,9160.0,0.782823686056936,111.0,0.009486182221868983,20634.0,1.7634043600544558,38904.85546875,1769240.0,2.1989586188843795,1490.365,85.86936418649485
ADNI,ADNI-0628_S_P7C2101_CN_F_Accelerated_Sagittal_IR-FSPGR,0.0,1014.129150390625,1588117.0,11225.0,0.7068119036569724,5252.0,0.33070611296270996,15517.0,0.9770690698481284,6010.0,0.3784355938510828,31517.0,1.9845515160406946,1456132.0,10713.0,0.7357162674812449,5012.0,0.34419956432521226,14958.0,1.0272420357495062,1443.0,0.09909815868341607,30212.0,2.0748118989212516,1116575.0,6889.0,0.6169760204195867,3728.0,0.3338781541768354,10386.0,0.9301659091417952,333.0,0.02982334370731926,20611.0,1.8459127241788504,24440.71484375,1817154.875,1.3449989970585199,1456.132,83.89698430358276
ADNI,ADNI-1787_S_P333ECC_CN_F_Accelerated_Sagittal_MPRAGE_ND,0.0,1024.839111328125,1583707.0,11041.0,0.6971617856080702,5158.0,0.32569155784498016,13089.0,0.8264786352526067,6212.0,0.39224427245696336,28823.0,1.8199704869650761,1449482.0,10148.0,0.70011217800566,4735.0,0.32666842361616083,11784.0,0.812980085299438,1069.0,0.07375048465589776,26245.0,1.8106468379738418,1178620.0,6984.0,0.5925573976345218,3760.0,0.31901715565661537,7681.0,0.6516943544144848,156.0,0.013235818160221277,18129.0,1.5381547911964841,40719.7890625,1757041.5,2.317520050750082,1449.482,83.51383569781156
ADNI,ADNI-2070_S_P11D9A5_CN_F_Accelerated_Sagittal_MPRAGE,0.0,1015.945068359375,1594186.0,11236.0,0.7048111073613744,5277.0,0.3310153269442838,14751.0,0.9252998081779666,13399.0,0.840491636484074,30801.0,1.9320832073547252,1457050.0,10643.0,0.730448508973611,4649.0,0.31906935245873513,13646.0,0.9365498781785114,1283.0,0.08805463093236333,28546.0,1.9591640643766517,1164020.0,7983.0,0.6858129585402313,3680.0,0.31614577069122524,9795.0,0.8414803869349323,38.0,0.0032645487190941735,21169.0,1.8186113640659096,39932.1328125,1750247.375,2.281513652462984,1457.05,83.9498760960787
ADNI,ADNI-1620_S_P0860C6_CN_M_Sagittal_3D_Accelerated_MPRAGE,0.0,1020.8446655273438,1582103.0,11101.0,0.7016610170134309,5266.0,0.33284811418725585,14069.0,0.8892594224269847,2974.0,0.18797764747301535,29963.0,1.8938716379401341,1438899.0,9906.0,0.6884430387400367,4782.0,0.3323374329956446,12763.0,0.8869976280475558,728.0,0.050594239067509254,26998.0,1.8762956955283172,1106914.0,6547.0,0.5914641968572084,3613.0,0.32640295452040535,7592.0,0.6858708083916185,58.0,0.005239792793297402,17446.0,1.5760935357218355,36261.83984375,1764573.5,2.054991749776929,1438.899,82.90408205948425
ADNI,ADNI-0112_S_P24B690_CN_M_Accelerated_Sagittal_IR-FSPGR,0.0,1012.4382934570312,1568486.0,10834.0,0.6907297865585029,5086.0,0.32426174030243177,13617.0,0.8681620365116425,9440.0,0.6018542722089965,29089.0,1.8545909877423197,1431715.0,9362.0,0.6539010906500246,4494.0,0.31388928662478216,12206.0,0.8525439769786585,326.0,0.02276989484639052,25655.0,1.791906908847082,1136602.0,6134.0,0.5396787969755464,3361.0,0.29570597271516325,7472.0,0.6573981041736686,5.0,0.0004399077249556133,16702.0,1.4694677644417307,76198.171875,1745541.5,4.365302794290482,1431.715,82.49016633258796
ADNI,ADNI-0723_S_PE6F859_CN_M_Accelerated_Sagittal_MPRAGE,0.0,1027.33837890625,1592026.0,9629.0,0.604826805592371,4906.0,0.30816079636890353,12883.0,0.809220452429797,6494.0,0.40790791105170393,26983.0,1.6948843800289695,1455006.0,6503.0,0.446939737705549,4108.0,0.28233560548891207,11872.0,0.8159416524742853,448.0,0.030790251036765484,22088.0,1.5180693412948125,1172812.0,4150.0,0.3538504039863167,2831.0,0.2413856611289789,8303.0,0.7079566034453945,37.0,0.003154810830721377,15032.0,1.2817058488487498,79587.7265625,1699339.875,4.683449599068579,1455.006,83.83210831409428
ADNI,ADNI-2071_S_PE21D64_CN_F_Accelerated_Sagittal_MPRAGE,0.0,1011.6132202148438,1592751.0,11203.0,0.7033742248474495,5162.0,0.32409334541306206,13129.0,0.8242970809624354,7647.0,0.48011271064968725,29026.0,1.822381527307156,1452281.0,10578.0,0.7283714377589461,4653.0,0.3203925411129114,11726.0,0.8074195007715449,2425.0,0.16697870453445304,26532.0,1.8269191706012817,1128991.0,7501.0,0.6643985647361228,3437.0,0.3044311247831028,7329.0,0.6491637222971662,255.0,0.02258653966240652,17994.0,1.5938125281778155,17692.80859375,1771058.625,0.9989962129994426,1452.281,83.67510381022562
ADNI,ADNI-1829_S_PF53A34_CN_M_Accelerated_Sagittal_MPRAGE,0.0,1016.737548828125,1586551.0,11185.0,0.704988367849505,5161.0,0.32529682310874347,14431.0,0.9095831145673855,5458.0,0.34401667516518536,30316.0,1.9108115654649613,1456289.0,10095.0,0.6932003194420887,4529.0,0.31099596302656957,13067.0,0.8972806908518846,727.0,0.04992140983005434,27292.0,1.8740785654495777,1148844.0,7281.0,0.6337675089046033,3549.0,0.30891922663129195,8478.0,0.7379592007269916,82.0,0.007137609631943066,19017.0,1.6553161264714793,45350.02734375,1761757.0,2.5741363504586614,1456.289,83.90603006765886
ADNI,ADNI-1625_S_P447183_CN_F_Sagittal_3D_Accelerated_MPRAGE,0.0,1008.5167846679688,1613018.0,11189.0,0.6936686385396815,5227.0,0.3240509405350715,14471.0,0.8971381596485594,3021.0,0.1872886725380622,30412.0,1.8854098342361958,1463804.0,10234.0,0.6991373161980703,4852.0,0.3314651415080161,12955.0,0.8850228582515145,638.0,0.04358507013234012,27583.0,1.884336974075764,1107236.0,6336.0,0.5722357293296099,3815.0,0.34455165836370927,6998.0,0.6320242477665104,95.0,0.008579923340642826,16781.0,1.5155757218876555,31163.71875,1773132.875,1.757551235408683,1463.804,84.33901680034616
ADNI,ADNI-1756_S_PE5A695_CN_F_Accelerated_Sagittal_MPRAGE,0.0,1018.2738647460938,1593666.0,11110.0,0.6971347823195074,5193.0,0.3258524684595141,13430.0,0.8427110824978384,12796.0,0.8029285935697945,29268.0,1.8365203248359445,1443273.0,10112.0,0.70062974918813,4706.0,0.3260644382594284,11696.0,0.8103802953425998,2527.0,0.17508815033607641,26116.0,1.8094982723296287,1139663.0,7124.0,0.6250970681683972,3435.0,0.30140488898911344,7055.0,0.6190426468175242,392.0,0.034396132891916294,17400.0,1.5267671232636315,26624.640625,1757721.375,1.5147247455530317,1443.273,83.15609589431782
ADNI,ADNI-1115_S_P03903F_CN_M_Accelerated_Sagittal_MPRAGE,0.0,1016.446044921875,1616286.0,11066.0,0.684656057158201,4994.0,0.30897997012904893,13794.0,0.8534380672727475,1793.0,0.1109333372930286,29397.0,1.818799395651512,1482069.0,10182.0,0.6870125479987774,4608.0,0.31091669821040724,12705.0,0.8572475370579912,434.0,0.02928338694082394,27068.0,1.826365709018946,1151193.0,7481.0,0.649847592888421,3501.0,0.3041192918997944,7997.0,0.6946706590467454,106.0,0.009207839172058899,18708.0,1.625096747461112,38981.9296875,1785499.25,2.1832509695817572,1482.069,85.39137909875382
ADNI,ADNI-0950_S_PD72647_CN_F_Accelerated_Sagittal_MPRAGE,0.0,1016.4661254882812,1642287.0,11181.0,0.6808188824486828,5262.0,0.32040684728065194,14937.0,0.90952434014274,12307.0,0.7493818071993507,30905.0,1.881826988827166,1533509.0,10611.0,0.6919424665913274,4881.0,0.3182896220367797,13576.0,0.8852898809201641,4378.0,0.2854890320174189,28612.0,1.8657862457931451,1180116.0,7135.0,0.6046015815394419,3729.0,0.3159858861332276,7543.0,0.6391744540367218,1051.0,0.08905904165353236,18044.0,1.529002233678723,14771.5966796875,1841374.375,0.8022049660426877,1533.509,88.35516320114034
ADNI,ADNI-0229_S_P1EFCEA_CN_M_Accelerated_Sagittal_MPRAGE,0.0,1020.4521484375,1614206.0,10226.0,0.6335003091303092,5020.0,0.31098880811990537,13406.0,0.8305011875807672,2818.0,0.17457499228722978,28197.0,1.7468030722225045,1478559.0,7940.0,0.5370093449094693,4275.0,0.28913286517480874,12129.0,0.8203257360714047,204.0,0.013797217425885609,23927.0,1.6182648105351225,1168065.0,4639.0,0.3971525557224983,3476.0,0.2975861788513482,7292.0,0.6242803268653714,26.0,0.0022259035242045604,15139.0,1.2960751328051092,68270.375,1720700.75,3.9675914013520366,1478.559,85.18914577450467
ADNI,ADNI-0817_S_P7106B3_CN_M_Accelerated_Sagittal_MPRAGE,0.0,1015.832763671875,1594153.0,10985.0,0.6890806591337219,5151.0,0.3231182954208285,14010.0,0.8788365984946238,7111.0,0.4460675982794625,29700.0,1.8630583137252195,1461379.0,9652.0,0.6604720609780215,4356.0,0.29807462677375274,12668.0,0.8668524729040175,1700.0,0.11632848152327356,26309.0,1.800285894350473,1164449.0,6521.0,0.5600073511162791,3273.0,0.2810771446409418,8559.0,0.7350257503763583,176.0,0.015114444685855714,18053.0,1.550346988146325,30978.798828125,1779472.125,1.7408982356565432,1461.379,84.19929719598599
ADNI,ADNI-0818_S_P6C08D8_CN_M_Accelerated_Sagittal_MPRAGE,0.0,1024.300048828125,1598805.0,11221.0,0.7018366842735668,5214.0,0.32611856980682447,13775.0,0.8615809933043741,12378.0,0.7742032330396765,29741.0,1.8602018382479415,1479584.0,10405.0,0.7032382074961611,4651.0,0.31434511322101344,12617.0,0.8527396889936631,5774.0,0.3902448255725934,27252.0,1.8418690658996044,1179871.0,7661.0,0.6493082718364974,3701.0,0.31367835975288827,9102.0,0.7714402676224774,1326.0,0.1123851675310267,20172.0,1.709678430947112,14944.5791015625,1791834.375,0.8340379730443835,1479.584,85.24820251449195
ADNI,ADNI-0302_S_P544F4B_CN_M_Accelerated_Sagittal_MPRAGE_ND,0.0,1021.524658203125,1580076.0,10913.0,0.6906629807680137,5137.0,0.3251109440305403,13056.0,0.8262893683594965,5228.0,0.3308701606758156,28639.0,1.8125077527916378,1447868.0,9659.0,0.6671188257493087,4450.0,0.30734845994248094,11895.0,0.8215527934866992,152.0,0.01049819458679935,25578.0,1.7665975075075904,1160827.0,6494.0,0.5594287520879512,3332.0,0.2870367419090011,7704.0,0.6636647838136087,11.0,0.0009476002884150695,17277.0,1.4883354711770143,56954.04296875,1742460.375,3.26859903306266,1447.868,83.42084293845596
ADNI,ADNI-0303_S_P3C5737_CN_F_Accelerated_Sagittal_MPRAGE,0.0,1009.7125854492188,1612419.0,10900.0,0.6760029496055306,5002.0,0.31021713338778567,12727.0,0.7893109669384942,3128.0,0.19399424095101833,28165.0,1.746754410609153,1474445.0,10128.0,0.6869025294263265,4602.0,0.31211744079975856,11515.0,0.7809718232962233,694.0,0.04706855799978975,25812.0,1.7506248113697018,1131100.0,5465.0,0.4831579877994872,2514.0,0.2222615153390505,6234.0,0.5511449031915835,126.0,0.0111395986208116,13987.0,1.236583856422951,26595.994140625,1768002.0,1.5042966094283265,1474.445,84.95211218591177
ADNI,ADNI-1366_S_P76A441_CN_M_Accelerated_Sagittal_MPRAGE,0.0,1017.9190673828125,1562440.0,11133.0,0.712539361511482,5101.0,0.3264765366990093,12678.0,0.8114231586492922,5111.0,0.327116561275953,28445.0,1.82054990911651,1430965.0,10248.0,0.7161600737963543,4593.0,0.3209722110603684,11675.0,0.8158829880535163,791.0,0.0552773827452104,26070.0,1.8218474945229268,1144223.0,7615.0,0.665517123847362,3815.0,0.3334140285591183,8234.0,0.719614970158789,81.0,0.007079039662723089,19311.0,1.687695492924019,47678.19921875,1756487.875,2.7144052570673165,1430.965,82.44695408381678
ADNI,ADNI-0955_S_PFEA67F_CN_M_Accelerated_Sagittal_MPRAGE,0.0,1016.8748779296875,1597069.0,11219.0,0.702474345191097,5131.0,0.3212760375412709,13688.0,0.8570700451890307,6540.0,0.40950015309294713,29583.0,1.8523307383713539,1479718.0,10746.0,0.7262194553286505,4721.0,0.31904727792728077,12519.0,0.8460395832178833,1385.0,0.09359891546902856,27560.0,1.8625170471670953,1152233.0,8001.0,0.6943908046376037,3469.0,0.3010675792135792,7663.0,0.6650564599347528,265.0,0.022998820551051742,18855.0,1.6363877792078512,25515.640625,1774530.375,1.4378813112736941,1479.718,85.25592310293906
ADNI,ADNI-1533_S_PC589AB_CN_F_Accelerated_Sagittal_IR-FSPGR,0.0,1020.8983154296875,1618142.0,11254.0,0.6954890238310358,5320.0,0.32877213495478147,15619.0,0.9652428526050247,8881.0,0.5488393478446267,31716.0,1.9600257579371898,1485641.0,10881.0,0.7324111275873512,5013.0,0.33743010592734046,14937.0,1.0054245945016325,1995.0,0.13428547004289731,30355.0,2.0432257860411767,1153934.0,8507.0,0.7372172065300096,4252.0,0.36847861316158464,10118.0,0.8768265776032251,415.0,0.035963928612901604,22443.0,1.9449119273719295,24682.87890625,1779729.875,1.3868890584448945,1485.641,85.59718463556806
ADNI,ADNI-0440_S_PF63377_CN_M_Accelerated_Sagittal_MPRAGE,0.0,1017.2197875976562,1601506.0,11158.0,0.6967192130407254,5203.0,0.32488170509507924,14877.0,0.928938136978569,4302.0,0.26862215939247186,30769.0,1.921254119559964,1467797.0,9934.0,0.676796586993978,4523.0,0.3081488788981038,13909.0,0.9476106028285927,716.0,0.04878058750631048,27942.0,1.9036692403649822,1153173.0,7243.0,0.6280930961789775,3499.0,0.30342368404393794,9062.0,0.7858317875982181,195.0,0.016909865215366644,19490.0,1.6901193489615174,40892.80859375,1783829.5,2.292416881420001,1467.797,84.56907881280397
ADNI,ADNI-1573_S_P6CD4AD_CN_F_Accelerated_Sag_IR-FSPGR,0.0,1019.1688232421875,1624468.0,11187.0,0.6886562246840197,5175.0,0.318565832013927,15046.0,0.9262109195133422,8394.0,0.5167230133188219,30936.0,1.9043773099870234,1481175.0,10460.0,0.7061960943170118,4775.0,0.3223791921953854,13511.0,0.912181207487299,3009.0,0.20314952655830676,28299.0,1.910577750772191,1129326.0,6687.0,0.5921230893470973,3488.0,0.3088567871456072,7665.0,0.678723415559369,364.0,0.03223161425487415,17564.0,1.5552639361884877,17699.1640625,1799451.125,0.9835868180359719,1481.175,85.33987009821857
ADNI,ADNI-1629_S_PDAAAED_CN_M_Sagittal_3D_Accelerated_MPRAGE,0.0,1009.1461181640625,1619154.0,10721.0,0.6621359055407947,5118.0,0.31609099566810817,14409.0,0.88990917479128,2039.0,0.12592996095491843,29773.0,1.8387997682740491,1478445.0,9026.0,0.610506308993571,4565.0,0.3087703634561989,13044.0,0.8822783397420939,349.0,0.023605883208370957,26197.0,1.771929290572189,1142979.0,6293.0,0.5505787945360326,3632.0,0.3177661181876482,7720.0,0.6754279824913669,89.0,0.007786669746338296,17337.0,1.5168257684524389,46059.48828125,1766367.5,2.607582413130337,1478.445,85.18257751269144
ADNI,ADNI-1400_S_PA12117_CN_F_Accelerated_Sagittal_MPRAGE,0.0,1024.6793212890625,1586222.0,11075.0,0.6981998736620725,5137.0,0.3238512641988322,13829.0,0.871819959627341,6110.0,0.38519198447632175,29573.0,1.864367030592187,1443426.0,10142.0,0.7026338724673105,4669.0,0.323466530324381,12572.0,0.8709833410233708,1577.0,0.1092539555197149,26956.0,1.8675013474885447,1135578.0,6928.0,0.6100857889110215,3671.0,0.32327149698215357,8373.0,0.7373337630704363,195.0,0.017171871945388162,18670.0,1.6440966626687026,23491.365234375,1773454.5,1.3246105402971995,1443.426,83.16491119306714
ADNI,ADNI-1872_S_PA4A69B_CN_M_Sagittal_3D_Accelerated_MPRAGE,0.0,1023.0302734375,1607812.0,11178.0,0.6952305369035683,5206.0,0.323794075426729,14741.0,0.9168360479956611,6480.0,0.4030321953064164,30658.0,1.9068149758802646,1471968.0,10513.0,0.7142138959542599,4789.0,0.32534674666840585,13506.0,0.9175471205895781,1890.0,0.12839953042457444,28369.0,1.927283745298811,1128051.0,8137.0,0.7213326347833564,3868.0,0.34289229830920764,8618.0,0.7639725508864404,315.0,0.027924269381437543,20280.0,1.797791057319217,23784.56640625,1781183.0,1.3353241304374677,1471.968,84.80939653230347
ADNI,ADNI-0822_S_PC2CCCA_MCI_F_Accelerated_Sagittal_MPRAGE,0.5,1009.2696533203125,1624286.0,11170.0,0.6876867743734786,5173.0,0.3184783960460165,13136.0,0.808724571904209,6631.0,0.40824091323818584,29012.0,1.7861386479967198,1502513.0,10808.0,0.7193282187907858,4926.0,0.3278507407257042,12254.0,0.8155669867748232,1889.0,0.12572270589339327,27535.0,1.8325964567361481,1170049.0,8026.0,0.6859541779874176,3896.0,0.3329775077795887,8571.0,0.7325334238138745,325.0,0.027776614483666924,20151.0,1.7222355644934528,19233.7578125,1803902.25,1.0662306016027199,1502.513,86.5692873839247
ADNI,ADNI-1809_S_P4740D6_MCI_F_Accelerated_Sagittal_MPRAGE,0.5,1014.9595947265625,1594732.0,10999.0,0.6897083647910746,5078.0,0.3184234090743774,12330.0,0.7731706644125784,3609.0,0.2263076178317109,27948.0,1.7525201726685111,1459101.0,9734.0,0.6671231121080721,4604.0,0.31553675859313374,10723.0,0.7349045748032521,1106.0,0.07580009882797695,24632.0,1.688162779684203,1162022.0,5718.0,0.49207329981704306,3720.0,0.32013163261969224,7229.0,0.6221052613461707,130.0,0.011187395763591394,16322.0,1.4046205665641442,35618.42578125,1764281.25,2.018863249907009,1459.101,84.06804719238497
ADNI,ADNI-0041_S_P4222C1_MCI_F_Accelerated_Sagittal_MPRAGE,0.5,1018.1456909179688,1601160.0,11079.0,0.6919358465112794,5219.0,0.3259511853905918,14051.0,0.8775512753253891,7733.0,0.48296235229458645,29888.0,1.8666466811561615,1453153.0,10082.0,0.693801685025596,4570.0,0.3144885638332646,12464.0,0.8577211071373764,1526.0,0.1050130302865562,26741.0,1.8402054016335514,1181353.0,7476.0,0.6328337084681717,3515.0,0.2975401933207094,7641.0,0.6468007445699973,49.0,0.004147786478723972,18402.0,1.5577054445199698,36487.49609375,1759930.625,2.0732349091175113,1453.153,83.72534525146361
ADNI,ADNI-1543_S_PB19325_MCI_F_Accelerated_Sagittal_MPRAGE,0.5,1018.5745239257812,1584238.0,10889.0,0.6873335950785172,5022.0,0.3169978248217755,13478.0,0.8507560101449404,2559.0,0.1615287601989095,28942.0,1.8268719725192804,1449998.0,9767.0,0.6735871359822565,4441.0,0.3062762845190131,12050.0,0.8310356290146608,429.0,0.029586247705169252,25868.0,1.7840024606930491,1146319.0,5874.0,0.5124228072639466,2973.0,0.25935189070407105,6967.0,0.6077714842029138,131.0,0.011427883512355637,15590.0,1.3600053737223232,35807.72265625,1779036.125,2.012759727194972,1449.998,83.54356572496614
ADNI,ADNI-1503_S_PD37C53_MCI_M_Accelerated_Sagittal_IR-FSPGR,0.5,1017.41064453125,1566262.0,10670.0,0.6812397925762101,5137.0,0.327978333126897,14145.0,0.9031056106832701,7510.0,0.4794855522256174,29485.0,1.8825075242839322,1420191.0,9070.0,0.638646491915524,4515.0,0.3179149846745966,12437.0,0.8757272789364248,766.0,0.05393640714523611,25622.0,1.8041235298632368,1129773.0,5543.0,0.49062953354346406,3506.0,0.3103278269174427,7318.0,0.647740740839089,91.0,0.00805471541628274,16090.0,1.4241799016262557,43747.60546875,1761959.75,2.4828947124785343,1420.191,81.82619572613574
ADNI,ADNI-1372_S_PB3E704_MCI_M_Accelerated_Sagittal_MPRAGE,0.5,1025.881103515625,1589959.0,10663.0,0.670646224210813,5023.0,0.3159200960527913,12616.0,0.793479580291064,2935.0,0.1845959549900343,27844.0,1.7512401263177226,1435920.0,9361.0,0.6519165413114937,4599.0,0.32028246698980445,11158.0,0.7770627890133155,608.0,0.04234219176555797,24689.0,1.7193854810852973,1099691.0,5638.0,0.5126894736794245,3491.0,0.31745281174439005,6379.0,0.5800720384180647,104.0,0.009457202068581083,15178.0,1.3802058942011892,31227.998046875,1756228.125,1.778128797867589,1435.92,82.73244300736509
ADNI,ADNI-0530_S_P9FACBF_MCI_M_MPRAGE_Repeat,0.5,1019.192626953125,1577893.0,10851.0,0.6876892159354278,4887.0,0.30971681856754546,12428.0,0.7876326214768682,4260.0,0.2699802838342017,27719.0,1.7567097388732948,1439465.0,9421.0,0.6544792683392788,4269.0,0.29656851677532975,11323.0,0.7866116925385472,371.0,0.025773464446860465,24607.0,1.7094545542962143,1128165.0,6045.0,0.5358258765340176,3129.0,0.27735304676177686,7139.0,0.6327975074567993,67.0,0.005938847597647508,16058.0,1.42337335407498,57641.22265625,1724869.625,3.3417727241993727,1439.465,82.93669290322357
ADNI,ADNI-0727_S_PD1FABC_MCI_M_Accelerated_Sagittal_MPRAGE_(MSV21),0.5,1019.6837158203125,1563946.0,11007.0,0.7037966784019397,5051.0,0.3229651151638228,12539.0,0.8017540247553304,6836.0,0.4370994906473753,28143.0,1.7994866830440437,1425997.0,10023.0,0.7028766540182062,4670.0,0.32749017003542086,11440.0,0.8022457270246712,1746.0,0.12244065029589823,25711.0,1.8030192209380524,1136443.0,7268.0,0.6395393345728734,3416.0,0.3005870070034309,7595.0,0.6683133249973822,142.0,0.012495127340306554,17976.0,1.5817775286573985,42179.36328125,1745734.125,2.4161390143673795,1425.997,82.16071614795644
ADNI,ADNI-2028_S_PFE6A84_MCI_F_Accelerated_Sagittal_MPRAGE_(MSV21),0.5,1026.6405029296875,1585565.0,10788.0,0.6803883789059421,5051.0,0.31856152223339945,12912.0,0.8143469362656215,7060.0,0.4452671445194615,28303.0,1.7850419251181755,1438488.0,9347.0,0.649779490687444,4288.0,0.29809077308952175,11601.0,0.8064717953851543,533.0,0.03705279432292796,24879.0,1.7295243338839115,1155547.0,6695.0,0.5793792896351252,3376.0,0.2921560092319914,8465.0,0.7325535006364952,11.0,0.0009519301248672706,18264.0,1.5805501636887118,60901.7109375,1749040.0,3.482007897903993,1438.488,82.88040174715763
ADNI,ADNI-1378_S_PC985E9_MCI_M_Accelerated_Sagittal_MPRAGE_ND,0.5,1012.9405517578125,1587391.0,11023.0,0.6944098838912404,4939.0,0.311139473513457,13292.0,0.8373488321402855,3658.0,0.23044101925738525,28803.0,1.8144867899591217,1452208.0,10257.0,0.7063037801747408,4374.0,0.30119652281215914,12128.0,0.835142073311812,792.0,0.05453764199067902,26368.0,1.815717858598768,1122117.0,7284.0,0.6491301709180058,3209.0,0.2859773089615432,7233.0,0.644585190314379,135.0,0.012030831009600604,17499.0,1.5594630506444516,28636.22265625,1747870.0,1.6383496859749294,1452.208,83.67089781801191
ADNI,ADNI-0841_S_P84F091_MCI_F_Accelerated_Sagittal_MPRAGE_Phase_A-P,0.5,1024.38525390625,1562166.0,10843.0,0.6941003708952825,5043.0,0.3228210062182892,12327.0,0.7890966773057408,7871.0,0.503851703340106,27761.0,1.7770838694479332,1410131.0,8884.0,0.6300123889198946,4496.0,0.3188356259099332,10973.0,0.7781546537165696,409.0,0.02900439746378173,23946.0,1.6981401018770597,1120827.0,5369.0,0.47902129409801875,3540.0,0.31583821588880356,7316.0,0.6527323128368606,20.0,0.0017843966999367433,15924.0,1.420736652489635,58017.07421875,1715582.875,3.38177042124823,1410.131,81.24657542928489
ADNI,ADNI-0731_S_PF56B30_MCI_F_Accelerated_Sagittal_MPRAGE_(MSV21),0.5,1021.5970458984375,1581606.0,10832.0,0.684873476706588,5057.0,0.3197382913317223,12991.0,0.8213802931956504,9397.0,0.5941429154922275,28427.0,1.7973502882513093,1445625.0,9425.0,0.6519671422395158,4135.0,0.28603545179420664,11794.0,0.8158408992650237,1068.0,0.0738780804150454,24975.0,1.727626459143969,1141648.0,5816.0,0.5094389864476616,3194.0,0.2797709977155831,7325.0,0.6416163300772217,84.0,0.00735778453603913,16081.0,1.4085777752862527,37077.1640625,1758163.875,2.1088571201873885,1445.625,83.29160950646425
ADNI,ADNI-0432_S_P3FCB90_MCI_F_Sagittal_3D_Accelerated_0_angle_MPRAGE,0.5,1030.2449951171875,1602898.0,10734.0,0.6696620745674398,5173.0,0.32272795898428974,14284.0,0.8911359300467029,11344.0,0.7077181455089468,29731.0,1.8548279428884433,1462510.0,8148.0,0.5571243957306276,4729.0,0.3233482164224518,13359.0,0.9134296517630649,835.0,0.05709362671024471,25785.0,1.763064867932527,1162796.0,5064.0,0.4355020141108157,3643.0,0.31329657136763456,8519.0,0.732630659204194,6.0,0.0005159976470507294,16855.0,1.4495233901733409,63655.21484375,1749205.75,3.639092476328185,1462.51,84.26446126713294
ADNI,ADNI-1177_S_PB057C8_MCI_M_Accelerated_Sagittal_MPRAGE_(MSV21),0.5,1017.358154296875,1583205.0,11064.0,0.698835589832018,5159.0,0.3258579905950272,13056.0,0.8246563142486285,6828.0,0.43127706140392436,28818.0,1.8202317450993397,1437770.0,9813.0,0.6825152840857717,4518.0,0.31423663033725835,12080.0,0.8401900164838605,670.0,0.04659994296723398,26000.0,1.8083559957434083,1143224.0,7023.0,0.6143153047871633,3641.0,0.3184852662295403,8999.0,0.7871598216972352,107.0,0.009359495601911787,19339.0,1.6916194901436639,58144.08984375,1752018.375,3.318691782770258,1437.77,82.83903322100069
ADNI,ADNI-0797_S_P5138E8_MCI_F_Accelerated_Sagittal_MPRAGE_(MSV21),0.5,1018.6827392578125,1598946.0,10955.0,0.6851388352076931,5155.0,0.3223998809215571,13266.0,0.8296715461310137,8909.0,0.5571795420233079,28918.0,1.8085663931114622,1462861.0,8841.0,0.6043636408380564,4439.0,0.30344646552201476,12009.0,0.8209255698251576,594.0,0.04060536168508149,24886.0,1.701186920698549,1175987.0,5611.0,0.477131124748828,3499.0,0.2975373027082783,8129.0,0.6912491379581577,29.0,0.002466013654912852,16946.0,1.4410023240052825,62477.4453125,1736131.0,3.59865962375535,1462.861,84.28468459955786
ADNI,ADNI-0989_S_PF55C6C_MCI_M_Accelerated_Sagittal_MPRAGE,0.5,1017.0862426757812,1591232.0,11146.0,0.7004635402002977,5163.0,0.3244655713308933,13436.0,0.844377186984676,10220.0,0.6422696376141254,29281.0,1.8401465028355386,1447663.0,10115.0,0.6987123384378823,4376.0,0.302280295897595,12124.0,0.8374877302245067,1274.0,0.08800390698663985,26253.0,1.8134745448353657,1159808.0,7134.0,0.6151018099547512,3288.0,0.2834951992053857,8399.0,0.7241715870213,90.0,0.00775990508773866,18585.0,1.6024204006180334,45873.3984375,1735912.0,2.642610825750384,1447.663,83.40903159045851
ADNI,ADNI-1764_S_P655D9A_MCI_M_Accelerated_Sagittal_MPRAGE,0.5,1019.3358764648438,1593158.0,11092.0,0.6962272417425014,5155.0,0.3235711712209335,13405.0,0.841410582001283,9950.0,0.6245457136078154,29187.0,1.8320216827207345,1465371.0,10232.0,0.6982532068670664,4704.0,0.3210108566363058,12518.0,0.8542546563293528,3651.0,0.24915192125407148,27011.0,1.8432874678153177,1169954.0,7228.0,0.6178020674317111,3437.0,0.29377223378013156,7570.0,0.6470339859515845,947.0,0.08094335332842145,17940.0,1.533393620603887,18134.23828125,1787302.375,1.0146150161776626,1465.371,84.4293015921121
ADNI,ADNI-1996_S_P715C0B_MCI_M_Accelerated_Sagittal_MPRAGE_(MSV21),0.5,1024.3843994140625,1619823.0,10869.0,0.6709992388057213,5003.0,0.3088609064076754,12905.0,0.7966919842476615,2585.0,0.159585337410322,28316.0,1.7480922298300494,1492190.0,9690.0,0.6493811109845261,4491.0,0.30096703502905126,11711.0,0.7848196275273256,616.0,0.04128160622976967,25466.0,1.7066191302716143,1181689.0,7040.0,0.595757428561999,3357.0,0.2840848988185555,7382.0,0.6246990536427097,177.0,0.014978560348788894,17508.0,1.4816081050090169,63160.890625,1729694.5,3.6515633613334613,1492.19,85.97451399183808
ADNI,ADNI-1995_S_P4CCB73_MCI_M_Accelerated_Sagittal_MPRAGE_(MSV21),0.5,1027.414306640625,1596140.0,11100.0,0.6954277193729873,5065.0,0.3173280539301064,13700.0,0.8583206986855789,3503.0,0.21946696405077248,29405.0,1.8422569448795219,1469822.0,10136.0,0.6896073129943626,4617.0,0.31411966891229004,12278.0,0.8353392451602983,735.0,0.05000605515497795,26602.0,1.8098790193642493,1171355.0,7383.0,0.6302956832044939,3589.0,0.3063972920250479,7587.0,0.6477114111435047,145.0,0.01237882623115964,18260.0,1.5588783929722416,31360.728515625,1802649.5,1.7397019506911908,1469.822,84.68575188448617
ADNI,ADNI-1180_S_P831F5B_MCI_F_Accelerated_Sagittal_MPRAGE_(MSV21),0.5,1014.5176391601562,1630210.0,11144.0,0.6835929113427105,5085.0,0.3119230037847885,13702.0,0.8405052109850878,7063.0,0.4332570650407003,29460.0,1.807129142871164,1499526.0,10214.0,0.681148576283439,4486.0,0.29916120160637427,12335.0,0.8225932728075406,1498.0,0.09989823450877143,26631.0,1.775961203740382,1213917.0,7128.0,0.587190063241556,3588.0,0.29557210254078325,8158.0,0.672039356891781,125.0,0.010297244375027288,18575.0,1.530170514129055,37801.69921875,1748071.375,2.1624803059743485,1499.526,86.39718740115198
ADNI,ADNI-1093_S_P8A972E_MCI_F_MPRAGE,0.5,1013.1178588867188,1582527.0,11100.0,0.7014098337658694,5049.0,0.31904668925079954,12732.0,0.8045360363519864,4963.0,0.31361234279099187,28429.0,1.7964306454171082,1438220.0,10134.0,0.7046209898346567,4480.0,0.3114961549693371,11378.0,0.7911167971520352,1369.0,0.0951871062841568,25583.0,1.77879601173673,1130491.0,6982.0,0.6176077474300989,3611.0,0.3194187304454436,7973.0,0.7052687725952705,182.0,0.01609919937443111,18250.0,1.6143427944141087,27968.634765625,1758871.0,1.5901470184922601,1438.22,82.8649605702634
ADNI,ADNI-0369_S_P54C295_MCI_F_Accelerated_Sagittal_MPRAGE,0.5,1027.443115234375,1601475.0,10594.0,0.6615151657066143,5089.0,0.317769556190387,13459.0,0.8404127445011629,6078.0,0.379525125275137,28678.0,1.7907241761501116,1468150.0,8495.0,0.5786193508837653,4216.0,0.2871641181078228,12111.0,0.8249157102475905,808.0,0.05503524844191669,24446.0,1.6650887170929403,1166580.0,4741.0,0.40640161840593875,3269.0,0.28022081640350427,8097.0,0.6940801316669238,72.0,0.006171887054466903,15851.0,1.3587580791715956,53352.2109375,1724229.625,3.094263673697174,1468.15,84.58941737789227
ADNI,ADNI-0898_S_P8ADA9D_MCI_M_Accelerated_Sagittal_MPRAGE_(MSV21),0.5,1017.982666015625,1588315.0,8957.0,0.5639309582796863,4851.0,0.30541800587414963,12272.0,0.7726427062641856,4323.0,0.27217522972458236,25635.0,1.613974557943481,1427978.0,5659.0,0.39629462078547434,3836.0,0.26863158956230415,10744.0,0.7523925438627206,440.0,0.030812799636969198,19863.0,1.3909878163389071,1148012.0,2989.0,0.2603631320926959,2978.0,0.25940495395518515,6978.0,0.6078333675954607,142.0,0.012369208684229782,12682.0,1.1046922854464936,61603.3671875,1730587.125,3.5596801974069927,1427.978,82.27485410104407
ADNI,ADNI-1765_S_P58637F_MCI_F_Accelerated_Sagittal_MPRAGE_repeat,0.5,1023.2325439453125,1600185.0,10919.0,0.6823586022866106,5068.0,0.3167133800154357,13064.0,0.8164056031021414,7852.0,0.49069326359139726,28589.0,1.786605923690073,1465538.0,9255.0,0.6315087019237987,4389.0,0.29948046382966526,12057.0,0.8227012878546991,1502.0,0.10248796005289526,25277.0,1.7247590987064136,1174485.0,5501.0,0.46837550075139317,3488.0,0.2969812300710524,7821.0,0.6659088877252582,145.0,0.01234583668586657,16488.0,1.403849346734952,37141.15234375,1758931.0,2.11157528884021,1465.538,84.43892351950515
ADNI,ADNI-1376_S_PFCC052_MCI_F_Accelerated_Sagittal_MPRAGE,0.5,1015.2100219726562,1592977.0,11106.0,0.6971852073193775,5162.0,0.3240473654045225,13356.0,0.8384301844910504,5919.0,0.37156845327961424,29153.0,1.8300954753270136,1467872.0,10314.0,0.7026498223278324,4776.0,0.3253689695014279,12416.0,0.8458503193738963,1601.0,0.10906945564735888,27056.0,1.8432124871923437,1176206.0,7341.0,0.6241253657947673,3798.0,0.3229026207994178,8902.0,0.7568402133639855,214.0,0.018194091851257345,19682.0,1.6733463355908744,25497.984375,1772890.5,1.4382154100887787,1467.872,84.57340003768108
ADNI,ADNI-1930_S_PB325E0_MCI_M_Accelerated_Sagittal_MPRAGE,0.5,1018.9835205078125,1592490.0,10864.0,0.6822020860413567,5061.0,0.3178041934329258,13052.0,0.8195969833405546,4194.0,0.2633611514044044,28528.0,1.7914084232868024,1448405.0,9394.0,0.6485755020177367,4455.0,0.3075797169990438,11880.0,0.8202125786641168,706.0,0.04874327277246351,25341.0,1.7495797100948975,1135959.0,6635.0,0.5840879820486479,3309.0,0.291295724581609,7952.0,0.7000252649963599,135.0,0.011884231737236996,17630.0,1.5519926335369498,42451.37890625,1752287.375,2.422626534431888,1448.405,83.45178290857613
ADNI,ADNI-1337_S_P5C3166_MCI_F_Accelerated_Sagittal_MPRAGE_(MSV21),0.5,1021.3475341796875,1640419.0,11193.0,0.6823256741113093,5107.0,0.31132289982010697,14214.0,0.8664859404822792,6897.0,0.4204413628469312,30068.0,1.8329463387098053,1510192.0,10211.0,0.6761391928973269,4544.0,0.30088889359763527,11517.0,0.762618263108267,1181.0,0.07820197696716709,25887.0,1.7141529024124085,1191857.0,6897.0,0.5786768043481726,3370.0,0.28275204156203304,6208.0,0.5208678557914247,23.0,0.0019297617079901362,16232.0,1.3619083497432998,26807.408203125,1748427.75,1.5332293944159259,1510.192,87.01172319500996
ADNI,ADNI-1150_S_P6B89D6_MCI_M_Accelerated_Sagittal_MPRAGE_(MSV21),0.5,1027.748779296875,1602478.0,11170.0,0.6970454508579838,5162.0,0.32212610719148715,13246.0,0.8265948112860207,9341.0,0.5829097185733595,29110.0,1.8165616002216567,1470571.0,10453.0,0.7108123307205161,4584.0,0.31171565330745676,11800.0,0.8024094042382177,1695.0,0.1152613508630321,26434.0,1.7975330670875465,1239778.0,8146.0,0.6570531175742754,3534.0,0.28505103333016074,8602.0,0.6938338960684897,175.0,0.014115430343174343,19950.0,1.609159059121875,32779.63671875,1751396.875,1.8716281378970714,1470.571,84.72890651692566
ADNI,ADNI-1304_S_PD3E304_MCI_F_Sag_Accel_IR-FSPGR,0.5,1015.9909057617188,1578498.0,11113.0,0.7040236984779202,5204.0,0.3296804937351837,13851.0,0.8774797307313662,10352.0,0.6558133111350157,29696.0,1.8812820795465055,1451718.0,10229.0,0.7046134304320811,4599.0,0.31679706389257417,12695.0,0.8744811320104869,1459.0,0.10050161257213867,27088.0,1.8659271290980755,1153707.0,6920.0,0.5998056698971229,3340.0,0.28950158055728187,8474.0,0.7345019142641936,78.0,0.006760815354331732,18409.0,1.5956391007422162,41793.0703125,1782708.125,2.344358547897458,1451.718,83.6426658154814
ADNI,ADNI-0788_S_PF729DA_MCI_F_Accelerated_Sagittal_MPRAGE_(MSV21),0.5,1030.346435546875,1587075.0,10921.0,0.6881212293054834,5039.0,0.31750232345667345,12775.0,0.8049399051714633,5826.0,0.3670904021549076,28287.0,1.7823354283824016,1449798.0,9818.0,0.6771977889333549,4441.0,0.30631853540976056,11475.0,0.7914895730301739,1255.0,0.08656378336844167,25336.0,1.747553797149672,1169208.0,6069.0,0.5190693187183119,3579.0,0.3061046451957222,7406.0,0.633420229762369,46.0,0.003934287141381175,16790.0,1.4360148066041287,33845.43359375,1729673.625,1.9567525979792864,1449.798,83.53204245862716
ADNI,ADNI-0239_S_P419B0A_MCI_M_Accelerated_Sagittal_MPRAGE,0.5,1016.994873046875,1599437.0,10509.0,0.6570436972509702,5119.0,0.3200501176351429,14230.0,0.8896880589857556,4548.0,0.28435005567584093,29385.0,1.8372089679055816,1456324.0,9049.0,0.6213589833031661,4523.0,0.3105764925936811,13275.0,0.9115416624322609,639.0,0.043877598666230866,26397.0,1.8125774209585228,1169705.0,6366.0,0.5442397869548304,3662.0,0.3130703895426625,9206.0,0.7870360475504508,145.0,0.012396287952945402,18873.0,1.6134837416271623,62968.46484375,1733922.125,3.6315624523073664,1456.324,83.90804663926818
ADNI,ADNI-0542_S_PA183A7_MCI_M_MPRAGE,0.5,1016.0531616210938,1601785.0,9943.0,0.6207449813801478,5030.0,0.3140246662317352,12859.0,0.8027918853029589,2267.0,0.14152960603326914,27372.0,1.7088435713906673,1466045.0,7929.0,0.5408428799934518,4249.0,0.289827392747153,11659.0,0.795268903751249,227.0,0.015483835762203753,23425.0,1.5978363556371051,1158336.0,3898.0,0.3365172108956296,3056.0,0.26382673075860547,7393.0,0.6382431349798331,1.0,8.633073650477926e-05,14086.0,1.216054754406321,64441.8046875,1746388.125,3.6900047455086766,1466.045,84.46813499967448
ADNI,ADNI-0962_S_P2CAA32_MCI_F_Accelerated_Sagittal_MPRAGE,0.5,1021.383056640625,1590189.0,10364.0,0.6517464276258986,5065.0,0.3185155978314527,13559.0,0.8526659409667656,3546.0,0.22299236128535666,28523.0,1.793686159318169,1450841.0,8180.0,0.5638109207004764,4168.0,0.28728165250361687,12158.0,0.8379967205227865,368.0,0.025364598877478647,24092.0,1.6605541199897162,1150911.0,5544.0,0.4817053621001103,3382.0,0.2938541729117195,7892.0,0.6857176619217299,59.0,0.005126373803013439,16477.0,1.4316484941059735,54987.29296875,1742368.875,3.1558927479549936,1450.841,83.59213629258495
ADNI,ADNI-1641_S_PC710B5_MCI_M_Sagittal_3D_Accelerated_MPRAGE,0.5,1019.5969848632812,1565687.0,10514.0,0.6715263012338992,5191.0,0.33154774868795617,13015.0,0.831264486452273,4069.0,0.25988591589506715,28270.0,1.8055971595855365,1422001.0,8500.0,0.5977492280244528,4502.0,0.31659612053718666,11364.0,0.7991555561493979,652.0,0.04585088196140509,24001.0,1.6878328496252815,1114163.0,5341.0,0.47937330534221656,3493.0,0.3135088851451718,6578.0,0.5903983528442427,105.0,0.009424114783922998,15175.0,1.3620089699622049,48284.6953125,1767297.625,2.7321201946672677,1422.001,81.93048128650354
ADNI,ADNI-0789_S_PD08904_MCI_M_Accelerated_Sagittal_MPRAGE_(MSV21),0.5,1020.225830078125,1585145.0,10417.0,0.6571638556725095,4998.0,0.3153023855861766,13216.0,0.8337407618861367,5190.0,0.3274148421753215,28173.0,1.7773137473228,1440679.0,8297.0,0.5759089984653071,4196.0,0.29125155569006006,11901.0,0.8260688189388475,593.0,0.0411611469314122,23988.0,1.6650482168477505,1125546.0,3715.0,0.3300620321159686,2810.0,0.24965661110252269,5386.0,0.47852331224134775,82.0,0.0072853530642017295,11681.0,1.037807428572444,43169.90625,1767194.75,2.4428493944993894,1440.679,83.0066391299012
ADNI,ADNI-1074_S_P2EFDE9_MCI_M_Accelerated_Sagittal_MPRAGE_(MSV21),0.5,1019.120849609375,1616145.0,11117.0,0.6878714471783163,5112.0,0.3163082520442163,13385.0,0.8282053899866658,5776.0,0.3573936744537155,29162.0,1.8044173016653828,1491729.0,10414.0,0.6981160787247549,4653.0,0.31191992647458083,12441.0,0.8339986686589856,1395.0,0.09351564526800779,27088.0,1.8158794258206417,1185557.0,7111.0,0.5998024557233436,3767.0,0.317740943708316,8825.0,0.7443758503387016,130.0,0.010965309976660759,19375.0,1.634252929213863,29940.703125,1782364.0,1.6798310067416082,1491.729,85.94795286292671
ADNI,ADNI-1560_S_PBD2452_MCI_M_Accelerated_Sag_IR-FSPGR_(MSV21),0.5,1019.276123046875,1578198.0,10922.0,0.692055116024732,4976.0,0.31529630629363364,12894.0,0.8170077518790418,2323.0,0.14719319122188723,28353.0,1.7965426391365342,1422788.0,9612.0,0.6755749978211792,4470.0,0.31417189349361957,11590.0,0.8145978178056043,413.0,0.029027514991692364,25265.0,1.7757389013682994,1079210.0,4722.0,0.43754227629469705,2319.0,0.21487940252592175,6259.0,0.5799612679645296,85.0,0.007876131614792302,13074.0,1.2114417027269948,35617.62890625,1786137.0,1.99411517180653,1422.788,81.97582533954744
ADNI,ADNI-0566_S_P242BF0_MCI_M_Accelerated_Sagittal_MPRAGE_(MSV21),0.5,1020.74462890625,1589808.0,11183.0,0.7034182744079788,5154.0,0.32419009087889855,13541.0,0.851738071515554,12629.0,0.7943726538047362,29416.0,1.8502863238831355,1449151.0,10713.0,0.7392604359380078,4809.0,0.33184947600353587,12667.0,0.8740980063499248,2696.0,0.1860399640893185,27752.0,1.915052330640492,1206582.0,7831.0,0.6490234397662157,3869.0,0.3206578583138154,8889.0,0.7367091503105466,197.0,0.016327112454851807,20258.0,1.6789575843166895,39690.390625,1756513.0,2.259612688605208,1449.151,83.49476469202054
ADNI,ADNI-2000_S_P766DD6_MCI_M_Accelerated_Sagittal_MPRAGE_(MSV21),0.5,1016.7937622070312,1588197.0,11233.0,0.7072800162700219,5220.0,0.32867459137625876,13291.0,0.8368609183873286,11310.0,0.7121282813152272,29279.0,1.8435370423190571,1459304.0,10843.0,0.743025442265628,4857.0,0.33282989699199067,12548.0,0.8598619615926496,1489.0,0.10203494268500601,27808.0,1.90556594102394,1178524.0,8162.0,0.6925612036751054,3858.0,0.327358628250252,9263.0,0.7859831450186844,82.0,0.006957855758559011,20956.0,1.7781564058093007,34722.1875,1784017.875,1.946291457421636,1459.304,84.07974330771904
ADNI,ADNI-1187_S_PC39CB2_MCI_F_Accelerated_Sagittal_MPRAGE_(MSV21),0.5,1014.2804565429688,1601059.0,11202.0,0.6996619112724766,5000.0,0.3122933008714857,13487.0,0.8423799497707454,7234.0,0.4518259477008655,29222.0,1.8251669676133109,1472076.0,10712.0,0.7276798208788133,4329.0,0.29407449071922914,12125.0,0.8236667128599339,1022.0,0.06942576334374041,26733.0,1.8160067822585249,1136798.0,8416.0,0.7403250181650566,3317.0,0.2917844683048352,7986.0,0.7024994766000644,116.0,0.01020409958497464,19425.0,1.7087468486045894,24772.423828125,1779527.25,1.392078925912767,1472.076,84.81561909612651
ADNI,ADNI-0321_S_PA2F789_MCI_M_Accelerated_Sagittal_MPRAGE_(MSV21),0.5,1018.25830078125,1590950.0,10955.0,0.6885822935981646,5048.0,0.31729469813633365,13386.0,0.8413840786951192,2968.0,0.18655520286621202,28946.0,1.8194160721581445,1457816.0,9712.0,0.6662020447024865,4295.0,0.29461879962903414,11868.0,0.8140945084976431,565.0,0.03875660577192183,25536.0,1.7516613893660105,1181270.0,6850.0,0.5798843617462561,3301.0,0.27944500410575057,7895.0,0.6683484724068164,95.0,0.00804219187823275,17814.0,1.5080379591456652,38358.9765625,1758956.0,2.1807809042693505,1457.816,83.994010206157
ADNI,ADNI-0855_S_P16AC64_MCI_M_Accelerated_Sagittal_MPRAGE_(MSV21),0.5,1023.415771484375,1601549.0,11164.0,0.697075144126093,5085.0,0.31750511536019194,13117.0,0.8190195866626622,4665.0,0.29128050406200495,28915.0,1.805439608778751,1473490.0,10334.0,0.7013281393155026,4541.0,0.3081798994224596,12046.0,0.8175148796394953,789.0,0.05354634235726065,26501.0,1.7985191619895622,1168911.0,6839.0,0.5850744838571971,3612.0,0.3090055615868103,7598.0,0.6500067156524321,54.0,0.00461968447555032,17747.0,1.5182507479183616,38592.6171875,1745778.875,2.210624595139519,1473.49,84.89708858914312
ADNI,ADNI-0889_S_P96ED3B_MCI_M_Accelerated_Sagittal_MPRAGE_(MSV21),0.5,1018.6190185546875,1581320.0,10344.0,0.654137050059444,5021.0,0.3175195406369362,12610.0,0.7974350542584676,7068.0,0.44696835555105857,27544.0,1.7418359345357044,1429792.0,8510.0,0.595191468409391,4178.0,0.29221033548935793,10397.0,0.7271687070566908,1080.0,0.07553546250083928,22760.0,1.5918399319621315,1140824.0,5592.0,0.49017201601649335,3046.0,0.2669999929875248,6678.0,0.5853663667664776,106.0,0.00929152963121393,15117.0,1.3250948437269903,57588.81640625,1760420.25,3.2713107228941496,1429.792,82.37937012673865
ADNI,ADNI-0745_S_PA40779_MCI_F_Accelerated_Sagittal_MPRAGE_(MSV21),0.5,1021.0489501953125,1593049.0,10753.0,0.6749949311038141,4476.0,0.2809706418321094,12919.0,0.8109606170306124,5250.0,0.32955671796661623,27774.0,1.7434491971056758,1447427.0,9867.0,0.6816924100490042,3744.0,0.2586658947221518,11314.0,0.7816629094247931,1723.0,0.11903881853799882,24623.0,1.7011566040981685,1132584.0,5526.0,0.48791083045495964,2700.0,0.23839291390307474,6707.0,0.5921856568696008,144.0,0.012714288741497319,14742.0,1.301625309910788,23436.904296875,1790002.125,1.3093227080317014,1447.427,83.39543413617851
ADNI,ADNI-0858_S_P024917_MCI_F_Accelerated_Sagittal_MPRAGE_(MSV21),0.5,1013.2364501953125,1593797.0,11016.0,0.6911796169775699,5097.0,0.319802333672356,12655.0,0.7940158000046431,2852.0,0.17894374252178916,28306.0,1.7760103702039847,1447061.0,9643.0,0.666385176575141,4501.0,0.3110442476163755,11039.0,0.7628565761913284,408.0,0.028195079543986052,24762.0,1.71119254820633,1123401.0,5036.0,0.4482816020281271,3361.0,0.29918079118676233,6834.0,0.6083313082327682,64.0,0.0056969862052819965,14917.0,1.3278428628779928,35711.0546875,1762520.75,2.0261352774144643,1447.061,83.37434655877817
ADNI,ADNI-0096_S_PFE0BD1_MCI_F_Accelerated_Sagittal_MPRAGE_(MSV21),0.5,1018.5093994140625,1615213.0,11147.0,0.6901256985920743,5038.0,0.31190932712899166,13937.0,0.8628583350926472,6577.0,0.4071908782309206,29656.0,1.8360426767243703,1491144.0,10402.0,0.6975852097450012,4601.0,0.3085550423030908,12504.0,0.8385508039465001,2789.0,0.1870376033434732,27076.0,1.8157870735488992,1184462.0,7513.0,0.6342964147435713,3341.0,0.28206898997181845,7537.0,0.6363226511276849,444.0,0.03748537310610218,18100.0,1.528119939685697,21335.314453125,1744869.0,1.2227459169212702,1491.144,85.91424730888518
ADNI,ADNI-2001_S_PABD2B9_MCI_M_Accelerated_Sagittal_MPRAGE_(MSV21),0.5,1015.4014892578125,1595274.0,11141.0,0.6983753261195256,5046.0,0.31630929859071233,13094.0,0.8207994363350747,8351.0,0.5234837400973125,28832.0,1.8073384258754297,1463564.0,10366.0,0.708271042468932,4445.0,0.3037106679311598,11647.0,0.7957971089750773,2544.0,0.1738222585414782,26068.0,1.7811315391742348,1142481.0,6964.0,0.6095506183472635,3590.0,0.31422842042887367,7363.0,0.6444746127069072,312.0,0.027308988070698773,17642.0,1.544183229305345,22047.412109375,1783083.625,1.236476618384906,1463.564,84.32518888073938
ADNI,ADNI-0747_S_P2FE68E_MCI_M_Accelerated_Sagittal_MPRAGE_(MSV21),0.5,1023.26611328125,1573840.0,11069.0,0.703311645402328,5105.0,0.32436588217353735,13329.0,0.8469094698317491,5310.0,0.33739134854877245,29033.0,1.844723733035124,1431608.0,10218.0,0.7137428681594403,4646.0,0.32453017865225675,12393.0,0.8656699319925566,1920.0,0.13411492531475097,26816.0,1.8731384568960219,1147314.0,6981.0,0.6084646400200817,3605.0,0.31421215116350015,7957.0,0.6935328950923635,179.0,0.015601657436412352,18247.0,1.5904102974425485,33397.87890625,1770928.0,1.8858970498094783,1431.608,82.48400138509662
ADNI,ADNI-1224_S_PF6DAFE_MCI_F_MPRAGE_Repeat,0.5,912.0057983398438,1600054.0,10402.0,0.650103059021758,4891.0,0.3056771833950604,12594.0,0.7870984354278043,4951.0,0.3094270568368318,27453.0,1.715754593282477,1453171.0,8474.0,0.5831385294641855,4398.0,0.3026484839017569,11540.0,0.7941253988690938,1027.0,0.07067303159779545,24034.0,1.65390033244539,1165125.0,5447.0,0.46750348675034864,3490.0,0.29953867610771373,8854.0,0.759918463684154,72.0,0.006179594464113292,17522.0,1.503872975002682,49435.96875,1744268.625,2.8341946900523993,1453.171,83.7263823454341
ADNI,ADNI-1190_S_P8DB82C_MCI_F_Accelerated_Sagittal_MPRAGE_(MSV21),0.5,1018.7205810546875,1635531.0,11118.0,0.6797792276636762,4972.0,0.30399912933475426,13029.0,0.7966220145017123,5382.0,0.32906744048263226,28666.0,1.752702944792853,1509924.0,10224.0,0.6771201729358565,4395.0,0.2910742527438467,11624.0,0.7698400714208132,1796.0,0.11894638405641608,25843.0,1.7115430975333856,1222383.0,7394.0,0.6048840666141463,3192.0,0.2611292859930153,7481.0,0.6120013121910236,108.0,0.008835201405778714,17770.0,1.4537178609322936,31499.0,1739976.0,1.8103123261470275,1509.924,86.99628201811572
ADNI,ADNI-2026_S_P179EF4_MCI_F_Accelerated_Sagittal_MPRAGE_(MSV21),0.5,1024.375732421875,1619692.0,11162.0,0.6891433679983602,4831.0,0.29826658401720824,12908.0,0.7969416407563908,9192.0,0.5675153053790474,28448.0,1.756383312382848,1502505.0,10583.0,0.7043570570480631,3927.0,0.26136352291672904,11398.0,0.7585998049923295,2753.0,0.18322734366940543,25524.0,1.6987630656803139,1192832.0,7916.0,0.6636307543727867,3066.0,0.25703535787101617,7879.0,0.6605288925850413,330.0,0.027665253782594698,18602.0,1.559481972314626,24285.515625,1742724.375,1.393537381664269,1502.505,86.56882645327114
ADNI,ADNI-1769_S_P981A95_MCI_M_Accelerated_Sagittal_MPRAGE_(MSV21),0.5,1026.0684814453125,1555871.0,10768.0,0.6920882258233491,4798.0,0.30838032201898485,12308.0,0.7910681541078921,10381.0,0.6672146983908049,27459.0,1.7648635394579628,1413865.0,8947.0,0.6328044049467241,3750.0,0.2652304145020918,11132.0,0.7873453264632763,1803.0,0.12752278329260572,23491.0,1.661474044551637,1121577.0,4896.0,0.43652820983311896,2526.0,0.22521859845556746,7266.0,0.6478378212106704,127.0,0.011323342044282292,14505.0,1.293268317734761,41630.28515625,1771838.75,2.3495526980798904,1413.865,81.4617148118337
ADNI,ADNI-1745_S_P614EEC_MCI_F_Accelerated_Sagittal_MPRAGE_(MSV21),0.5,1013.62255859375,1593927.0,10836.0,0.6798303811906066,4994.0,0.31331422329880854,12685.0,0.7958331843302736,4466.0,0.2801884904390226,28080.0,1.761686702088615,1448013.0,9870.0,0.6816237147042189,4609.0,0.3182982473223652,11540.0,0.7969541709915589,1185.0,0.08183628185658554,25621.0,1.7693901919388844,1134388.0,5592.0,0.49295302841708477,2730.0,0.2406583990662807,6855.0,0.6042905954576389,208.0,0.018335878024097575,14977.0,1.3202713709947567,21098.728515625,1777933.125,1.1866997818393759,1448.013,83.42919730655173
ADNI,ADNI-0729_S_P1A792C_MCI_F_Accelerated_Sagittal_MPRAGE_(MSV21),0.5,1018.7037353515625,1598813.0,10821.0,0.6768146118401589,4975.0,0.311168348018186,13124.0,0.8208589747518942,3300.0,0.20640312531859575,28475.0,1.7810087858930341,1469902.0,9484.0,0.6452130822326931,4245.0,0.28879476318829417,11705.0,0.79631159084075,788.0,0.05360901611127817,25066.0,1.705283753610785,1136351.0,5878.0,0.5172697520396426,3084.0,0.2713950179125992,7444.0,0.6550792844816434,104.0,0.009152101771371697,16179.0,1.4237678322982952,40749.359375,1723536.375,2.3642877496565746,1469.902,84.69036119102175
ADNI,ADNI-0764_S_PD65E09_MCI_M_MPRAGE_Repeat,0.5,1015.859619140625,1584106.0,10687.0,0.6746391971244349,5095.0,0.3216325170159068,13194.0,0.8328988085393275,8925.0,0.5634092668041154,28516.0,1.800132061869597,1426634.0,8943.0,0.6268601477323547,4306.0,0.3018293409521994,11537.0,0.8086867409580873,1063.0,0.07451105188857128,24389.0,1.7095484896616793,1162045.0,5711.0,0.4914611740509189,3440.0,0.296029843938918,7910.0,0.6806965306851284,140.0,0.01204772620681643,16755.0,1.4418546613943521,57425.828125,1730356.375,3.3187283818918516,1426.634,82.19741775124609
ADNI,ADNI-0860_S_P341740_MCI_F_Accelerated_Sagittal_MPRAGE_(MSV21),0.5,1023.1907958984375,1602763.0,10626.0,0.6629801162118167,4988.0,0.3112125747849183,13146.0,0.8202086022699552,2810.0,0.17532224040609873,28309.0,1.766262385642793,1466377.0,9258.0,0.631351964740309,4189.0,0.2856700561997358,11477.0,0.7826773060406702,465.0,0.031710808339192445,24556.0,1.674603461456365,1154150.0,6523.0,0.5651778365030542,3470.0,0.300654161070918,7942.0,0.6881254602954555,39.0,0.0033791101676558504,17628.0,1.5273577957804445,50077.4453125,1769650.125,2.8297935623009094,1466.377,84.48726362179718
ADNI,ADNI-1071_S_PB45220_MCI_F_Accelerated_Sagittal_MPRAGE_(MSV21),0.5,1014.277099609375,1593231.0,10766.0,0.6757337762069656,5113.0,0.32092019299147456,12795.0,0.8030850516968349,5898.0,0.3701911398912022,28216.0,1.770992404742313,1432508.0,8359.0,0.583522046648256,4077.0,0.28460574042169395,10272.0,0.7170640582810008,862.0,0.06017418401851857,22364.0,1.5611780178540016,1171102.0,5119.0,0.43710966252299116,2917.0,0.24908163422144272,6487.0,0.5539227155277678,77.0,0.00657500371445015,14302.0,1.2212428977151435,51750.53515625,1744950.5,2.965730842006693,1432.508,82.53585608362204
ADNI,ADNI-1037_S_P63037C_MCI_F_Accelerated_Sagittal_MPRAGE_(MSV21),0.5,1010.703369140625,1642562.0,10933.0,0.6656065341825758,4905.0,0.2986188649195586,13258.0,0.8071537025695226,11477.0,0.6987255275599947,28645.0,1.743921995029716,1529806.0,10061.0,0.6576650895603756,4447.0,0.29069045356077833,12038.0,0.7868971621238249,6210.0,0.40593382428883135,26149.0,1.7093017023073513,1208304.0,6859.0,0.5676551596287027,3064.0,0.2535785696314835,7089.0,0.586690104477019,2127.0,0.1760318595320383,16813.0,1.3914544684119228,16325.912109375,1749172.75,0.9333504714943106,1529.806,88.14180992487407
ADNI,ADNI-0807_S_PEF97F6_MCI_F_Accelerated_Sagittal_MPRAGE_(MSV21),0.5,1009.8907470703125,1612115.0,10937.0,0.6784255465646061,5054.0,0.3135012080403693,13728.0,0.8515521535374336,2973.0,0.18441612415987693,29261.0,1.8150690242321423,1478972.0,9645.0,0.6521421636109406,4429.0,0.29946476336266,12601.0,0.8520107209602344,601.0,0.04063633388596945,26259.0,1.7754900025152607,1154205.0,7041.0,0.6100302805827388,3510.0,0.30410542321338063,7959.0,0.6895655451154691,115.0,0.009963567997019593,18191.0,1.5760631776850733,67099.5859375,1730544.125,3.877369260231952,1478.972,85.21294131949466
ADNI,ADNI-2048_S_P60A251_MCI_M_Accelerated_Sagittal_MPRAGE_(MSV21),0.5,1017.3588256835938,1594316.0,10933.0,0.6857486219795825,5188.0,0.32540600483216625,12661.0,0.7941336598265337,5434.0,0.3408358192478781,28312.0,1.775808559909077,1461553.0,9752.0,0.6672354680261339,4603.0,0.3149389724491688,11434.0,0.7823185337787956,799.0,0.05466787725111577,25376.0,1.7362353606061496,1174424.0,6464.0,0.5503974714413193,3529.0,0.30048772845241584,8256.0,0.7029829090686158,18.0,0.0015326662261670402,17977.0,1.5307078193224934,54498.4921875,1762815.25,3.091560059257486,1461.553,84.2093224377009
ADNI,ADNI-1049_S_P3D0C35_MCI_M_Accelerated_Sagittal_MPRAGE_(MSV21),0.5,1011.7789306640625,1583385.0,11014.0,0.6955983541589695,5142.0,0.32474729771975863,13344.0,0.8427514470580435,10602.0,0.669578150607717,29037.0,1.8338559478585437,1446355.0,9191.0,0.6354594826304745,4437.0,0.30677115922439513,12221.0,0.8449516197614002,882.0,0.06098087952127935,25464.0,1.7605636237299973,1185279.0,6023.0,0.5081504017197639,3310.0,0.27925914489331205,8287.0,0.6991602820939204,176.0,0.014848824622725956,17356.0,1.4642965917729074,70309.3515625,1768373.25,3.9759339021046607,1446.355,83.33366942860155
ADNI,ADNI-1884_S_PAD84F8_MCI_F_CS_Sagittal_MPRAGE_(MSV22),0.5,1016.3319091796875,1624837.0,11139.0,0.6855456885829163,5268.0,0.32421713685742015,14353.0,0.8833501452761107,4171.0,0.25670267232959365,30289.0,1.8641254476602884,1501998.0,10310.0,0.6864190231944383,4833.0,0.3217714004945413,12830.0,0.8541955448675698,531.0,0.035352909923981254,27537.0,1.833357967187706,1199653.0,6442.0,0.5369886125404596,3820.0,0.3184254113481148,7457.0,0.6215964116290295,35.0,0.002917510313398958,17413.0,1.4515030596347445,39344.84375,1776190.375,2.2151253775373037,1501.998,86.53961497310182
ADNI,ADNI-2005_S_PAF6724_MCI_M_Accelerated_Sagittal_MPRAGE_(MSV21),0.5,1024.62060546875,1603070.0,10970.0,0.6843119763952915,5000.0,0.311901538922193,12257.0,0.764595432513864,4499.0,0.2806490047221893,27774.0,1.732550668404998,1468695.0,10204.0,0.6947664423178399,4608.0,0.313747919071012,11006.0,0.7493727424686542,1331.0,0.09062467020041602,25412.0,1.7302435155018572,1170478.0,6611.0,0.5648119827967719,3503.0,0.29927943968190773,6786.0,0.57976313950369,118.0,0.010081351379521871,16616.0,1.4195909705265712,29928.77734375,1752722.75,1.707559130144799,1468.695,84.620818278666
ADNI,ADNI-0647_S_P704A47_MCI_F_HS_Sagittal_MPRAGE_(MSV22),0.5,1026.6976318359375,1651069.0,11207.0,0.6787723589989273,5296.0,0.3207618821502917,15477.0,0.9373926831646648,12037.0,0.7290428201365298,31503.0,1.9080365508649246,1533294.0,10509.0,0.6853871468876811,4857.0,0.3167689953785771,14937.0,0.9741771636750681,1130.0,0.07369754267609474,29837.0,1.9459412219704768,1224893.0,7240.0,0.5910720364962491,4004.0,0.3268856953219587,10287.0,0.8398284584857616,87.0,0.007102661212040561,21178.0,1.7289673465355748,38051.2421875,1778035.875,2.1400716781094196,1533.294,88.34277568982594
ADNI,ADNI-1045_S_P08AEBC_MCI_M_Accelerated_Sagittal_MPRAGE_(MSV21),0.5,1017.941162109375,1619569.0,11006.0,0.6795635135026665,4997.0,0.30853887670114705,13012.0,0.8034236269032069,7328.0,0.4524660573275977,28564.0,1.7636791022796805,1490245.0,9651.0,0.6476116343285835,4078.0,0.2736462796385829,11200.0,0.7515542746326946,1465.0,0.09830598324436586,24585.0,1.6497287358789996,1163029.0,6134.0,0.5274159113831212,3298.0,0.28356988518772963,7230.0,0.62165259851646,107.0,0.009200114528528524,16401.0,1.4101969942280028,26774.806640625,1765076.875,1.516920142111374,1490.245,85.86245022669145
ADNI,ADNI-1457_S_P4D5EC6_MCI_M_CS_Sagittal_MPRAGE_(MSV22),0.5,1015.5883178710938,1614633.0,11226.0,0.6952663546452971,5253.0,0.3253370889855466,15104.0,0.935444772898857,6550.0,0.40566494057782787,31114.0,1.9270013681127538,1481888.0,10484.0,0.7074758686216502,4808.0,0.32445097065365264,13979.0,0.9433236519898939,1456.0,0.09825303936599797,28854.0,1.9471107128204022,1141125.0,7877.0,0.690283711249863,3574.0,0.31319969328513525,8618.0,0.7552196297513419,147.0,0.012882024318107132,19828.0,1.7375835250301237,29267.59765625,1778328.875,1.6457921854443263,1481.888,85.38095054271704
ADNI,ADNI-1051_S_PE01E0D_MCI_F_Accelerated_Sagittal_MPRAGE_(MSV21),0.5,1019.977294921875,1624180.0,11163.0,0.6873006686451009,5102.0,0.31412774446182073,13564.0,0.8351291113053972,4622.0,0.2845743698358556,29364.0,1.8079276927434151,1496708.0,10474.0,0.6998024998864174,4632.0,0.3094792036923702,12389.0,0.8277499685977493,892.0,0.059597463232641236,27094.0,1.8102395390416834,1165081.0,6464.0,0.554811210551026,2714.0,0.23294517720227176,8213.0,0.7049295285048851,68.0,0.005836504071390744,17169.0,1.4736314470839367,25964.404296875,1782372.0,1.456733178981436,1496.708,86.2348245784357
ADNI,ADNI-0501_S_P1E08B1_MCI_M_Accelerated_Sagittal_MPRAGE_(MSV21),0.5,1031.96240234375,1591898.0,10946.0,0.6876068692843386,5093.0,0.3199325584930693,14021.0,0.8807725118066609,5605.0,0.35209542319922504,29600.0,1.859415615824632,1460807.0,9767.0,0.6686030392789739,4549.0,0.3114032175366082,12457.0,0.8527478304800018,1631.0,0.11165061503675708,26364.0,1.804755864395502,1181339.0,7052.0,0.5969497324646017,3678.0,0.3113416216682934,7908.0,0.6694098814988755,170.0,0.014390450158675877,18333.0,1.5518830750529695,35163.59375,1778826.375,1.9767861689143214,1460.807,84.16634065425649
ADNI,ADNI-0717_S_P1A20A7_MCI_M_Accelerated_Sagittal_MPRAGE_(MSV21),0.5,1025.4517822265625,1618394.0,10406.0,0.642983105473698,5186.0,0.32044112867447605,14063.0,0.8689478581853368,3397.0,0.20989944352240555,29185.0,1.8033309564914353,1481255.0,8283.0,0.5591879858633388,4657.0,0.31439556322172757,12859.0,0.8681152131132047,615.0,0.041518847193764745,25366.0,1.7124667933610351,1178342.0,5904.0,0.5010429909143526,3836.0,0.32554216008595127,9157.0,0.7771088529476162,49.0,0.004158385256572371,18545.0,1.5738215221047878,62407.0390625,1728955.25,3.6095230956671664,1481.255,85.34447940475415
ADNI,ADNI-0913_S_P241BA6_MCI_M_Accelerated_Sagittal_MPRAGE_(MSV21),0.5,1015.7587280273438,1591509.0,10550.0,0.6628928897040481,4920.0,0.30914057036435233,12973.0,0.8151383372635657,3194.0,0.20069003693978482,28002.0,1.7594622462078442,1454654.0,8698.0,0.597942878512691,4086.0,0.2808915384689417,11957.0,0.8219824095626864,366.0,0.025160622388554255,24374.0,1.6755874592858508,1139612.0,5823.0,0.5109633805189836,3092.0,0.2713204143164516,6933.0,0.6083649522820047,53.0,0.0046507056787748816,15639.0,1.372309171893592,57507.4765625,1739593.5,3.3057996918532977,1454.654,83.81182736533766
ADNI,ADNI-0219_S_PAEA6CF_MCI_F_Accelerated_Sagittal_MPRAGE_(MSV21),0.5,1017.3823852539062,1620306.0,11214.0,0.6920914938289434,5199.0,0.32086531803251983,13252.0,0.8178702047637916,10565.0,0.6520373312201523,29198.0,1.8020053002334127,1494807.0,10626.0,0.7108610007847167,4658.0,0.3116121345431216,12306.0,0.8232500918178735,2299.0,0.1537991192173973,27157.0,1.8167562768972851,1174305.0,7527.0,0.6409748745002364,3264.0,0.2779516394803735,8481.0,0.7222144161865954,236.0,0.02009699354086034,19004.0,1.618318920553008,28084.033203125,1783374.5,1.5747692480253026,1494.807,86.12529593188367
ADNI,ADNI-0600_S_P3675D8_MCI_F_HS_Sagittal_MPRAGE_(MSV22),0.5,1018.2628784179688,1634232.0,10921.0,0.6682649709465975,5240.0,0.320639909143867,13402.0,0.8200794012110888,5704.0,0.34903245071691164,29088.0,1.779918640682596,1520617.0,9899.0,0.6509857511786333,4852.0,0.31908100461851996,12459.0,0.8193384658990397,1118.0,0.07352278713180242,26756.0,1.7595489199449958,1238660.0,7506.0,0.6059774272197375,4031.0,0.32543232202541456,9109.0,0.7353914714288021,98.0,0.007911775628501767,20273.0,1.6366880338430239,35951.88671875,1776932.625,2.0232554804237446,1520.617,87.61237345292948
ADNI,ADNI-0810_S_P284975_MCI_F_Accelerated_Sagittal_MPRAGE_(MSV21),0.5,1022.5648193359375,1615707.0,11164.0,0.6909668646604861,5077.0,0.3142277653064572,13109.0,0.8113476020095227,5469.0,0.3384895900061088,28889.0,1.788009830990396,1493367.0,10483.0,0.7019707814622929,4453.0,0.29818524180593253,11920.0,0.7981962906639828,1454.0,0.09736387639475091,26437.0,1.7702949107620565,1187578.0,7359.0,0.6196645609804156,3281.0,0.2762765898324152,8300.0,0.6989014616303098,192.0,0.016167359112411985,18639.0,1.5694969088346198,23540.810546875,1772507.75,1.3281076230484747,1493.367,86.04232841424299
ADNI,ADNI-0631_S_PE876D3_MCI_M_Accelerated_Sagittal_IR-FSPGR,0.5,1019.906005859375,1567775.0,11212.0,0.7151536413069477,5087.0,0.32447258056800243,13427.0,0.8564366698027459,6835.0,0.43596817145317407,29262.0,1.866466808056003,1426875.0,10518.0,0.7371353482260183,4534.0,0.3177573368374945,12018.0,0.8422601839684626,1633.0,0.11444590451160754,26698.0,1.8710819097678493,1086324.0,6521.0,0.6002813157032341,2567.0,0.2363015085738693,7177.0,0.6606684561880249,135.0,0.012427231654644471,16103.0,1.4823386024795548,24679.642578125,1784362.375,1.383107093262096,1426.875,82.21130328718456
ADNI,ADNI-0409_S_PADC6A5_MCI_F_Sagittal_3D_Accelerated_MPRAGE_(MSV21),0.5,1017.3076782226562,1645317.0,11104.0,0.6748851437139469,5207.0,0.31647396823833945,13499.0,0.8204497978201161,3399.0,0.20658632956445477,29340.0,1.7832429860020895,1516503.0,10437.0,0.6882281142866187,4891.0,0.3225183201088293,12125.0,0.7995368291391445,597.0,0.039366885525449015,27003.0,1.78060973173149,1154452.0,6779.0,0.587205011555266,3768.0,0.32638862421304654,7265.0,0.6293029073534456,76.0,0.0065832100425136765,17478.0,1.513965067408606,30665.287109375,1753260.875,1.7490430287149936,1516.503,87.37533986433658
ADNI,ADNI-0502_S_PA83461_MCI_M_Accelerated_Sagittal_MPRAGE_(MSV21),0.5,1017.0001220703125,1594165.0,11017.0,0.691082792559114,4960.0,0.3111346692469098,13007.0,0.8159130328416444,4478.0,0.2808994050176738,28542.0,1.790404380976875,1445687.0,9899.0,0.6847263619303487,4258.0,0.29453125054040047,11690.0,0.8086120992995025,1073.0,0.07422076839592526,25458.0,1.7609620893042546,1153980.0,6709.0,0.5813792266763722,3313.0,0.2870933638364616,7416.0,0.6426454531274373,171.0,0.014818281079394788,17151.0,1.4862475952789476,34973.1953125,1764973.25,1.981514185130001,1445.687,83.29518171902936
ADNI,ADNI-0798_S_P04E7E9_MCI_M_Accelerated_Sagittal_MPRAGE_(MSV21),0.5,1020.1441650390625,1571122.0,10961.0,0.6976542878274252,5101.0,0.32467243154891856,12997.0,0.8272432058108792,6986.0,0.4446503836112027,28599.0,1.8202914859571695,1428596.0,8572.0,0.6000296794895128,4530.0,0.3170945459738092,11857.0,0.82997572441754,985.0,0.06894881408039782,24520.0,1.7163704784277711,1140538.0,5137.0,0.45040147719760326,3675.0,0.3222163575435452,8792.0,0.7708642763327482,78.0,0.00683887779276096,17269.0,1.5141100077331926,41047.03515625,1784611.625,2.300054229236011,1428.596,82.31046099403152
ADNI,ADNI-0328_S_PAC0D3F_MCI_F_Accelerated_Sagittal_MPRAGE_(MSV21),0.5,1022.8687744140625,1634459.0,11178.0,0.6838960169695294,5207.0,0.3185763607407711,13566.0,0.8299994065314578,8624.0,0.527636361634033,29476.0,1.8034101803716092,1524399.0,10486.0,0.6878776488307852,4803.0,0.3150749902092563,12430.0,0.815403316323351,2941.0,0.192928491818743,27280.0,1.789557720780452,1226289.0,7607.0,0.6203268560673708,3683.0,0.30033703311372767,8511.0,0.6940452046785056,326.0,0.02658427173366148,19474.0,1.588043275280134,19581.064453125,1763457.375,1.1103792317704873,1524.399,87.83027841939966
ADNI,ADNI-1901_S_P4D2552_MCI_F_CS_Sagittal_MPRAGE_(MSV22),0.5,1027.75390625,1603400.0,11133.0,0.6943370338031682,5295.0,0.3302357490333042,14910.0,0.9298989647000124,5033.0,0.3138954721217413,30862.0,1.924784832231508,1467091.0,9913.0,0.6756908739812323,4832.0,0.32935925583348274,13237.0,0.902261686562047,1112.0,0.07579625258419553,27527.0,1.8762980619470775,1136057.0,6372.0,0.5608873498424815,3361.0,0.29584783157887323,8051.0,0.7086792300034241,313.0,0.027551434479079838,17448.0,1.5358384306421244,37917.48828125,1790705.375,2.1174610190272087,1467.091,84.52840168262735
ADNI,ADNI-2036_S_P001101_MCI_M_Accelerated_Sagittal_MPRAGE_(MSV21),0.5,1025.2032470703125,1593171.0,11077.0,0.6952800421298153,5035.0,0.31603638278627966,12845.0,0.8062536915371921,4879.0,0.3062445901915112,28505.0,1.7891990250889576,1459582.0,10157.0,0.695884164096296,4492.0,0.30775934479871636,11715.0,0.8026270534988784,924.0,0.06330579576892563,25967.0,1.7790709942983676,1181891.0,7234.0,0.6120699793805012,3546.0,0.30002766752602394,8580.0,0.7259552699868262,60.0,0.005076610279628155,19042.0,1.6111468824113222,32634.26171875,1786892.5,1.8263136545007603,1459.582,84.09576064793022
ADNI,ADNI-1681_S_P1ED974_MCI_M_Accelerated_Sagittal_MPRAGE_(MSV22),0.5,1044.70458984375,1610399.0,11071.0,0.6874693787067677,5079.0,0.3153876772153982,13907.0,0.863574803511428,7906.0,0.49093423431087574,29594.0,1.837681220616754,1490002.0,10031.0,0.6732205728582914,4368.0,0.2931539689208471,12676.0,0.8507371131045462,3370.0,0.22617419305477443,26647.0,1.7883868612256895,1245769.0,7445.0,0.5976228337677371,3597.0,0.2887373180742176,8644.0,0.6938686064591428,518.0,0.04158074249720454,19396.0,1.5569499642389562,18777.134765625,1785969.75,1.051369138006117,1490.002,85.84844945808959
ADNI,ADNI-1598_S_P7EDB7C_MCI_M_CS_Sagittal_MPRAGE_(MSV22),0.5,1023.8361206054688,1611050.0,10671.0,0.6623630551503678,5149.0,0.3196052264051395,14562.0,0.9038825610626611,5428.0,0.33692312467024615,29930.0,1.8577946060022967,1481422.0,8924.0,0.6023941861265729,4579.0,0.30909491016064294,13334.0,0.9000811382577011,198.0,0.013365536626295546,26456.0,1.785851701945833,1157848.0,6007.0,0.5188073045857488,3519.0,0.3039259039183036,8400.0,0.7254838286199916,19.0,0.0016409753266404571,17638.0,1.5233433058570727,78827.9609375,1743508.5,4.5212260758981095,1481.422,85.35410133214721
ADNI,ADNI-1952_S_PDF22CF_MCI_F_Accelerated_Sagittal_MPRAGE_(MSV21),0.5,1024.27783203125,1626166.0,11053.0,0.6796969067118609,5057.0,0.3109768621407655,12738.0,0.783314864534125,4108.0,0.2526187363405704,28382.0,1.7453322723510392,1489655.0,10304.0,0.691703783762012,4752.0,0.3190000369213006,11704.0,0.7856852761209809,870.0,0.05840278453735933,26322.0,1.7669863156234162,1151597.0,7235.0,0.6282579756633614,3781.0,0.32832666288640905,8149.0,0.7076260184769498,74.0,0.006425859046176745,18818.0,1.6340785882561346,23535.662109375,1763274.125,1.334770457734415,1489.655,85.82845659099145
ADNI,ADNI-1955_S_P6A9095_MCI_F_Accelerated_Sagittal_MPRAGE_(MSV21),0.5,1016.5167236328125,1629266.0,11108.0,0.6817794025039496,5075.0,0.311489959282278,13306.0,0.8166867779724122,6866.0,0.42141676067628003,29019.0,1.7811087937758474,1497883.0,10355.0,0.691309000769753,4655.0,0.3107719361258523,12492.0,0.8339770195669487,2210.0,0.14754156366017906,27052.0,1.8060155566222462,1189414.0,7479.0,0.6287970378690684,3774.0,0.3172991069551897,9423.0,0.7922388672068766,207.0,0.0174035281239333,20296.0,1.7063865062963777,22104.01171875,1773812.0,1.246130464713848,1497.883,86.30252376817722
ADNI,ADNI-1938_S_P4BB90C_MCI_F_Accelerated_Sagittal_MPRAGE_(MSV21),0.5,1021.45947265625,1603250.0,11108.0,0.6928426633400905,5129.0,0.3199126773740839,13426.0,0.8374239825354748,4213.0,0.262778730703259,29203.0,1.8214876033057852,1456646.0,10301.0,0.7071725045069289,4631.0,0.3179221307029986,12361.0,0.8485932752363992,948.0,0.0650810148793873,26862.0,1.8440993899684617,1140097.0,6801.0,0.5965281901452245,3804.0,0.3336558205135177,8395.0,0.736340855207934,112.0,0.009823725525108828,18675.0,1.6380185194768515,45345.63671875,1735096.0,2.6134367619284466,1456.646,83.92659909807394
ADNI,ADNI-1941_S_P927D98_MCI_F_Accelerated_Sagittal_MPRAGE_(MSV21),0.5,1025.02490234375,1633399.0,11150.0,0.6826256168884639,5165.0,0.31621177679183105,14048.0,0.860047055251044,4480.0,0.27427468732379534,29895.0,1.8302325396305497,1509013.0,10608.0,0.7029760512334884,4811.0,0.31881766426134167,12981.0,0.8602311577169978,1183.0,0.07839561355667578,27948.0,1.8520715195959214,1204087.0,6493.0,0.5392467487814419,3381.0,0.2807936635807878,9274.0,0.7702101260124892,201.0,0.01669314592716307,18821.0,1.5630930323141101,33688.91015625,1763842.75,1.9099724256173063,1509.013,86.94379353994167
ADNI,ADNI-1936_S_P65E89B_MCI_M_Accelerated_Sagittal_MPRAGE_(MSV21),0.5,1029.5799560546875,1621652.0,10909.0,0.6727090645835235,4920.0,0.3033943164131392,13285.0,0.8192263198269418,5581.0,0.3441552194922215,28659.0,1.7672718931065357,1499066.0,10199.0,0.6803569689393262,4549.0,0.3034556183650353,11987.0,0.79963123705027,1688.0,0.11260344774679701,26326.0,1.756160169065271,1203806.0,6820.0,0.5665364685007385,3248.0,0.2698109163768913,7892.0,0.6555873620832593,295.0,0.02450560970787652,17696.0,1.470004303018925,20125.435546875,1783222.5,1.1285992380017076,1499.066,86.37068388857232
ADNI,ADNI-1935_S_PD26633_MCI_F_Accelerated_Sagittal_MPRAGE_(MSV21),0.5,1019.6207885742188,1605235.0,10668.0,0.6645755917357894,4954.0,0.30861524948060565,14438.0,0.8994321703675786,3202.0,0.19947235140026226,29610.0,1.8445897329674472,1461122.0,9659.0,0.6610673167606812,4508.0,0.3085300200804587,13389.0,0.9163505853720635,744.0,0.05091977261310143,27155.0,1.8585032598236149,1125667.0,5962.0,0.52964153697319,3338.0,0.2965352986273916,8189.0,0.7274797964229208,48.0,0.004264138506325583,17227.0,1.5303815426764753,34092.6796875,1782431.375,1.9127064393993851,1461.122,84.18448979874039
ADNI,ADNI-0894_S_P42C330_MCI_M_Accelerated_Sagittal_MPRAGE_(MSV21),0.5,1020.3925170898438,1546441.0,10008.0,0.6471633900032396,4951.0,0.3201544708139528,12212.0,0.7896841845243369,9374.0,0.6061660289658641,26717.0,1.7276443136207589,1401113.0,6886.0,0.49146642704764,4032.0,0.2877712218786065,10829.0,0.7728855559829936,777.0,0.05545591254952313,21370.0,1.5252160246889437,1115267.0,3401.0,0.3049493977675301,3116.0,0.2793949789601952,7191.0,0.6447783355913875,53.0,0.004752225251890355,13438.0,1.2049132629226902,47635.4140625,1748239.5,2.724764774077007,1401.113,80.72699135006012
ADNI,ADNI-0750_S_P320FA8_MCI_F_Accelerated_Sagittal_MPRAGE_(MSV21),0.5,1020.6966552734375,1628466.0,10455.0,0.6420152462501519,5006.0,0.3074058653972512,13595.0,0.8348347463195424,1801.0,0.11059487886145612,28604.0,1.756499675154409,1483777.0,8641.0,0.5823651397750471,4311.0,0.2905423119511894,11976.0,0.8071293732144386,331.0,0.022307934413324914,24532.0,1.65334817833138,1162200.0,5035.0,0.43323008088108755,3133.0,0.2695749440715884,7787.0,0.6700223713646533,22.0,0.0018929616245052486,15675.0,1.3487351574599897,57255.2890625,1704538.75,3.358990170361337,1483.777,85.48978779328873
ADNI,ADNI-1194_S_P495177_MCI_F_Accelerated_Sagittal_MPRAGE_(MSV21),0.5,1017.2979736328125,1622960.0,11142.0,0.686523389362646,5056.0,0.3115295509439543,13339.0,0.821893330704392,5307.0,0.3269951200276039,29078.0,1.7916646128062306,1501035.0,10588.0,0.705379954498063,4634.0,0.3087203163150759,12181.0,0.8115067270250194,1396.0,0.0930024949451545,26979.0,1.7973598217230113,1169438.0,7989.0,0.6831486577313205,3414.0,0.2919351004499597,7748.0,0.662540468156499,203.0,0.017358765492484423,18851.0,1.6119708783193294,22302.046875,1787200.125,1.2478763045632622,1501.035,86.48413044567961
ADNI,ADNI-1982_S_P3EA484_MCI_M_Accelerated_Sagittal_MPRAGE_(MSV21),0.5,1019.475341796875,1612167.0,10862.0,0.6737515406282352,5164.0,0.32031421062458165,13276.0,0.8234878892819417,2547.0,0.15798611434175241,28830.0,1.788276276589212,1471912.0,9842.0,0.668654104321454,4716.0,0.32039958910587046,12323.0,0.8372103767073032,628.0,0.04266559413878004,26421.0,1.795012201816413,1160364.0,6251.0,0.5387102667783558,3651.0,0.31464264661778546,8346.0,0.7192570607154306,59.0,0.005084611380566788,17910.0,1.5434811834906979,39056.80859375,1748691.75,2.2334873252389964,1471.912,84.80617001772855
ADNI,ADNI-1991_S_P0960D4_MCI_M_Accelerated_Sagittal_MPRAGE_(MSV21),0.5,1014.57421875,1608921.0,11132.0,0.691892268172272,5064.0,0.3147450993554065,13447.0,0.8357775179763333,4870.0,0.3026873289614593,29180.0,1.8136378355431995,1479212.0,10353.0,0.6998996763141456,4585.0,0.30996233129531126,12266.0,0.8292252902220912,1505.0,0.10174336065418615,26766.0,1.8094769377208946,1198915.0,7202.0,0.6007098084518085,3712.0,0.30961327533645,8217.0,0.685369688426619,130.0,0.010843137336675244,18780.0,1.5664163014058545,26912.798828125,1775900.0,1.5154456235218763,1479.212,85.22676923910144
ADNI,ADNI-1986_S_P683261_MCI_F_Accelerated_Sagittal_MPRAGE_(MSV21),0.5,1018.125244140625,1602860.0,11069.0,0.6905780916611557,5056.0,0.31543615786781126,13803.0,0.8611481975967956,2667.0,0.1663900777360468,29479.0,1.839150019340429,1471308.0,9807.0,0.6665497638835649,4545.0,0.30890880767317247,12576.0,0.8547496513306527,304.0,0.020661887245906365,26535.0,1.803497296283307,1158964.0,6682.0,0.5765494010167701,3747.0,0.3233059870712119,8786.0,0.7580908466527002,36.0,0.003106222453846711,18946.0,1.6347358502938831,56846.921875,1763215.5,3.224048443029227,1471.308,84.77136975338482
ADNI,ADNI-1974_S_P9BD378_MCI_M_Accelerated_Sagittal_MPRAGE_(MSV21),0.5,1019.4942626953125,1588570.0,11100.0,0.6987416355590248,4985.0,0.3138042390325891,12389.0,0.7798837948595277,3609.0,0.22718545610202887,28023.0,1.7640393561505003,1460565.0,10581.0,0.724445676844235,4671.0,0.3198077456326832,11223.0,0.7684012693717842,869.0,0.05949752321875439,26044.0,1.7831455635319209,1149251.0,6643.0,0.5780286464836663,3239.0,0.2818357347524605,6736.0,0.5861208735080501,124.0,0.01078963603251161,16312.0,1.4193592174381402,28687.681640625,1784336.5,1.607750647964944,1460.565,84.15239750198631
ADNI,ADNI-1971_S_P9F5231_MCI_F_Accelerated_Sagittal_MPRAGE_(MSV21),0.5,1027.2877197265625,1647322.0,10973.0,0.6661114220534905,5004.0,0.3037657482872201,13039.0,0.7915270967060477,6275.0,0.3809212770787982,28554.0,1.7333587483200006,1529758.0,10315.0,0.6742896588872227,4594.0,0.3003089377535532,12023.0,0.7859413057490139,2179.0,0.14244083051044676,26512.0,1.7330845793909886,1216443.0,6952.0,0.5715023227557724,3266.0,0.26848771376875036,8078.0,0.6640672846980911,306.0,0.02515530937331219,18038.0,1.4828479427313899,18400.630859375,1749734.875,1.051623941562861,1529.758,88.13904434095271
ADNI,ADNI-1977_S_P3C2225_MCI_M_Accelerated_Sagittal_MPRAGE_(MSV21),0.5,1022.635009765625,1583732.0,11055.0,0.6980347685088133,4950.0,0.3125528814218567,13156.0,0.8306961026234236,6584.0,0.4157269032891929,28707.0,1.8126172862580285,1436197.0,10177.0,0.7086075238981838,4510.0,0.31402377250474695,12178.0,0.847933814093749,2390.0,0.16641171092823617,26447.0,1.8414604681669715,1134817.0,6989.0,0.615870224009686,3468.0,0.30559993373380906,7960.0,0.7014346806577625,228.0,0.02009134512436807,18107.0,1.5955876586268976,20770.72265625,1787294.25,1.162132237389003,1436.197,82.74840273124458
ADNI,ADNI-1958_S_P80094E_MCI_M_Accelerated_Sagittal_MPRAGE_(MSV21),0.5,1025.60595703125,1637381.0,11169.0,0.682125907165162,5132.0,0.31342735746903133,13278.0,0.810929160653507,7172.0,0.4380165642571887,29112.0,1.7779612686357056,1523141.0,10710.0,0.7031522360700684,4838.0,0.3176331015972914,12392.0,0.8135819336489529,2441.0,0.1602609344768475,27483.0,1.8043634830918476,1213246.0,7912.0,0.6521348514645834,4106.0,0.3384309529971663,8345.0,0.6878242335025213,417.0,0.034370605796351275,19986.0,1.6473163727718863,17316.458984375,1759974.5,0.9839039704481514,1523.141,87.75779707412744
ADNI,ADNI-1956_S_P8B016D_MCI_M_Accelerated_Sagittal_MPRAGE_(MSV21),0.5,1020.2091064453125,1625321.0,11059.0,0.6804194371450316,5174.0,0.31833711617582006,13671.0,0.8411261529260989,2962.0,0.18224092348526844,29450.0,1.8119497625392154,1496423.0,9967.0,0.6660549857894459,4504.0,0.3009844141663153,11951.0,0.7986378183174143,541.0,0.036152879232676856,26064.0,1.7417535015166166,1182273.0,6503.0,0.5500421645423688,3381.0,0.2859745591754189,7935.0,0.6711647817382279,28.0,0.002368319330645291,17578.0,1.4867970426458188,39253.3359375,1772144.625,2.2150187622243305,1496.423,86.21840392390266
ADNI,ADNI-1196_S_PBA21AD_MCI_M_Accelerated_Sagittal_MPRAGE_(MSV21),0.5,1011.9452514648438,1613783.0,11166.0,0.691914588268683,5237.0,0.32451698896320014,13693.0,0.8485031754579148,2832.0,0.17548827816379278,29622.0,1.8355627739293323,1493082.0,10610.0,0.7106106697421842,4914.0,0.32911789171659694,12546.0,0.8402753499138025,480.0,0.032148267811145,27611.0,1.8492621302781762,1213508.0,8246.0,0.679517563955079,3982.0,0.3281395755116571,8899.0,0.7333284988644492,56.0,0.004614720298506479,20751.0,1.710001087755499,45698.68359375,1744645.875,2.6193673024762116,1493.082,86.02590775970994
ADNI,ADNI-1195_S_P44CB6F_MCI_M_Accelerated_Sagittal_MPRAGE_(MSV21),0.5,1003.3534545898438,1598364.0,11227.0,0.7024057098383097,5252.0,0.32858597916369486,13309.0,0.8326638988365603,12003.0,0.7509553518472638,29319.0,1.834313085129545,1482927.0,10851.0,0.731728534175991,4870.0,0.3284045674534215,12320.0,0.8307893780341178,3425.0,0.23096214446159521,27607.0,1.8616560356646012,1231501.0,8174.0,0.6637428633837894,3951.0,0.32082799770361536,8882.0,0.7212336814992436,288.0,0.02338609550459155,20667.0,1.6781959576159502,26767.435546875,1764930.625,1.5166281987358567,1482.927,85.44081391134806
ADNI,ADNI-0508_S_PBC6A79_MCI_M_Accelerated_Sagittal_MPRAGE_(MSV21),0.5,1019.5352783203125,1589233.0,9206.0,0.5792731462284008,4873.0,0.30662590067032336,13006.0,0.8183822007219834,1387.0,0.08727480489015771,26652.0,1.6770354000955179,1455183.0,6990.0,0.4803519557334026,4058.0,0.2788652698664017,10993.0,0.7554376322428176,103.0,0.00707814755944785,21676.0,1.4895721019280737,1129596.0,4630.0,0.40988105481959924,3207.0,0.2839068127011781,6057.0,0.5362094058406722,8.0,0.0007082178053038432,13639.0,1.2074228308173895,52225.9765625,1767188.5,2.955314419627561,1455.183,83.84230640480428
ADNI,ADNI-0327_S_PCA6861_MCI_M_Accelerated_Sagittal_MPRAGE_(MSV21),0.5,1033.470703125,1604578.0,10905.0,0.679617943160133,4950.0,0.3084923263312846,13600.0,0.8475748763849436,4583.0,0.28562026900530857,28996.0,1.8070794937983696,1475573.0,9773.0,0.6623189771024545,4397.0,0.2979859349554376,12277.0,0.8320157660786691,1360.0,0.09216758506695365,26045.0,1.7650770243152998,1158290.0,5838.0,0.5040188553816402,3004.0,0.2593478317174455,6940.0,0.5991591052327138,118.0,0.010187431472256515,15530.0,1.3407695827469805,25672.60546875,1767094.25,1.4528147250068864,1475.573,85.01710340806363
ADNI,ADNI-1488_S_P5F4EA8_MCI_M_Accelerated_Sagittal_IR-FSPGR_(MSV21),0.5,1013.7078857421875,1570698.0,10619.0,0.6760688560117858,5258.0,0.33475563093605515,14845.0,0.945121213626044,13052.0,0.8309681428256737,30255.0,1.9262136960765213,1408469.0,9150.0,0.6496415611561206,4720.0,0.3351156468477474,13886.0,0.9858931932474196,2071.0,0.1470390899622214,27336.0,1.940830788608056,1146385.0,5977.0,0.5213780710668754,3610.0,0.3149029340055915,9719.0,0.8477954613851368,14.0,0.001221230214980133,19021.0,1.6592157085097938,67448.09375,1729660.5,3.899498991276033,1408.469,81.15081708600793
ADNI,ADNI-0143_S_P3A977A_MCI_M_Accelerated_Sagittal_MPRAGE_(MSV21),0.5,1025.8826904296875,1598805.0,11221.0,0.7018366842735668,5253.0,0.32855789167534505,14389.0,0.8999846760549286,7400.0,0.46284568787313024,30405.0,1.9017328567273684,1457840.0,10637.0,0.7296411128793283,4610.0,0.3162212588487077,13131.0,0.9007161279701477,2453.0,0.16826263513142733,27999.0,1.920581133732097,1156684.0,7941.0,0.6865314986634206,3598.0,0.3110616209785905,8718.0,0.7537062845167739,206.0,0.01780953138454409,20014.0,1.7302910734478907,25183.046875,1808756.375,1.3922851757744323,1457.84,83.99539299811768
ADNI,ADNI-1987_S_PAA1038_MCI_F_Accelerated_Sagittal_MPRAGE_(MSV21),0.5,1019.1392822265625,1613091.0,10975.0,0.6803707912324847,5056.0,0.31343550983794466,13951.0,0.8648613128459585,4455.0,0.2761778473750086,29514.0,1.8296549915658817,1476712.0,10315.0,0.6985112872381344,4625.0,0.3131958025667835,12337.0,0.8354371062197639,1092.0,0.0739480684114438,26848.0,1.8180931691487576,1151938.0,7010.0,0.6085396957127901,3103.0,0.2693721363476159,7174.0,0.6227765730447299,103.0,0.008941453446279227,17014.0,1.4769892129611142,26549.982421875,1784035.375,1.4881982046950724,1476.712,85.08272840986415
ADNI,ADNI-1975_S_P291E31_MCI_M_Accelerated_Sagittal_MPRAGE_(MSV21),0.5,1021.30712890625,1621511.0,10980.0,0.677146192656109,5144.0,0.3172349740458128,13846.0,0.853894916531556,2629.0,0.16213272682084795,29514.0,1.8201541648499453,1492353.0,9833.0,0.6588923666183537,4706.0,0.31534094145286,12568.0,0.8421599983381947,417.0,0.027942450613226224,26686.0,1.7881828226967749,1165293.0,6285.0,0.5393493310266173,3495.0,0.2999245683274507,7822.0,0.6712474888289898,117.0,0.01004039327448118,17305.0,1.4850342360247595,42468.2734375,1763213.5,2.408572384314208,1492.353,85.98390545390434
ADNI,ADNI-1972_S_P0E17AA_MCI_F_Accelerated_Sagittal_MPRAGE_(MSV21),0.5,1017.2791748046875,1604548.0,10982.0,0.6844295091203254,5032.0,0.31360856764646494,14261.0,0.8887861254384412,3841.0,0.2393820565043863,29820.0,1.85846730668076,1466524.0,10093.0,0.6882260365326446,4593.0,0.3131895557113283,13268.0,0.9047243686431317,1130.0,0.07705294969601588,27533.0,1.877432622991509,1171325.0,6645.0,0.5673062557360254,3594.0,0.30683200648837855,8620.0,0.7359187245213753,122.0,0.01041555503382921,18536.0,1.5824813779267068,32325.45703125,1764036.25,1.8324712449219793,1466.524,84.49573322255634
ADNI,ADNI-1970_S_P31EDA7_MCI_F_Accelerated_Sagittal_MPRAGE_(MSV21),0.5,1016.551513671875,1634908.0,11025.0,0.6743498716747365,5136.0,0.3141461170903806,13504.0,0.8259791988295366,4564.0,0.2791594389409068,29189.0,1.7853603994842524,1514061.0,10241.0,0.6763928269732857,4797.0,0.31683003524957054,11770.0,0.7773795111293402,1357.0,0.08962650778271153,26351.0,1.7404186489183726,1207645.0,5642.0,0.4671902752878536,3270.0,0.27077493799916363,6625.0,0.5485883682704769,301.0,0.024924543222552987,15274.0,1.2647756584095493,19561.64453125,1756517.125,1.1136609061667988,1514.061,87.2346407823376
ADNI,ADNI-0078_S_PFA7B0A_MCI_F_Accelerated_Sagittal_MPRAGE,0.5,1017.995849609375,1594799.0,10834.0,0.6793332576707158,4982.0,0.31239046425286193,13245.0,0.8305121836670327,4851.0,0.30417626296479994,28612.0,1.7940818874353444,1458259.0,9668.0,0.6629823645868121,4377.0,0.30015244205590363,11666.0,0.7999950626054767,1069.0,0.07330659368466096,25308.0,1.7354941749030863,1150271.0,5425.0,0.47162799027359636,3408.0,0.29627800753039935,6981.0,0.6069004608479219,100.0,0.008693603507347398,15565.0,1.3531593859186226,29095.5390625,1780871.125,1.6337812800743794,1458.259,84.01953424109784
ADNI,ADNI-1101_S_P1BEDB0_MCI_M_Accelerated_Sagittal_MPRAGE_(MSV21),0.5,1016.39892578125,1606682.0,10597.0,0.659558020815569,4941.0,0.30752818541565785,13369.0,0.8320874946006739,5548.0,0.3453079078498421,28458.0,1.771227909443188,1471136.0,8527.0,0.5796201031039958,4073.0,0.27686087486133165,11087.0,0.7536352859286973,1724.0,0.1171883496835099,23314.0,1.5847617079590193,1182082.0,5516.0,0.4666342944059718,3108.0,0.26292592222874556,7183.0,0.6076566600286614,152.0,0.012858668011187041,15568.0,1.3169983131457885,37075.05078125,1770214.375,2.0943819745701706,1471.136,84.7614597443333
ADNI,ADNI-1992_S_PACDCED_MCI_M_Accelerated_Sagittal_MPRAGE_(MSV21),0.5,1021.580078125,1614940.0,10887.0,0.6741426926077749,5130.0,0.31765886039109814,13249.0,0.8204019963589979,3555.0,0.220132017288568,28797.0,1.7831622227451174,1471088.0,9875.0,0.6712718749660116,4792.0,0.32574529871768376,12465.0,0.8473320426786162,988.0,0.06716117594596652,26675.0,1.8132837736423653,1131793.0,6895.0,0.6092103414670351,3624.0,0.32019989521051995,8037.0,0.710112184825317,264.0,0.023325820180898803,18209.0,1.6088631048257058,23627.515625,1769644.75,1.335155862497261,1471.088,84.75869416041193
ADNI,ADNI-1993_S_P19E79B_MCI_M_Accelerated_Sagittal_MPRAGE_(MSV21),0.5,1018.611083984375,1603655.0,10678.0,0.6658539399060271,5015.0,0.3127231231156327,12751.0,0.7951211451340843,3339.0,0.20821186601856384,28013.0,1.7468221032578704,1463883.0,9802.0,0.6695890313638453,4594.0,0.3138228943160075,11620.0,0.7937792842734017,786.0,0.05369281561436262,25632.0,1.7509596053782988,1160431.0,6406.0,0.5520362692827061,3341.0,0.28791026782290374,7756.0,0.6683723547543973,144.0,0.012409182450313722,17252.0,1.4866889974500852,26223.572265625,1764219.0,1.486412529602334,1463.883,84.34356849055006
ADNI,ADNI-1990_S_P641B98_MCI_F_Accelerated_Sagittal_MPRAGE_(MSV21),0.5,1012.157470703125,1606135.0,10438.0,0.6498831044712928,4878.0,0.3037104602041547,12957.0,0.806719235929732,2237.0,0.13927845417726406,27823.0,1.732295230475645,1470740.0,8559.0,0.5819519425595279,4386.0,0.298217223982485,11856.0,0.8061248079198227,358.0,0.024341487958442688,24391.0,1.6584168513809374,1189003.0,5148.0,0.4329677889795064,3250.0,0.27333825061837524,7671.0,0.6451623755364789,30.0,0.002523122313400387,15768.0,1.3261530879232433,41567.9453125,1755232.125,2.3682306585232995,1470.74,84.73864367698211
ADNI,ADNI-1767_S_PD46CA4_MCI_F_Accelerated_Sagittal_MPRAGE,0.5,1018.4156494140625,1577243.0,10801.0,0.6848025320131395,5073.0,0.3216371858996997,13504.0,0.8561775198875508,5025.0,0.3185939008764027,28946.0,1.8352276725907168,1443426.0,9301.0,0.6443697148312418,4266.0,0.29554684479841714,12055.0,0.8351657791947767,317.0,0.02196163849064656,25241.0,1.748686804865646,1138744.0,5951.0,0.5225933133346915,3237.0,0.28426055373288467,7334.0,0.6440429104346543,2.0,0.00017563209992763957,16297.0,1.431138166260371,40941.0390625,1762587.125,2.3227810121726606,1443.426,83.16491119306714
ADNI,ADNI-0845_S_PE1D211_MCI_F_Accelerated_Sagittal_MPRAGE_(MSV21),0.5,1022.790771484375,1592301.0,10994.0,0.6904473463245957,5044.0,0.31677427823005827,13267.0,0.8331967385563408,4782.0,0.30032010279463495,28843.0,1.8114037484118894,1447534.0,9507.0,0.6567721379946861,4335.0,0.2994748309884258,11716.0,0.8093764982376924,787.0,0.0543683257180833,25145.0,1.73709218574486,1144375.0,6417.0,0.5607427635172038,3675.0,0.3211359912616057,7979.0,0.6972364827962861,130.0,0.011359912616056799,17726.0,1.548967777170945,40953.39453125,1764653.625,2.320761080308324,1447.534,83.40159908366986
ADNI,ADNI-0180_S_P176B49_MCI_F_Accelerated_Sag_IR-FSPGR_(MSV21),0.5,1015.9505615234375,1602015.0,11081.0,0.6916914011416871,4931.0,0.3077998645455879,14099.0,0.8800791503200657,2888.0,0.18027296873000564,29655.0,1.8511062630499713,1454729.0,10387.0,0.7140161500870609,4571.0,0.31421659979281363,13008.0,0.8941871647571473,557.0,0.03828891841710724,27538.0,1.8929986272357258,1102289.0,6866.0,0.6228856497706137,3455.0,0.31343867170950634,8349.0,0.7574238697836956,64.0,0.0058060998522166144,18323.0,1.6622682436275786,24669.98828125,1798141.125,1.3719717511744247,1454.729,83.8161485902148
ADNI,ADNI-0222_S_PC00067_MCI_M_Accelerated_Sagittal_MPRAGE_(MSV21),0.5,1029.651611328125,1571770.0,11077.0,0.7047468777238399,5088.0,0.32371148450473036,12608.0,0.8021529867601493,7732.0,0.49192948077644943,28309.0,1.8010904903389173,1411804.0,10027.0,0.7102260653745137,4303.0,0.3047873500854226,11223.0,0.7949403741595858,764.0,0.054115160461367155,25162.0,1.7822587271320949,1138642.0,6115.0,0.5370432497659492,3418.0,0.30018214680294597,6981.0,0.6130987615071286,75.0,0.0065867937420190014,16258.0,1.427841235436599,45944.58203125,1754290.625,2.6189835011658915,1411.804,81.34296755221048
ADNI,ADNI-1776_S_P2FBD31_MCI_F_Accelerated_Sagittal_MPRAGE_(MSV21),0.5,1012.54736328125,1635128.0,11051.0,0.6758492301520125,5084.0,0.31092367080742306,14160.0,0.8659872499278344,5741.0,0.35110401142907466,29835.0,1.8246277967229476,1512125.0,9924.0,0.656294949160949,4545.0,0.3005703893527321,13240.0,0.8755889890055386,1339.0,0.08855088038356616,27297.0,1.8052079027858146,1173859.0,5927.0,0.5049158374217005,3178.0,0.2707309821707718,8563.0,0.7294743235771928,141.0,0.012011664092535816,17460.0,1.4874018089054988,25326.666015625,1742367.75,1.4535775249297973,1512.125,87.12309556417624
ADNI,ADNI-1750_S_PD15AD1_MCI_M_Accelerated_Sagittal_MPRAGE_(MSV21),0.5,1017.7039184570312,1606848.0,11100.0,0.690793404229896,5117.0,0.31844953598598,14147.0,0.8804193053730036,4070.0,0.2532909148842952,29920.0,1.8620305094196838,1476529.0,10408.0,0.7048964158509585,4577.0,0.3099837524356108,12553.0,0.8501695530531402,772.0,0.052284784111927364,27182.0,1.8409391214124475,1185512.0,7397.0,0.6239498208369042,3615.0,0.30493154012780976,7897.0,0.6661256908407507,37.0,0.0031210143802846368,18701.0,1.5774618898838646,37552.28125,1759101.875,2.1347416988001333,1476.529,85.07218462116398
ADNI,ADNI-1057_S_P301E03_MCI_M_Accelerated_Sagittal_MPRAGE_(MSV21),0.5,1023.1113891601562,1607322.0,11197.0,0.6966245718032852,5126.0,0.3189155626563937,13306.0,0.8278366127011265,4625.0,0.2877457037233361,29169.0,1.8147577150067005,1476728.0,10576.0,0.7161779285013895,4682.0,0.31705229399049795,12396.0,0.8394233738372944,984.0,0.06663380121457708,27225.0,1.84360288421429,1166837.0,6947.0,0.5953702188051974,3493.0,0.29935629398107877,8063.0,0.691013397758213,110.0,0.009427195058092948,18217.0,1.5612292033934474,31097.908203125,1781395.25,1.7457051265363481,1476.728,85.08365027117127
ADNI,ADNI-0181_S_P312D6B_MCI_M_Accelerated_Sag_IR-FSPGR_(MSV21),0.5,1018.799072265625,1564665.0,10815.0,0.6912022701345016,5179.0,0.33099737004406693,13997.0,0.8945684859059287,6562.0,0.4193868975148035,29529.0,1.8872410388166159,1422107.0,9073.0,0.6379970002257214,4379.0,0.3079233841054154,12361.0,0.8692032315430556,271.0,0.019056231352493166,25403.0,1.786293155156398,1111954.0,5592.0,0.502898501196992,3351.0,0.3013613872516309,7191.0,0.6466994138246726,38.0,0.0034174075546290587,15871.0,1.4273072447241524,56593.2890625,1757311.625,3.220446974650839,1422.107,81.9365886176632
ADNI,ADNI-2006_S_P5ED99B_MCI_F_Accelerated_Sagittal_MPRAGE_(MSV21),0.5,1008.1024169921875,1596254.0,10844.0,0.6793405059595778,4925.0,0.3085348572345003,13485.0,0.8447903654430936,4888.0,0.3062169303882715,28803.0,1.8044120797817893,1465137.0,10219.0,0.697477437263546,4578.0,0.31246224755773694,12273.0,0.8376691053464626,1404.0,0.09582721615794292,26646.0,1.8186695169120703,1146298.0,5757.0,0.5022254248022766,2709.0,0.2363259815510452,6730.0,0.5871073664963212,277.0,0.024164745991007573,14978.0,1.3066410305173697,19077.20703125,1800908.5,1.059310177682542,1465.137,84.41581937049548
ADNI,ADNI-0249_S_P46AF3B_MCI_F_Accelerated_Sagittal_MPRAGE_(MSV21),0.5,1022.47998046875,1597271.0,10996.0,0.6884241935150641,5111.0,0.3199832714673966,12845.0,0.8041841365679336,6815.0,0.4266652308844272,28495.0,1.783980301401578,1473809.0,10005.0,0.6788532299639912,4418.0,0.29976747326146064,11306.0,0.7671278978483643,1842.0,0.12498227382245597,25343.0,1.7195579617168846,1176988.0,6246.0,0.5306766084276135,3652.0,0.31028353730029534,7530.0,0.6397686297566331,188.0,0.01597297508555737,17156.0,1.457618939190544,22199.40625,1766735.375,1.25652129708446,1473.809,84.9154681989538
ADNI,ADNI-0728_S_P984BA9_MCI_F_Accelerated_Sagittal_MPRAGE_(MSV21),0.5,1028.5185546875,1630347.0,11153.0,0.6840874979375556,5119.0,0.31398223813703463,14218.0,0.8720842863513104,4966.0,0.30459773287527137,30025.0,1.841632486826424,1501650.0,10523.0,0.7007624945892852,4699.0,0.3129224519695002,13159.0,0.876302733659641,1048.0,0.06978989777910964,27956.0,1.8616854793060966,1192092.0,7810.0,0.6551507769534566,3791.0,0.3180123681729262,8518.0,0.7145421662086484,84.0,0.007046436013327831,19838.0,1.6641333051475895,36157.33984375,1735611.75,2.0832619878120786,1501.65,86.51956448967198
ADNI,ADNI-1363_S_P71942B_MCI_F_Accelerated_Sagittal_MPRAGE_(MSV21),0.5,1010.410400390625,1630238.0,11115.0,0.6818022889909325,5097.0,0.31265373522148304,13303.0,0.816015821002823,6258.0,0.3838703305897666,29062.0,1.78268449146689,1505232.0,10603.0,0.7044096856830043,4731.0,0.31430370866417934,12074.0,0.8021354847624818,2013.0,0.1337335374214739,26988.0,1.7929462036416977,1194766.0,7264.0,0.60798516194803,3885.0,0.3251682756288679,7612.0,0.6371122043981834,332.0,0.027787868084629123,18469.0,1.545825709804263,21563.609375,1793505.75,1.2023161551057195,1505.232,86.72594618980317
ADNI,ADNI-1232_S_PC600BF_MCI_F_Accelerated_Sagittal_MPRAGE_(MSV21),0.5,1018.4920654296875,1600101.0,10884.0,0.6802070619292157,4932.0,0.3082305429469765,13041.0,0.8150110524273155,5990.0,0.37435136906982747,28412.0,1.775637912856751,1454101.0,10058.0,0.691698857232063,4541.0,0.3122891738606878,11854.0,0.8152115980939426,1977.0,0.13596029436744766,26050.0,1.7914849106079977,1112719.0,6265.0,0.5630352317161835,3247.0,0.29180772504109304,7773.0,0.6985591151045323,471.0,0.04232874607155984,17046.0,1.5319231540038412,18012.8203125,1785216.0,1.0089994887173317,1454.101,83.77996553391039
ADNI,ADNI-1601_S_P2899E7_MCI_F_Accelerated_Sagittal_MPRAGE_(MSV21),0.5,1015.4383544921875,1664034.0,11208.0,0.673543929991815,5324.0,0.31994538573130116,15520.0,0.9326732506667532,5641.0,0.33899547725587337,31575.0,1.8974972867140936,1545789.0,10786.0,0.6977666421484433,5203.0,0.3365918634431996,14815.0,0.9584102358083801,1188.0,0.07685395613502231,30331.0,1.9621694810870047,1213184.0,8730.0,0.719594059928255,4407.0,0.3632589945136105,10145.0,0.836229294154885,126.0,0.01038589364844904,22892.0,1.8869355349229795,27934.3203125,1757177.75,1.5897264982156756,1545.789,89.06269175435392
ADNI,ADNI-0757_S_PE6E266_MCI_M_Accelerated_Sagittal_MPRAGE_(MSV21),0.5,1021.045654296875,1591921.0,10631.0,0.6678095206985775,4963.0,0.31176170174273726,12847.0,0.807012408279054,3566.0,0.2240060907545035,27981.0,1.757687724453663,1454515.0,9380.0,0.644888502353018,4448.0,0.3058064028215591,11692.0,0.8038418304383248,736.0,0.050601059459682435,25092.0,1.725111119514065,1127923.0,5561.0,0.4930301093248386,3469.0,0.30755645553818833,7255.0,0.6432176664541817,132.0,0.011702926529559197,15955.0,1.4145469149933108,37581.73046875,1756116.25,2.1400479876403398,1454.515,83.80381869523208
ADNI,ADNI-0869_S_PB62DAC_MCI_F_Accelerated_Sagittal_MPRAGE_(MSV21),0.5,1027.269287109375,1599011.0,10824.0,0.6769184201984851,4935.0,0.3086282708499191,12983.0,0.8119393800292807,3657.0,0.22870386757814676,28320.0,1.7710947579472562,1465366.0,9725.0,0.6636567246681033,4162.0,0.2840246054569302,11035.0,0.7530541857802079,600.0,0.04094540203607836,24585.0,1.6777378484283105,1153838.0,5686.0,0.4927901490503866,3438.0,0.2979621055988796,6065.0,0.525637047835138,85.0,0.007366718724812322,14959.0,1.2964558282878533,34861.375,1774784.125,1.9642600195108235,1465.366,84.42901351045361
ADNI,ADNI-1234_S_P9079B8_MCI_F_Accelerated_Sagittal_MPRAGE_(MSV21),0.5,1027.96240234375,1579554.0,11006.0,0.6967789641886254,4987.0,0.31572203292828227,12952.0,0.819978297671368,5529.0,0.35003551635461655,28483.0,1.8032305321628763,1432666.0,9926.0,0.6928341986199157,4289.0,0.29937194014515595,11407.0,0.7962079088915351,2130.0,0.14867387095108,25224.0,1.7606336717699729,1152576.0,6741.0,0.5848638180909544,3442.0,0.29863540451996223,7633.0,0.6622556777166972,226.0,0.019608251429840635,17551.0,1.5227629240935088,28714.212890625,1766246.75,1.625719220183986,1432.666,82.54495946402983
ADNI,ADNI-0850_S_P749E3A_MCI_M_Accelerated_Sagittal_MPRAGE_(MSV21),0.5,955.98193359375,1589172.0,10531.0,0.662672133664575,5016.0,0.31563606708399095,13030.0,0.8199238345503193,4275.0,0.26900801171931044,28112.0,1.7689715147259075,1451488.0,8698.0,0.5992471174408607,4368.0,0.3009325602416279,12005.0,0.8270822769461408,1009.0,0.0695148702572808,24640.0,1.6975682885425163,1143698.0,5199.0,0.45457804420397696,3457.0,0.30226510844646054,7426.0,0.6492972795265883,24.0,0.0020984560609531534,15787.0,1.3803469097611432,37457.78515625,1782361.125,2.1015822568644724,1451.488,83.62941405919156
ADNI,ADNI-1470_S_P6E2B41_MCI_M_Accelerated_Sagittal_MPRAGE_(MSV21),0.5,1020.785400390625,1620881.0,11215.0,0.6919076724324611,5308.0,0.32747623051908187,15382.0,0.9489900862555611,7319.0,0.4515445612602036,31428.0,1.9389455487478724,1480347.0,10767.0,0.7273294707254448,5071.0,0.34255481991722214,14324.0,0.9676109722923071,1063.0,0.07180748837941374,29693.0,2.0058135018343672,1162998.0,7973.0,0.6855557791156992,4166.0,0.358212137940048,9569.0,0.8227873134777531,156.0,0.013413608621854896,21355.0,1.836202641793021,37778.3671875,1782501.25,2.11940200252314,1480.347,85.29216377557518
ADNI,ADNI-1909_S_P35E55D_MCI_M_Accelerated_Sagittal_MPRAGE_(MSV21),0.5,1018.64111328125,1593657.0,10625.0,0.6667055708976273,5262.0,0.330183973088312,13155.0,0.8254599327207799,9218.0,0.578418066120878,28571.0,1.792794810928575,1469574.0,8304.0,0.5650617117613675,4730.0,0.3218619817715882,12251.0,0.8336429468675957,933.0,0.06348778625642534,24843.0,1.6904898970722129,1144925.0,5432.0,0.47444155730724724,3621.0,0.31626525754962115,7822.0,0.6831888551651855,12.0,0.0010481035875712383,16598.0,1.4497019455422846,56177.6484375,1763354.625,3.1858395152648322,1469.574,84.67146303422582
ADNI,ADNI-2020_S_P9E28AE_MCI_F_CS_Sagittal_MPRAGE_(MSV22),0.5,1009.1666259765625,1619824.0,11205.0,0.6917418188642717,5167.0,0.31898527247404657,13780.0,0.8507097067335709,8805.0,0.5435775738598762,29681.0,1.8323595649897766,1490633.0,10762.0,0.7219751608880254,4797.0,0.32180959364243245,12648.0,0.8484985908671014,2591.0,0.1738187736350933,27771.0,1.8630340264840506,1164181.0,8245.0,0.7082232058417033,4045.0,0.34745456247782774,8897.0,0.764228242859143,350.0,0.030064053613656296,20847.0,1.790700930525408,27071.265625,1785862.25,1.5158652704036943,1490.633,85.88480536338908
ADNI,ADNI-0415_S_PA41981_MCI_F_HS_Sagittal_MPRAGE_(MSV22),0.5,1020.151611328125,1674256.0,11220.0,0.6701484121902505,5249.0,0.31351238998098263,13730.0,0.8200657486071424,11465.0,0.6847817776970786,29724.0,1.775355740101872,1569697.0,10891.0,0.6938281719338191,4893.0,0.31171621019852874,12612.0,0.8034671659562324,3466.0,0.22080694554426744,27951.0,1.7806621277864456,1246325.0,8586.0,0.6889053818225582,4044.0,0.3244739534230638,8041.0,0.6451768198503601,533.0,0.04276573124987463,20335.0,1.6315968948709205,19529.587890625,1784352.0,1.0944918878464003,1569.697,90.440183012516
ADNI,ADNI-1287_S_P1191A9_MCI_F_Accelerated_Sagittal_MPRAGE_(MSV22),0.5,1025.2882080078125,1615473.0,11231.0,0.6952143427961965,5254.0,0.32522982433008785,13746.0,0.8508963009595333,9222.0,0.5708544803905728,29765.0,1.842494427328714,1486527.0,10836.0,0.7289474055970728,4830.0,0.3249184172235015,12807.0,0.8615383373460421,2664.0,0.17920966117668902,28035.0,1.8859395086668456,1206907.0,7936.0,0.6575485932221786,3943.0,0.3267028859721586,9151.0,0.7582191502742134,263.0,0.021791239921551537,20680.0,1.71347088052352,28224.271484375,1788753.875,1.5778733943693064,1486.527,85.64823270544976
ADNI,ADNI-1314_S_P26FEAE_MCI_M_Accelerated_Sag_IR-FSPGR_(MSV21),0.5,1019.0137939453125,1566425.0,11115.0,0.7095775412164642,5181.0,0.3307531480919929,12901.0,0.823595129035862,5944.0,0.3794627894728442,28723.0,1.833665831431444,1422461.0,10558.0,0.7422347607421222,4624.0,0.32507042372339207,11704.0,0.8227993597012502,1047.0,0.0736048299390985,26434.0,1.8583286290450145,1096583.0,7140.0,0.6511135044041354,3018.0,0.27521856530695804,7288.0,0.6646099748035489,116.0,0.01057831463737811,17149.0,1.5638579113482518,31851.02734375,1800436.5,1.769072519011362,1422.461,81.95698479908322
ADNI,ADNI-0252_S_P008BA8_MCI_F_Accelerated_Sagittal_MPRAGE_(MSV21),0.5,1027.3056640625,1595200.0,10905.0,0.6836133400200602,5092.0,0.3192076228686058,13044.0,0.817703109327984,6957.0,0.4361208625877633,28583.0,1.7918129388164494,1458018.0,9448.0,0.648002973900185,4265.0,0.292520394124078,11502.0,0.7888791496401278,2099.0,0.1439625573895521,24809.0,1.7015564965590275,1170704.0,5917.0,0.5054223783296204,3485.0,0.2976841285243751,8359.0,0.7140148150172888,335.0,0.028615260561166613,17404.0,1.4866268501687874,24828.041015625,1761556.125,1.4094379772103487,1458.018,84.00564870515937
ADNI,ADNI-1907_S_PC9E8DA_MCI_M_Accelerated_Sagittal_MPRAGE_(MSV21),0.5,1021.7828369140625,1591814.0,10822.0,0.6798532994432767,5303.0,0.3331419374374142,13859.0,0.8706419217320617,6824.0,0.4286933021069045,29509.0,1.853796988844174,1454106.0,9299.0,0.6394994587739821,4710.0,0.3239103614179434,12188.0,0.8381782345991283,679.0,0.04669535783498589,25775.0,1.772566786740444,1127278.0,6215.0,0.5513280663687219,3804.0,0.3374500345079031,7547.0,0.6694888040039813,48.0,0.004258044599468809,17243.0,1.5296138130966808,43444.9140625,1785532.75,2.4331625428041015,1454.106,83.78025361556885
ADNI,ADNI-0756_S_PEFC680_MCI_M_Accelerated_Sagittal_MPRAGE_(MSV21),0.5,1010.9892578125,1611620.0,10941.0,0.678882118613569,5136.0,0.3186855462205731,13334.0,0.827366252590561,3237.0,0.20085379928270936,28940.0,1.795708665814522,1474476.0,10171.0,0.6898043779620692,4758.0,0.3226909084990193,12154.0,0.8242928335218749,751.0,0.05093334852517097,26637.0,1.8065400861051657,1165740.0,6550.0,0.5618748606035651,3710.0,0.31825278363957654,7361.0,0.6314444044126477,158.0,0.013553622591658517,17256.0,1.480261464820629,26376.97265625,1784276.125,1.4783010480650802,1474.476,84.95389829219431
ADNI,ADNI-1220_S_PB32196_MCI_F_Accelerated_Sagittal_MPRAGE_(MSV21),0.5,1016.2276611328125,1608311.0,10986.0,0.68307684272507,4831.0,0.3003772280361199,13829.0,0.8598461367235567,6420.0,0.3991765274253549,29190.0,1.8149474821722915,1474234.0,10159.0,0.6891036294102564,4394.0,0.2980530906219772,12721.0,0.8628887951302168,2435.0,0.16517052245437291,26841.0,1.820674329855369,1126536.0,6263.0,0.555952051243813,2721.0,0.24153688830183856,6846.0,0.6077036153305354,628.0,0.05574611019976281,15622.0,1.3867288750648004,17600.943359375,1789641.0,0.9834901725751142,1474.234,84.93995513992414
ADNI,ADNI-2053_S_PB6601B_MCI_F_Accelerated_Sagittal_MPRAGE_(MSV21),0.5,1020.9024047851562,1615571.0,10720.0,0.6635424874548999,4896.0,0.3030507480017901,12591.0,0.7793529346590153,4830.0,0.29896550507529535,27762.0,1.7184017291719151,1460409.0,9179.0,0.6285225577218436,4149.0,0.2840984956953839,11225.0,0.7686202974646144,589.0,0.04033116750170671,24150.0,1.653646341538569,1183976.0,6083.0,0.5137773062967492,3310.0,0.2795664776988723,7071.0,0.5972249437488598,89.0,0.007517044264410765,16189.0,1.3673419055791671,53157.328125,1717490.125,3.095058734326056,1460.409,84.14340935424191
ADNI,ADNI-2022_S_P0D4E50_MCI_F_CS_Sagittal_MPRAGE_(MSV22),0.5,1017.332763671875,1652429.0,11242.0,0.6803318024556577,5216.0,0.3156565274514064,13633.0,0.8250278831949814,11826.0,0.715673714271536,29621.0,1.792573236126938,1542629.0,11014.0,0.713975946257979,4887.0,0.3167968448667826,12753.0,0.8267055785934272,5687.0,0.36865636520511413,28201.0,1.8281129163266088,1216685.0,8681.0,0.7134960980040027,4012.0,0.32974845584518586,9068.0,0.7453038378873743,1212.0,0.09961493730916383,21447.0,1.7627405614435945,15826.78125,1804489.25,0.8770781676865075,1542.629,88.88062414619799
ADNI,ADNI-2024_S_P43F69C_MCI_F_Accelerated_Sagittal_MPRAGE_(MSV21),0.5,1018.3438720703125,1619475.0,11166.0,0.6894827027277358,5128.0,0.3166458265796014,14781.0,0.9127031908488863,3970.0,0.24514117229349017,30607.0,1.8899334660924065,1475434.0,10349.0,0.7014207345093038,4720.0,0.31990587176383356,13215.0,0.8956686642709873,848.0,0.05747461424909552,27856.0,1.8879868567485907,1121326.0,6450.0,0.5752118474020936,3039.0,0.2710184192643353,6737.0,0.6008065451082022,57.0,0.0050832674886696644,16064.0,1.4325896304910437,29472.587890625,1777369.625,1.658213771410941,1475.434,85.00909473795805
ADNI,ADNI-0196_S_P5F8BF1_MCI_M_Accelerated_Sagittal_MPRAGE_(MSV22),0.5,1024.811767578125,1606499.0,11150.0,0.694055831967527,5304.0,0.33015893567316257,15401.0,0.9586685083526352,11395.0,0.7093063861228672,31379.0,1.9532536279200923,1472210.0,10500.0,0.713213468187283,5166.0,0.3509010263481433,14877.0,1.0105215967830676,2252.0,0.15296730765312014,30082.0,2.043322623810462,1221034.0,7746.0,0.6343803694246025,4315.0,0.3533890129185592,11498.0,0.941660920170937,161.0,0.013185546020831525,23223.0,1.9019126412532328,32973.9453125,1801934.5,1.829919195869772,1472.21,84.82333968457363
ADNI,ADNI-0197_S_PD0F22B_MCI_F_HS_Sagittal_MPRAGE_(MSV22),0.5,1024.123046875,1650424.0,11222.0,0.6799464864786261,5253.0,0.31828184757371436,14506.0,0.8789256578915479,8703.0,0.5273190404405171,30518.0,1.8491005947562564,1526453.0,10540.0,0.69048965149926,4817.0,0.31556818323263147,13341.0,0.8739869488284276,2602.0,0.1704605382543714,28274.0,1.8522679702552256,1196932.0,7731.0,0.6459013544629102,3895.0,0.3254153118138708,9337.0,0.7800777320683213,303.0,0.025314721304134237,20625.0,1.723155534316068,29593.287109375,1772272.75,1.6697930445172733,1526.453,87.94862236470101
ADNI,ADNI-0201_S_PE0FA3A_MCI_M_HS_Sagittal_MPRAGE_(MSV22),0.5,1021.7239379882812,1568745.0,11025.0,0.7027910845930984,5213.0,0.332303847980392,13287.0,0.8469827792279816,9992.0,0.6369422691387064,29054.0,1.8520537117249776,1423882.0,10046.0,0.7055359924488125,4745.0,0.33324390644730395,12680.0,0.8905232315599186,1635.0,0.11482693088331758,27016.0,1.8973482353172526,1136117.0,6859.0,0.6037230320468754,3860.0,0.3397537401517626,9965.0,0.8771103680342781,157.0,0.013818999275602777,20355.0,1.7916288551267165,37328.21875,1766631.375,2.1129602518238983,1423.882,82.03885760642169
ADNI,ADNI-0587_S_PEF07BF_MCI_M_Accelerated_Sagittal_MPRAGE_(MSV21),0.5,1015.5145874023438,1577387.0,10750.0,0.6815068210908293,5157.0,0.32693308617352623,13664.0,0.866242716593962,6299.0,0.39933129916754734,29101.0,1.844886511680393,1440343.0,8945.0,0.6210326290335011,4800.0,0.3332539540928792,12968.0,0.9003410993075954,222.0,0.015412995376795665,26253.0,1.8226908451667416,1150499.0,6112.0,0.5312477455434556,3910.0,0.3398525335528323,8972.0,0.779835532234274,11.0,0.0009561068718877635,18623.0,1.6186889341059836,62576.13671875,1765675.25,3.544034313147335,1440.343,82.98728004245172
ADNI,ADNI-0199_S_PF3479B_MCI_M_HS_Sagittal_MPRAGE_(MSV22),0.5,1018.7648315429688,1587591.0,9830.0,0.6191771054383655,4822.0,0.3037306207959103,14143.0,0.8908465719445374,5405.0,0.34045292521814496,28352.0,1.785850385899139,1439273.0,7213.0,0.5011557918476898,3904.0,0.2712480537048913,13072.0,0.908236310970886,1126.0,0.0782339417191874,23807.0,1.6540989791373841,1144041.0,3835.0,0.3352152588936935,2962.0,0.25890680491346024,9259.0,0.8093241413550738,124.0,0.010838772386653974,15780.0,1.3793211956564493,45594.90625,1767186.0,2.5800853022828383,1439.273,82.92563056753815
ADNI,ADNI-0195_S_PB60296_MCI_M_HS_Sagittal_MPRAGE_(MSV22),0.5,1022.956787109375,1594495.0,11153.0,0.6994691109097237,5258.0,0.3297595790516747,15233.0,0.9553494993712743,7586.0,0.47576191835032405,31169.0,1.9547881931269777,1442665.0,10717.0,0.7428613018268274,4902.0,0.3397878232299252,14531.0,1.007233141443093,2035.0,0.1410583884685634,29686.0,2.057719567605785,1149753.0,8192.0,0.7125008588801247,3976.0,0.3458134051400605,10427.0,0.9068904364676587,260.0,0.02261355265000396,22241.0,1.9344154788028385,32295.70703125,1770529.125,1.8240709274550908,1442.665,83.1210651646473
ADNI,ADNI-1371_S_PF67CBA_MCI_M_Accelerated_Sagittal_MPRAGE_(MSV21),0.5,1023.831787109375,1602769.0,10951.0,0.6832550417433828,5168.0,0.32244197385899026,12933.0,0.8069160309439476,4059.0,0.25324922056765514,28586.0,1.7835383639189426,1465901.0,9769.0,0.6664160813042627,4695.0,0.3202808375190412,11777.0,0.8033966823134713,763.0,0.05204989968626804,25830.0,1.7620562370855877,1176987.0,6855.0,0.5824193470276222,3521.0,0.2991536864893155,7331.0,0.6228615949029174,45.0,0.003823321752916557,17438.0,1.4815796606079763,56101.15234375,1746660.25,3.2119098344254415,1465.901,84.4598382479104
ADNI,ADNI-1423_S_P93D8A1_MCI_M_Accelerated_Sagittal_MPRAGE_(MSV21),0.5,1022.138916015625,1605684.0,11017.0,0.6861250407925843,5096.0,0.3173725340727067,13661.0,0.8507900682824266,7031.0,0.43788192446334395,29323.0,1.8261999247672644,1473409.0,9597.0,0.6513466389848305,4316.0,0.29292613252667793,12430.0,0.8436218320914288,542.0,0.03678544110969867,25944.0,1.7608145464022549,1170629.0,6535.0,0.5582468912012261,3616.0,0.3088937656593165,7894.0,0.674338325806041,86.0,0.007346477833711619,17736.0,1.515082916961736,46929.95703125,1750038.875,2.681652259367667,1473.409,84.89242166627584
ADNI,ADNI-1160_S_P37DCFC_MCI_M_Accelerated_Sagittal_MPRAGE,0.5,1017.0797119140625,1569559.0,10872.0,0.6926786441287012,4814.0,0.3067103562210787,12067.0,0.7688146797922218,10494.0,0.6685954462368092,27343.0,1.7420816930105845,1432635.0,9541.0,0.6659756323138832,4343.0,0.30314769637765376,10992.0,0.7672575359390215,977.0,0.06819601643126127,24501.0,1.7102053209645165,1157337.0,6090.0,0.5262080102856818,3438.0,0.29706127083122724,7918.0,0.6841568186275907,122.0,0.010541441256954543,17150.0,1.481850143907954,43409.984375,1749847.5,2.480786718556903,1432.635,82.54317335774729
ADNI,ADNI-0202_S_PFB539C_MCI_F_HS_Sagittal_MPRAGE_(MSV22),0.5,1023.972412109375,1637988.0,10947.0,0.6683199144316075,5229.0,0.3192331079348567,15365.0,0.9380410601298665,6161.0,0.3761321816765446,31064.0,1.8964729900341153,1506940.0,9697.0,0.6434894554527718,4782.0,0.31733181148552697,14368.0,0.953455346596414,1272.0,0.08440946553943754,28380.0,1.8832866603846206,1219704.0,6154.0,0.504548644589179,4015.0,0.32917822684848125,10309.0,0.8452050661471964,116.0,0.009510504187901328,20079.0,1.646219082662679,41646.09765625,1774910.875,2.3463768374426124,1506.94,86.82435488433809
ADNI,ADNI-2013_S_PF70DEF_MCI_F_Accelerated_Sagittal_MPRAGE_(MSV22),0.5,1016.6654052734375,1640406.0,11161.0,0.6803803448658442,5300.0,0.32309074704676766,15492.0,0.944400349669533,4040.0,0.246280493975272,31476.0,1.918793274347936,1513172.0,9967.0,0.658682555585221,4924.0,0.3254091405339248,14624.0,0.9664466432104215,296.0,0.01956155678270547,29044.0,1.919411672962492,1178361.0,6808.0,0.5777516397776233,3724.0,0.31603218368564473,9207.0,0.7813395046170062,67.0,0.005685863669961922,19376.0,1.6443178278982415,55411.72265625,1760694.375,3.1471516830540223,1513.172,87.18341986346083
ADNI,ADNI-2010_S_P170D6D_MCI_M_Accelerated_Sagittal_MPRAGE_(MSV22),0.5,1022.0025634765625,1601591.0,10993.0,0.6863799809064861,5286.0,0.330046809703601,15334.0,0.9574229625416227,11048.0,0.689814066137984,31138.0,1.9441917443342276,1450080.0,9224.0,0.6361028357056163,4911.0,0.338670969877524,13938.0,0.9611883482290633,789.0,0.05441079112876531,27643.0,1.9063086174555888,1175928.0,5118.0,0.4352307284119436,3671.0,0.31217897694416663,9357.0,0.7957119823662673,39.0,0.003316529583443884,17835.0,1.5166744902749147,56881.01171875,1784181.0,3.188074064164454,1450.08,83.54829026416512
ADNI,ADNI-1820_S_P60393E_MCI_M_Accelerated_Sagittal_MPRAGE_(MSV21),0.5,1026.172119140625,1606508.0,11121.0,0.6922467861971432,5104.0,0.31770772383330803,13660.0,0.8502914395695508,2334.0,0.14528405709775488,29439.0,1.832483871851245,1465372.0,10103.0,0.6894495049721162,4614.0,0.31486885241426754,12324.0,0.8410151142508524,367.0,0.025044835031650666,26638.0,1.8178319225425354,1134558.0,6689.0,0.5895688012424222,3659.0,0.3225044466655737,6872.0,0.6056984305782516,81.0,0.007139344132252384,16967.0,1.495472245579336,44459.4296875,1747205.625,2.5446020234452944,1465.372,84.42935920844378
ADNI,ADNI-1815_S_PF79173_MCI_M_CS_Sagittal_MPRAGE_(MSV22),0.5,1029.0296630859375,1599566.0,11101.0,0.6940007477028144,5248.0,0.32808899413966036,14345.0,0.89680575856201,6546.0,0.4092360052664285,30223.0,1.8894500133161118,1458470.0,10142.0,0.6953862609446886,4974.0,0.34104232517638344,13459.0,0.9228163760653287,808.0,0.05540052246532325,28138.0,1.9292820558530517,1181739.0,6988.0,0.5913319269314121,4107.0,0.3475386697062549,9623.0,0.8143084048169689,58.0,0.00490802114510903,20377.0,1.724323221963564,47123.05859375,1775573.5,2.6539627108508888,1458.47,84.03169128708548
ADNI,ADNI-1817_S_P2E9910_MCI_F_CS_Sagittal_MPRAGE_(MSV22),0.5,1027.7586669921875,1614999.0,10759.0,0.6661923629674075,4963.0,0.3073066918307689,12023.0,0.7444586652994831,7173.0,0.44414888182593304,27310.0,1.6910227188995164,1480009.0,9217.0,0.6227664831767915,3973.0,0.2684443135143097,10542.0,0.7122929657860189,975.0,0.0658779777690541,23384.0,1.5799903919503193,1168552.0,5652.0,0.4836755232116329,3136.0,0.26836632002683664,6818.0,0.5834571332726315,115.0,0.00984123941424943,15362.0,1.3146184337539109,29002.41015625,1762686.875,1.6453523633487086,1480.009,85.27268945546228
ADNI,ADNI-1816_S_PBF3ACA_MCI_M_CS_Sagittal_MPRAGE_(MSV22),0.5,1025.383056640625,1603272.0,10279.0,0.6411263965191184,5183.0,0.32327639976248573,13348.0,0.8325474404842098,3394.0,0.21169208967661132,28344.0,1.7678846758379114,1457342.0,9099.0,0.6243558478380503,4838.0,0.3319742380306064,11999.0,0.8233482600515185,493.0,0.03382871007628958,25512.0,1.7505842828931024,1130686.0,6455.0,0.5708923609207154,3986.0,0.35252934943919,7339.0,0.6490749863357289,9.0,0.000795976955582717,17513.0,1.5488827136800136,43333.7734375,1775294.0,2.440935047237246,1457.342,83.9667000649336
ADNI,ADNI-1819_S_P242ABE_MCI_F_CS_Sagittal_MPRAGE_(MSV22),0.5,1021.0105590820312,1613215.0,11028.0,0.6836038593739829,4998.0,0.30981611254544494,13446.0,0.8334908862116953,3340.0,0.20703997917202607,29013.0,1.798458357999399,1472078.0,9970.0,0.6772738944539624,4396.0,0.29862548044329174,11810.0,0.8022672711636205,717.0,0.04870665820697001,25758.0,1.7497714115692238,1146789.0,6715.0,0.585547995315616,3298.0,0.28758559769931524,7659.0,0.6678647946570817,123.0,0.010725599914195201,17380.0,1.5155359878757122,28825.439453125,1770814.375,1.6278069491685148,1472.078,84.8157343287899
ADNI,ADNI-2011_S_P2A19F9_MCI_M_Accelerated_Sagittal_MPRAGE_(MSV22),0.5,1017.28125,1620749.0,11199.0,0.6909768261464299,5291.0,0.32645400367361016,15449.0,0.9532012668216979,8001.0,0.4936606470218399,31467.0,1.9415097587596846,1502468.0,10555.0,0.7025108022267362,4745.0,0.3158137145017398,14086.0,0.937524126969759,977.0,0.06502634332311903,28949.0,1.9267631656714153,1229899.0,7816.0,0.6354993377504982,3862.0,0.31400952435931734,9000.0,0.7317674052910036,45.0,0.0036588370264550177,20372.0,1.656396175620925,37479.92578125,1769523.75,2.118079838219182,1502.468,86.56669464899842
ADNI,ADNI-2045_S_P6AF1A3_MCI_M_Accelerated_Sagittal_MPRAGE_(MSV21),0.5,1016.6517333984375,1611072.0,11142.0,0.691589202717197,4995.0,0.31004200929567394,13839.0,0.8589932665951615,6642.0,0.41227207722559883,29545.0,1.8338721050331703,1474871.0,10523.0,0.7134861286173503,4444.0,0.3013144878433436,12380.0,0.8393954454321768,1834.0,0.12434985839439518,26994.0,1.8302617652662505,1147659.0,8123.0,0.7077886375656881,3534.0,0.3079311886196161,7459.0,0.6499317305924495,283.0,0.024658892580461618,18906.0,1.6473534386085065,21013.4375,1813245.875,1.1588851677382142,1474.871,84.97665674321381
ADNI,ADNI-0403_S_PF1697B_MCI_M_Accelerated_Sagittal_MPRAGE_(MSV22),0.5,1015.1734619140625,1591220.0,11207.0,0.7043023591960885,5168.0,0.3247822425560262,13140.0,0.8257814758487199,6897.0,0.4334410075288144,29044.0,1.8252661479870793,1459502.0,10577.0,0.7246992467293638,4493.0,0.3078447305998896,11929.0,0.8173335836470248,1863.0,0.12764627934733902,26587.0,1.8216487541640916,1139122.0,7947.0,0.6976425703304826,3365.0,0.2954029506936044,8323.0,0.7306504483277472,229.0,0.020103202290887193,19343.0,1.6980621917582137,25609.59765625,1796471.875,1.4255496015627855,1459.502,84.09115134139462
ADNI,ADNI-1818_S_PDB2CF4_MCI_F_Accelerated_Sagittal_MPRAGE_(MSV21),0.5,1024.887939453125,1602328.0,11224.0,0.7004808004353665,5222.0,0.3259008143151714,13647.0,0.851698279004049,16450.0,1.0266312515290252,29622.0,1.8486851630877075,1462713.0,10740.0,0.7342520371392064,4828.0,0.3300715861553155,12451.0,0.851226453856635,4378.0,0.29930683599585156,27580.0,1.885537354217813,1152607.0,7917.0,0.6868776608158722,3824.0,0.331769631799911,8272.0,0.7176774043537824,498.0,0.043206400794026066,19678.0,1.7072601502506926,20612.2109375,1781834.5,1.1567971625591489,1462.713,84.276157382467
ADNI,ADNI-1602_S_PD55D52_MCI_F_Sagittal_3D_Accelerated_MPRAGE,0.5,899.2677001953125,1587604.0,10320.0,0.6500361551117281,5162.0,0.3251440535549167,13763.0,0.8669038374808832,5677.0,0.35758287331097677,28801.0,1.8141173743578372,1423473.0,7972.0,0.560038722195644,4101.0,0.28809819364329353,11758.0,0.8260079397361243,730.0,0.05128302398429756,23549.0,1.65433415315921,1142030.0,4713.0,0.4126861816239503,3092.0,0.2707459523830372,7305.0,0.6396504470110242,11.0,0.0009631971139111931,14909.0,1.3054823428456346,52220.25,1757772.625,2.970819391387438,1423.473,82.01529252675847
ADNI,ADNI-0130_S_P0A8538_MCI_M_Sagittal_3D_Accelerated_MPRAGE,0.5,1008.6319580078125,1614656.0,11176.0,0.6921598160846645,5288.0,0.3275000990923144,15524.0,0.961443180466923,5093.0,0.3154232232748028,31511.0,1.9515611994133737,1470974.0,10034.0,0.6821330628549519,4607.0,0.3131938429911066,14063.0,0.9560332133674694,1279.0,0.08694919148808884,28244.0,1.9200883224312597,1121117.0,7784.0,0.6943075522001718,3737.0,0.3333282788504679,9847.0,0.878320460754765,180.0,0.016055416160846724,20974.0,1.87081276976444,28083.658203125,1786565.875,1.5719352191883214,1470.974,84.75212589859872
ADNI,ADNI-0146_S_P613612_MCI_F_Sagittal_3D_Accelerated_MPRAGE,0.5,1016.6181640625,1630117.0,11260.0,0.690747964716643,5317.0,0.3261729066073171,14381.0,0.8822066146172329,11263.0,0.690932000586461,30481.0,1.8698657826401417,1509551.0,10981.0,0.7274348465205879,4847.0,0.3210888535730161,12668.0,0.8391899313107011,2138.0,0.14163151824615397,28102.0,1.8616131551699808,1180579.0,8127.0,0.6883910352462648,3871.0,0.3278899590794009,6832.0,0.578699095952071,76.0,0.006437519217265426,18583.0,1.5740581528216238,28283.951171875,1790225.5,1.5799099706643103,1509.551,86.97479112639353
ADNI,ADNI-0141_S_P3D4447_MCI_M_Sagittal_3D_Accelerated_MPRAGE,0.5,1016.2166748046875,1624737.0,11114.0,0.6840491722660345,5238.0,0.32239063922345584,14689.0,0.9040847841835324,2743.0,0.16882732405306214,30568.0,1.8814121916347077,1475440.0,9810.0,0.664886406766795,4747.0,0.3217345334273166,13319.0,0.902713766740769,209.0,0.014165265954562708,27424.0,1.8586997776934338,1133830.0,7236.0,0.6381909104539482,3897.0,0.34370231868975065,8070.0,0.7117469109125706,16.0,0.0014111462917721352,18858.0,1.6632122981399329,59524.80078125,1758201.75,3.3855500815677155,1475.44,85.0094404359482
ADNI,ADNI-1159_S_PC8D033_MCI_M_Accelerated_Sagittal_MPRAGE,0.5,1029.072021484375,1588024.0,10712.0,0.674548999259457,4725.0,0.2975395837846279,11496.0,0.723918530198536,10013.0,0.6305320322614771,26558.0,1.6723928605613014,1459640.0,8607.0,0.589665945027541,3942.0,0.27006659176235237,9773.0,0.6695486558329451,1202.0,0.08234907237401003,22034.0,1.5095503000739907,1200334.0,4703.0,0.3918076135475626,2974.0,0.2477643722497238,6452.0,0.537517057752259,87.0,0.007247982644830522,13959.0,1.162926318841256,37130.0703125,1746888.5,2.1254974380162213,1459.64,84.09910239516853
ADNI,ADNI-0712_S_PD4FC8C_MCI_F_Accelerated_Sagittal_MPRAGE,0.5,1023.4415283203125,1604259.0,10958.0,0.6830567882118785,4994.0,0.31129636798048194,13324.0,0.8305392084445218,2234.0,0.13925432240056002,28838.0,1.7975900400122424,1459053.0,9713.0,0.6657057694271559,4202.0,0.2879950214282826,11879.0,0.8141582245470178,364.0,0.024947688672035902,25419.0,1.7421574130617599,1160219.0,6172.0,0.53196853352686,3493.0,0.30106385087642934,7559.0,0.6515149295089979,25.0,0.0021547656089065943,16949.0,1.4608448922143147,42728.1640625,1763020.625,2.4235770958436746,1459.053,84.06528160846361
ADNI,ADNI-0570_S_P5D780C_MCI_F_Accelerated_Sagittal_MPRAGE,0.5,1013.594482421875,1630851.0,10990.0,0.6738813049138149,4924.0,0.3019282570878639,12577.0,0.7711924633212967,6562.0,0.40236661718329875,28026.0,1.718489304050462,1500255.0,10322.0,0.6880163705503398,4482.0,0.29874921263385223,11171.0,0.7446067501858018,2873.0,0.19150077820103917,25545.0,1.7027105392083346,1168924.0,7472.0,0.6392203428109954,3365.0,0.2878715810437633,6807.0,0.5823304166909055,787.0,0.06732687497219665,17359.0,1.4850409436370542,17653.37890625,1779035.625,0.9923004721307928,1500.255,86.43918970695758
ADNI,ADNI-1500_S_PF9E854_MCI_M_Accelerated_Sagittal_IR-FSPGR,0.5,1018.2266845703125,1572039.0,10900.0,0.6933670220649741,5313.0,0.3379687145166246,15451.0,0.9828636566904512,12758.0,0.811557474083022,31187.0,1.9838566346000321,1425873.0,9686.0,0.6793031356930105,4991.0,0.3500311738843501,14731.0,1.0331214631317094,736.0,0.0516175002963097,28939.0,2.0295636427648183,1138867.0,7011.0,0.6156118317591079,4111.0,0.3609727913795026,10105.0,0.8872853458744525,93.0,0.008166010605276998,20820.0,1.8281326967942702,59185.5625,1778249.75,3.3283042778439866,1425.873,82.15357172282627
ADNI,ADNI-1782_S_PEF1B88_MCI_F_Accelerated_Sagittal_MPRAGE_ND,0.5,1021.240478515625,1577043.0,10670.0,0.6765826930527576,4957.0,0.3143224376253533,12772.0,0.8098701176822699,7633.0,0.48400709428975625,27971.0,1.7736358488639816,1420491.0,8377.0,0.5897256652805262,3995.0,0.2812407822365647,11388.0,0.801694625309136,1502.0,0.10573808633775224,23429.0,1.649359270843673,1160942.0,5133.0,0.4421409510552638,3194.0,0.27512141002737434,7646.0,0.6586030998964634,186.0,0.01602147221825035,15738.0,1.3556232783377637,56275.4609375,1730006.625,3.252904360265094,1420.491,81.84348062564423
ADNI,ADNI-1308_S_P34E65D_MCI_M_Sag_Accel_IR-FSPGR,0.5,1017.499267578125,1543574.0,10706.0,0.6935851471973485,5077.0,0.32891199255753206,13385.0,0.8671433957814785,12228.0,0.7921874817792992,28720.0,1.8606169837014617,1391215.0,9050.0,0.6505105249727755,4568.0,0.3283460859752087,12623.0,0.9073363930089886,425.0,0.03054883680811377,25819.0,1.8558598059969165,1100734.0,5623.0,0.5108409479492775,3568.0,0.3241473416829134,8621.0,0.7832046616167031,77.0,0.00699533220560099,17485.0,1.5884855014926405,55645.4453125,1745951.125,3.1871135746998647,1391.215,80.15670489894383
ADNI,ADNI-0147_S_P3477DD_MCI_F_Sagittal_3D_Accelerated_MPRAGE,0.5,1012.9625244140625,1616382.0,11261.0,0.6966793740588548,5323.0,0.3293157186853108,15503.0,0.9591173373620839,9799.0,0.6062304578991847,31610.0,1.9556020792114734,1479032.0,11024.0,0.7453523656012851,5163.0,0.34907966832360626,14333.0,0.9690797765024692,1818.0,0.12291823300645288,30044.0,2.031328598705099,1145049.0,8903.0,0.7775213113150616,4319.0,0.37718909845779525,9125.0,0.7969091279063166,246.0,0.02148379676328262,21931.0,1.9152892146973621,27872.7421875,1804026.375,1.545029638909797,1479.032,85.21639829939636
ADNI,ADNI-0449_S_PA4D571_MCI_M_Accelerated_Sag_IR-FSPGR,0.5,1022.6937255859375,1589986.0,10823.0,0.6806978174650594,5293.0,0.33289601292086846,15518.0,0.9759834363321438,10393.0,0.653653554182238,31157.0,1.9595770025648025,1444514.0,9142.0,0.6328772168355585,4692.0,0.3248151281330607,14149.0,0.9794989872026162,1020.0,0.07061198437675231,27534.0,1.9061082135583318,1137875.0,5032.0,0.44222783697682083,3422.0,0.3007360210919477,9409.0,0.8268922333296714,87.0,0.007645831044710535,17561.0,1.5433153905305943,31358.21484375,1765270.25,1.7763974011203099,1444.514,83.22759776195122
ADNI,ADNI-0765_S_P893FBC_MCI_F_MPRAGE_Repeat,0.5,1018.8070678710938,1622782.0,10900.0,0.6716860305327518,4927.0,0.3036144103151255,12798.0,0.7886456714457025,7888.0,0.4860788448479217,28171.0,1.7359694647833164,1493458.0,10006.0,0.6699887107638782,4441.0,0.29736356830925276,11428.0,0.7652039762751949,2472.0,0.16552189616313281,25466.0,1.7051701487420472,1173129.0,5943.0,0.5065939039952128,3559.0,0.3033766959984793,7314.0,0.6234608470168242,290.0,0.02472021406000534,16533.0,1.409307927772649,21793.083984375,1769197.125,1.2318064322185127,1493.458,86.04757150042722
ADNI,ADNI-0716_S_PBA675D_MCI_F_Accelerated_Sagittal_MPRAGE,0.5,1017.0873413085938,1616791.0,11151.0,0.6896995344481754,5157.0,0.31896515999903513,13209.0,0.8169887140638462,8787.0,0.543483975356122,29054.0,1.7970164356431968,1486861.0,10435.0,0.701814090220942,4672.0,0.314219015765428,11591.0,0.7795617747724904,3433.0,0.23088910126770426,26281.0,1.7675492194630165,1169555.0,6390.0,0.5463616503712951,3381.0,0.2890843098443425,6616.0,0.5656852392576663,329.0,0.028130357272637886,16096.0,1.3762499412169586,17051.28125,1779244.25,0.9583440412973092,1486.861,85.66747656023585
ADNI,ADNI-0561_S_P7511BD_MCI_M_Accelerated_Sagittal_MPRAGE,0.5,1023.9135131835938,1579785.0,10884.0,0.6889545096326398,5068.0,0.3208031472637099,12944.0,0.8193520004304382,8186.0,0.5181717765392126,28431.0,1.7996752722680618,1423901.0,9010.0,0.632768710746042,3958.0,0.277968763277784,11488.0,0.8067976636016128,1079.0,0.07577774016592445,24081.0,1.6911990370117023,1139096.0,6144.0,0.5393750833994676,3136.0,0.27530603215181165,7842.0,0.6884406582061565,148.0,0.012992759170429885,16841.0,1.4784530891162817,55054.9453125,1726758.625,3.1883405425295037,1423.901,82.03995231672388
ADNI,ADNI-1670_S_P02A453_MCI_M_MPRAGE_Repeat,0.5,1017.9920654296875,1577481.0,8833.0,0.5599433527250091,4776.0,0.3027611743025748,12152.0,0.7703420833594826,9103.0,0.5770592482571898,25335.0,1.6060415307696259,1418466.0,6147.0,0.43335546992314233,3803.0,0.2681065319859623,10558.0,0.7443252076539022,926.0,0.06528179032842522,20144.0,1.4201256850710557,1130763.0,3495.0,0.3090833357653195,2967.0,0.2623892009200867,6758.0,0.5976495516744004,9.0,0.0007959227530437412,12979.0,1.1478090457505241,61116.328125,1739335.375,3.5137748017687502,1418.466,81.726807553962
ADNI,ADNI-1442_S_P72847F_MCI_M_Accelerated_Sagittal_MPRAGE_ND,0.5,1017.3603515625,1593613.0,10984.0,0.6892514054541473,5032.0,0.31576047635153576,12884.0,0.8084773404835427,5973.0,0.3748086894371469,28464.0,1.7861300077245856,1473877.0,10286.0,0.6978872728185594,4734.0,0.32119369526765124,12199.0,0.827681007302509,1492.0,0.1012296141401216,26797.0,1.8181300067780417,1153268.0,7435.0,0.6446896991852717,4008.0,0.3475341377719663,8967.0,0.7775295941619814,235.0,0.020376876840422175,20046.0,1.7381909495451189,23245.69140625,1789934.625,1.298689409187221,1473.877,84.91938610950905
ADNI,ADNI-1257_S_P79B868_MCI_M_MP-RAGE,0.5,1017.48095703125,1580558.0,10719.0,0.678178213010848,4836.0,0.3059678923519415,12886.0,0.8152816916557316,3646.0,0.230678026367903,27996.0,1.7712731832681876,1436350.0,8820.0,0.6140564625613534,4165.0,0.28997110732063913,11273.0,0.7848365649040971,804.0,0.055975214954572354,23867.0,1.6616423573641521,1124597.0,4457.0,0.396319748318731,3252.0,0.28917025387761125,6655.0,0.5917675398387156,232.0,0.020629612207750867,14081.0,1.2520929719712928,43914.21875,1758425.75,2.497359854403861,1436.35,82.75721802999391
ADNI,ADNI-1933_S_P3A8C62_MCI_M_Accelerated_Sagittal_MPRAGE,0.5,1018.3034057617188,1573188.0,10997.0,0.6990264354927701,5092.0,0.3236739664935151,12911.0,0.8206902162996412,7183.0,0.45658878659130375,28540.0,1.8141506291682878,1423643.0,10016.0,0.7035471673727192,4622.0,0.3246600446881697,11316.0,0.79486219508683,1531.0,0.10754100571561831,25550.0,1.7946915062273336,1134397.0,7310.0,0.644395216136855,3764.0,0.3318062371462548,7613.0,0.6711054419220079,114.0,0.010049391879562447,18419.0,1.6236820090321114,34633.72265625,1762745.5,1.9647602365883219,1423.643,82.0250873031466
ADNI,ADNI-0355_S_P649726_MCI_M_Accelerated_Sagittal_MPRAGE,0.5,1023.3217163085938,1609289.0,10757.0,0.668431835425458,4961.0,0.3082727838194383,12738.0,0.7915296755275155,2102.0,0.13061668848789745,28013.0,1.7407066101862374,1453906.0,9660.0,0.6644170943651103,4405.0,0.3029769462399908,11417.0,0.7852639716735469,461.0,0.03170768949299336,25096.0,1.7261088405990486,1110569.0,5467.0,0.49227017862014877,3455.0,0.31110178656166343,7047.0,0.6345395918668718,172.0,0.015487556378757195,15715.0,1.4150403982102868,39676.87890625,1753310.75,2.2629690091302983,1453.906,83.76873034922987
ADNI,ADNI-0357_S_P84B565_MCI_F_Accelerated_Sagittal_MPRAGE,0.5,1021.317138671875,1597870.0,11122.0,0.6960516187174175,5107.0,0.31961298478599637,13171.0,0.8242848291788443,8652.0,0.5414708330464931,28965.0,1.8127256910762453,1456144.0,10217.0,0.7016476392444704,4424.0,0.30381610609939674,11766.0,0.8080244810952764,1516.0,0.10411058246986563,26013.0,1.7864304629212495,1136247.0,6467.0,0.5691544180094644,3418.0,0.3008148756388356,7761.0,0.6830381070313056,211.0,0.018569906015153397,17358.0,1.52766079910442,34527.59375,1733949.25,1.9912689918692834,1456.144,83.8976756995631
ADNI,ADNI-1672_S_P573B4C_MCI_F_MPRAGE_repeat,0.5,1019.3109130859375,1592228.0,10927.0,0.6862710616821209,5111.0,0.320996741672675,13873.0,0.8712948145617336,5070.0,0.31842173357082026,29439.0,1.8489186222073721,1458259.0,9897.0,0.6786860221675299,4701.0,0.32237071741028167,12764.0,0.8752903290842026,783.0,0.05369416543974699,26924.0,1.846311251979244,1142905.0,7120.0,0.6229739129673945,3742.0,0.3274112896522458,8507.0,0.7443313311255091,127.0,0.011112034683547626,19048.0,1.6666302098599624,45661.0234375,1744252.75,2.6177985637402608,1458.259,84.01953424109784
ADNI,ADNI-1797_S_PED858A_MCI_F_Accelerated_Sagittal_MPRAGE_ND,0.5,1018.667236328125,1589364.0,10371.0,0.6525251610077993,4897.0,0.30811066564990774,12066.0,0.7591715931655681,7784.0,0.48975565068794813,26894.0,1.6921233902365977,1450488.0,8172.0,0.5633965948011979,4079.0,0.2812157011984932,10755.0,0.7414745933782285,683.0,0.04708760086260624,22618.0,1.5593372713183424,1182920.0,4538.0,0.38362695702160754,3116.0,0.2634159537415886,7113.0,0.6013086261116559,107.0,0.009045413045683563,14505.0,1.2262029553985054,59160.9921875,1738373.0,3.4032392465541053,1450.488,83.57179772749664
ADNI,ADNI-0725_S_P3A31C6_MCI_M_MPRAGE_Repeat,0.5,1026.63720703125,1591374.0,10679.0,0.6710553270318605,4808.0,0.3021288521742846,12607.0,0.7922084940435121,4860.0,0.30539646871194326,27651.0,1.7375550938999884,1441065.0,9256.0,0.6423027413753023,3935.0,0.27306193683144064,11140.0,0.7730393840666452,794.0,0.05509813922342157,23957.0,1.6624510344779728,1144553.0,6363.0,0.5559375581558914,3172.0,0.2771387607214345,7341.0,0.6413857636998899,80.0,0.006989628265357742,16576.0,1.4482509765821243,38002.27734375,1743343.25,2.179850545424718,1441.065,83.02887903393544
ADNI,ADNI-0135_S_P242AB9_MCI_M_Sagittal_3D_Accelerated_MPRAGE,0.5,1022.3251953125,1591851.0,11185.0,0.7026411391518428,5312.0,0.3336995736410003,14445.0,0.9074341756860409,5121.0,0.32170096321829117,30466.0,1.9138725923468967,1448890.0,10052.0,0.6937724741008634,4770.0,0.3292175389436051,13230.0,0.9131127966926407,501.0,0.03457819434187551,27597.0,1.904699459586304,1136818.0,6882.0,0.6053739472809192,3736.0,0.32863659794267863,7071.0,0.621999299799968,57.0,0.00501399520415757,17408.0,1.5312917283153504,60861.484375,1730514.0,3.5169599538056326,1448.89,83.47972682944817
ADNI,ADNI-1119_S_P3E2128_MCI_M_Accelerated_Sagittal_MPRAGE,0.5,1019.93603515625,1581012.0,10816.0,0.684118779617106,5142.0,0.3252347230761057,12830.0,0.8115055420199213,4029.0,0.25483677543244454,28329.0,1.7918270070056395,1442253.0,9409.0,0.6523820716614908,4643.0,0.32192687413373383,11625.0,0.8060305646790127,262.0,0.018166022188894737,25252.0,1.7508717263891982,1135690.0,7257.0,0.638994796115137,3745.0,0.32975547904797964,7489.0,0.6594229058986166,25.0,0.0022013049335646174,18173.0,1.6001725823067914,53312.5078125,1753084.75,3.0410684829983263,1442.253,83.097327235989
ADNI,ADNI-0427_S_P52EBF6_MCI_M_Sagittal_3D_Accelerated_0_angle_MPRAGE,0.5,1015.969970703125,1588120.0,11157.0,0.7025287761630103,5307.0,0.3341687026169307,15261.0,0.9609475354507216,6264.0,0.394428632597033,31248.0,1.9676095005415208,1452897.0,10342.0,0.7118192136125272,4949.0,0.3406297899988781,14161.0,0.9746733595017404,423.0,0.029114245538396734,28983.0,1.994842029407453,1112684.0,8387.0,0.7537629731352298,4093.0,0.36784927256975025,9451.0,0.8493876069036671,61.0,0.0054822393419874825,21546.0,1.9363988338108575,59520.12890625,1733337.0,3.4338463268395008,1452.897,83.71059547054969
ADNI,ADNI-1451_S_PFB726D_MCI_F_Accelerated_Sagittal_MPRAGE_ND,0.5,1023.4489135742188,1611344.0,11146.0,0.6917207002353315,5078.0,0.3151406527718476,12856.0,0.7978432910663396,8678.0,0.5385566334687069,28629.0,1.7767155864917734,1486885.0,10379.0,0.6980364991240076,4432.0,0.29807281666033353,11734.0,0.7891666134233649,2044.0,0.13746860046338485,26162.0,1.7595173802950466,1205780.0,6656.0,0.5520078289571896,3490.0,0.28943920118097827,8029.0,0.6658760304533164,191.0,0.015840368889847235,17913.0,1.4855943870357777,23034.439453125,1763126.375,1.3064542496634708,1486.885,85.66885935219653
ADNI,ADNI-1645_S_P1009B3_MCI_M_Sagittal_3D_Accelerated_MPRAGE,0.5,1020.7060546875,1598152.0,11167.0,0.6987445499551982,5294.0,0.33125760253092323,14722.0,0.9211889732641201,5719.0,0.3578508176944371,30706.0,1.921344152496133,1469542.0,10380.0,0.7063425203226584,4867.0,0.3311916229682445,13278.0,0.9035468193491578,751.0,0.05110435768423087,28086.0,1.911207709612927,1163483.0,7881.0,0.6773627117886553,3993.0,0.3431936693531405,8111.0,0.6971309421796451,92.0,0.007907292156395926,19652.0,1.6890663636683991,47833.68359375,1763003.25,2.7131931602366586,1469.542,84.66961931161158
ADNI,ADNI-0669_S_PC7AF7B_MCI_F_Accelerated_Sag_IR-FSPGR,0.5,1020.2814331054688,1603971.0,11203.0,0.6984540244181472,5321.0,0.33173916486021254,15455.0,0.963546099025481,6691.0,0.4171521804321898,31502.0,1.964000596020751,1476857.0,10683.0,0.723360487846826,5036.0,0.34099442261505347,14189.0,0.9607565255133029,1361.0,0.09215516465033513,29439.0,1.9933548068634948,1157214.0,8069.0,0.697278117962624,4230.0,0.36553308204014123,10174.0,0.8791805145807084,224.0,0.01935683460448975,22049.0,1.905351991939261,33021.4453125,1796900.875,1.837688754673237,1476.857,85.09108277795991
ADNI,ADNI-0074_S_P17299F_MCI_F_Accelerated_Sagittal_MPRAGE,0.5,1012.856689453125,1584418.0,11152.0,0.7038546646150196,5164.0,0.32592409326326766,13533.0,0.8541306650139042,4664.0,0.2943667643260806,29382.0,1.8544348776648587,1449426.0,10440.0,0.7202851335632174,4751.0,0.32778493003437226,12702.0,0.8763469125019145,1073.0,0.07402930539399735,27445.0,1.8935081887588603,1148814.0,6864.0,0.5974857548741571,3733.0,0.3249438116178946,8327.0,0.7248344814739375,136.0,0.011838295842494956,18599.0,1.6189740027541446,31437.353515625,1785118.625,1.7610792400771125,1449.426,83.51060918323664
ADNI,ADNI-0032_S_PCB689E_MCI_F_Accelerated_Sagittal_MPRAGE,0.5,1020.6297607421875,1585022.0,11069.0,0.6983499282659799,5165.0,0.325862984867087,13772.0,0.8688838388363063,7968.0,0.5027059561318391,29540.0,1.8636965291333498,1457636.0,10054.0,0.6897469601464289,4515.0,0.3097481126975459,12685.0,0.8702446975788194,667.0,0.04575902351478696,26840.0,1.8413376178963745,1168678.0,7447.0,0.6372157258030013,3601.0,0.3081259337473624,8732.0,0.7471690234606966,138.0,0.011808214067519026,19475.0,1.6664128185864713,70056.515625,1738487.375,4.0297396824639,1457.636,83.98363926645192
ADNI,ADNI-0362_S_P95A17B_MCI_F_Accelerated_Sagittal_MPRAGE,0.5,1022.2138671875,1612926.0,11215.0,0.6953201820790291,5127.0,0.31786951168249505,13309.0,0.8251463489335531,7405.0,0.4591035174583335,29182.0,1.8092584532706397,1473839.0,10674.0,0.7242310727291108,4596.0,0.3118386743735238,12431.0,0.8434435511612869,1347.0,0.09139397179746227,27260.0,1.849591441127559,1138782.0,7712.0,0.6772147785967815,3362.0,0.29522770820051597,8829.0,0.7753020332249719,107.0,0.009396003800551818,19590.0,1.7202590135776648,26079.875,1728307.125,1.5089838271655565,1473.839,84.91719668890465
ADNI,ADNI-0364_S_P8F29C7_MCI_F_Accelerated_Sagittal_MPRAGE,0.5,1028.9425048828125,1625284.0,10523.0,0.6474560753689818,5002.0,0.3077615973577541,13853.0,0.8523433443016728,4074.0,0.25066388397350864,28909.0,1.778704521794345,1479725.0,9239.0,0.6243727719677643,4379.0,0.29593336599706027,12308.0,0.8317761746270422,1492.0,0.10082954603051243,25498.0,1.7231580192265454,1169719.0,6041.0,0.516448822323994,3414.0,0.2918649692789465,8460.0,0.7232506268599553,131.0,0.011199270936011129,17634.0,1.5075415548520628,32602.708984375,1736409.0,1.8775938724329926,1479.725,85.25632641726094
ADNI,ADNI-1898_S_P7DB821_MCI_F_Sagittal_3D_Accelerated_MPRAGE,0.5,1028.5614013671875,1612238.0,11217.0,0.6957409513979945,5310.0,0.3293558395224527,14333.0,0.8890126643832982,13336.0,0.8271731592978208,30383.0,1.8845232527703724,1465986.0,10760.0,0.7339769956875442,5142.0,0.35075369069008844,13518.0,0.922109760939054,1370.0,0.09345246134683415,28951.0,1.974848327337369,1182092.0,7194.0,0.6085820731381314,4041.0,0.34185156485282026,10169.0,0.8602545317961716,38.0,0.003214639808069084,21072.0,1.7826023693587303,39306.37890625,1766726.125,2.224814494450859,1465.986,84.46473563610446
ADNI,ADNI-0949_S_P6B3A05_MCI_M_Accelerated_Sagittal_MPRAGE,0.5,1028.109375,1599363.0,10992.0,0.6872736208102851,5033.0,0.31468778507443274,13247.0,0.8282672539004591,2757.0,0.17238112923707752,28807.0,1.8011545846690216,1468535.0,9826.0,0.6691022004923274,4484.0,0.3053383133531036,12180.0,0.8293980054952725,396.0,0.026965649439747778,26066.0,1.7749662078193573,1158987.0,7532.0,0.6498778674825516,3266.0,0.2817978113645796,8136.0,0.7019923433136006,65.0,0.0056083459089705055,18633.0,1.6076970664899608,57342.75,1737642.375,3.3000317456001267,1468.535,84.61159966559481
ADNI,ADNI-0030_S_PCA9CC5_MCI_M_Accelerated_Sagittal_MPRAGE,0.5,1018.1453857421875,1581146.0,10989.0,0.6950022325579042,5074.0,0.3209064817543731,13826.0,0.8744290533575014,5678.0,0.3591066226648266,29432.0,1.8614346809213065,1438170.0,9403.0,0.6538170035531266,4500.0,0.3128976407517887,12704.0,0.8833448062468277,765.0,0.053192598927804084,26182.0,1.8205080067029626,1152032.0,6305.0,0.547293825171523,3642.0,0.31613705174856255,8548.0,0.741993277964501,69.0,0.005989416960639982,18164.0,1.576692314102386,52518.1875,1756618.875,2.9897314805979183,1438.17,82.86207975367866
ADNI,ADNI-0586_S_P6F4785_MCI_M_Accelerated_Sagittal_MPRAGE,0.5,1014.0947265625,1586404.0,11129.0,0.7015236976205305,5145.0,0.32431839556632486,12866.0,0.8110166136747008,6558.0,0.4133877625119453,28682.0,1.8079883812698403,1464385.0,10195.0,0.6961966969068927,4275.0,0.2919314251375151,11477.0,0.7837419804218154,951.0,0.06494193808322264,25575.0,1.7464669468753093,1163122.0,6930.0,0.5958102417459217,3324.0,0.2857825748287798,7369.0,0.633553487940216,106.0,0.00911340340910068,17355.0,1.4921048694805876,31420.791015625,1751396.625,1.7940419986606404,1464.385,84.37249188906091
ADNI,ADNI-1676_S_P2167EE_MCI_F_MPRAGE,0.5,1023.4591674804688,1584489.0,10506.0,0.6630528832954977,4767.0,0.30085409239193206,13061.0,0.8243036082926419,6942.0,0.43812232208617413,27886.0,1.7599364842545453,1418662.0,8940.0,0.6301712458640607,4149.0,0.29245866880201205,11081.0,0.7810880956845252,834.0,0.058787787365841906,23771.0,1.6755929178338462,1106111.0,5639.0,0.5098041697442662,3150.0,0.28478154543260126,6737.0,0.6090708798664871,27.0,0.0024409846751365823,15290.0,1.3823205808458645,52370.83984375,1731086.25,3.0253166093688284,1418.662,81.73810035497422
ADNI,ADNI-0521_S_P3CA01F_MCI_M_Accelerated_Sagittal_MPRAGE,0.5,1019.0536499023438,1605679.0,11083.0,0.6902375879612301,5190.0,0.3232277435278159,13634.0,0.8491111859842473,3431.0,0.21367907284083557,29442.0,1.8336168063479688,1470981.0,9887.0,0.6721364857873758,4747.0,0.3227098106637679,12416.0,0.8440625677694001,1138.0,0.07736333779974044,26613.0,1.8092007986506964,1188467.0,6527.0,0.5491948871950167,3633.0,0.3056879156089315,8252.0,0.694339851253758,200.0,0.016828401629998983,18075.0,1.520866797311158,38211.7578125,1764744.625,2.1652854056716566,1470.981,84.75252921292058
ADNI,ADNI-1019_S_P0E31E0_MCI_F_MPRAGE_Repeat,0.5,1014.7921142578125,1562926.0,10969.0,0.7018246545261899,5038.0,0.32234411610018643,12944.0,0.8281902022232659,7128.0,0.45606765771380087,28494.0,1.823118944850876,1397551.0,9492.0,0.6791880940302,4520.0,0.32342290191914286,11704.0,0.8374649655003646,1667.0,0.11928008351752457,25302.0,1.8104527133535733,1113676.0,6360.0,0.5710817149691652,3694.0,0.33169431683900885,8405.0,0.7547078324395965,174.0,0.015623933711420557,18140.0,1.6288399857768328,37535.0625,1761591.75,2.1307469508755363,1397.551,80.52176197656283
ADNI,ADNI-0031_S_PA41C32_MCI_F_Accelerated_Sagittal_MPRAGE,0.5,1015.7633056640625,1590880.0,11071.0,0.6959041536759529,5064.0,0.3183143920345972,13670.0,0.8592728552750679,3225.0,0.2027179925575782,29354.0,1.84514231117369,1454519.0,10210.0,0.701950266720476,4526.0,0.31116815937089853,12200.0,0.8387652550430761,679.0,0.04668209903067612,26541.0,1.8247269372211705,1131551.0,6764.0,0.5977636005800887,3208.0,0.2835046763247967,7329.0,0.6476950663293126,78.0,0.006893193501662762,17078.0,1.5092558797614957,32316.634765625,1790575.875,1.8048179480595874,1454.519,83.80404916055886
ADNI,ADNI-0425_S_PA055B5_MCI_M_Sagittal_3D_Accelerated_0_angle_MPRAGE,0.5,1022.6204833984375,1599923.0,9633.0,0.6020914756522657,4838.0,0.3023895524972139,13079.0,0.8174768410729767,3686.0,0.23038608733045277,27098.0,1.6937065096257757,1443919.0,6399.0,0.4431689035188262,3673.0,0.25437714996478333,10653.0,0.7377837676490163,741.0,0.051318668152437914,20386.0,1.4118520498726037,1121553.0,3403.0,0.30341856336704554,2653.0,0.23654700223707664,6163.0,0.5495059083253311,146.0,0.013017663899967278,12032.0,1.0727981646877143,45189.58203125,1767856.625,2.556179126304997,1443.919,83.19331604459273
ADNI,ADNI-1867_S_P50E2B4_MCI_M_Accelerated_Sagittal_MPRAGE,0.5,1019.2337646484375,1617942.0,10909.0,0.6742516109971803,4951.0,0.30600602493785317,13627.0,0.8422427998037012,6212.0,0.38394454189334354,29046.0,1.7952435872237695,1486537.0,9984.0,0.6716280859474066,4390.0,0.29531723731060844,12400.0,0.8341534721301925,2495.0,0.16783975104555082,26371.0,1.7739888075439765,1171876.0,6847.0,0.5842768347504343,3062.0,0.2612904436988214,7727.0,0.659370104004178,402.0,0.03430397072727832,17364.0,1.4817267355931856,20525.51171875,1798910.0,1.140997143756497,1486.537,85.64880886876671
ADNI,ADNI-0823_S_P3AD1A9_MCI_F_Accelerated_Sagittal_MPRAGE_Phase_A-P,0.5,1027.380859375,1590957.0,10861.0,0.6826708704257878,5043.0,0.3169790258316221,13176.0,0.8281807742132565,3535.0,0.22219330880721477,28614.0,1.798540123963124,1450701.0,9170.0,0.632108201483283,4300.0,0.29640842599543255,11829.0,0.8153989002558074,657.0,0.045288450204418414,24865.0,1.7139989563666118,1161951.0,6158.0,0.5299707130507225,3494.0,0.30070114832725303,8157.0,0.7020089487422447,97.0,0.008348028445261462,17467.0,1.5032475551895046,45078.31640625,1764668.75,2.554491680449943,1450.701,83.58407000614766
ADNI,ADNI-1478_S_PF5A944_MCI_F_Sagittal_3D_Accelerated_MPRAGE,0.5,1015.7978515625,1626091.0,11231.0,0.6906747531349722,5276.0,0.32445908623810105,14241.0,0.8757812447150867,6910.0,0.4249454673815918,30276.0,1.8618884182988529,1504144.0,10713.0,0.7122323394568605,4848.0,0.32230956610537287,12143.0,0.807303024178536,993.0,0.06601761533470199,27256.0,1.8120605473943983,1151110.0,7556.0,0.656409900009556,3910.0,0.3396721425406781,7264.0,0.6310430801574133,173.0,0.015028972035687293,18408.0,1.599152122733709,27810.7578125,1747170.125,1.5917601505749188,1504.144,86.6632596209191
ADNI,ADNI-1479_S_PA7842C_MCI_F_Sagittal_3D_Accelerated_MPRAGE,0.5,1011.2075805664062,1616799.0,10932.0,0.6761508387870107,5197.0,0.3214376060351349,14511.0,0.897514162242802,2887.0,0.17856270321790155,30172.0,1.8661565228578196,1460196.0,10025.0,0.6865516684061591,4813.0,0.32961328479190466,12816.0,0.8776903922487119,717.0,0.04910299713189189,27221.0,1.8642017920881853,1096746.0,6258.0,0.57059702064106,3261.0,0.2973341138239848,6386.0,0.5822679088868343,168.0,0.015318040822578791,15682.0,1.4298661677361941,23948.669921875,1793109.875,1.3355941125400919,1460.196,84.1311370755909
ADNI,ADNI-1715_S_P948967_MCI_M_Accelerated_Sag_IR-FSPGR,0.5,1019.395751953125,1560513.0,10846.0,0.6950278530201286,5126.0,0.32848172363831635,14203.0,0.910149418812916,9602.0,0.6153104780286995,29710.0,1.903861102086301,1408848.0,8875.0,0.6299473044643568,4332.0,0.3074852645565739,12576.0,0.8926442029232394,965.0,0.06849567873894133,25399.0,1.8028204604045293,1119188.0,5739.0,0.5127824815848633,3528.0,0.31522854069200174,7228.0,0.6458253662476724,164.0,0.014653480916521619,16235.0,1.450605260242247,43168.6484375,1779875.25,2.425374949030838,1408.848,81.17265367572031
ADNI,ADNI-1581_S_P3D60F1_MCI_M_Accelerated_Sag_IR-FSPGR,0.5,1017.3162841796875,1560631.0,10848.0,0.6951034549486714,5240.0,0.3357616246249113,14922.0,0.956151710429948,11816.0,0.7571296481999908,30540.0,1.9569007664207618,1423654.0,9503.0,0.6675076949876866,4596.0,0.3228312497278131,13639.0,0.9580277230282076,772.0,0.05422665900562918,27344.0,1.9206914039506788,1128888.0,5709.0,0.5057189021408678,3050.0,0.2701773780924237,8224.0,0.728504510633473,80.0,0.007086619753243899,16722.0,1.4812806939218062,58793.4453125,1753619.25,3.3526916012412618,1423.654,82.02572108279524
ADNI,ADNI-1774_S_P2015E6_MCI_F_Accelerated_Sagittal_MPRAGE,0.5,1019.3720703125,1598625.0,11085.0,0.6934083978418955,5074.0,0.3173977637031824,13111.0,0.8201423097974823,4247.0,0.2656658065525061,28805.0,1.8018609742747673,1461478.0,10380.0,0.7102399078193445,4692.0,0.32104486006631644,11832.0,0.8095913862541891,1067.0,0.07300828339530256,26464.0,1.8107696455232307,1122948.0,6470.0,0.5761620306550258,2720.0,0.24221958630319482,7271.0,0.647492136768577,210.0,0.01870077688370254,16202.0,1.4428094622368979,26257.8203125,1764756.375,1.4879005784863648,1461.478,84.20500121282379
ADNI,ADNI-1796_S_P193714_MCI_M_Accelerated_Sagittal_MPRAGE,0.5,1018.2042236328125,1577719.0,11130.0,0.7054488156636258,5113.0,0.32407545323343384,13565.0,0.8597855511659555,9698.0,0.6146848710068143,29354.0,1.8605341001788025,1446594.0,10209.0,0.7057266931841276,4361.0,0.3014667557033971,12072.0,0.8345119639650102,1999.0,0.13818666467578325,26273.0,1.816197219122988,1164310.0,7652.0,0.65721328512166,3587.0,0.3080794633731566,8649.0,0.7428434008124983,289.0,0.024821568139069494,19608.0,1.684087571179497,25457.0546875,1767245.5,1.4404933942397928,1446.594,83.34743973187663
ADNI,ADNI-0473_S_P738524_MCI_M_Accelerated_Sag_IR-FSPGR,0.5,1016.876708984375,1600072.0,11128.0,0.6954687039083242,5280.0,0.32998515066821993,15557.0,0.9722687479063442,2115.0,0.13218155183016764,31488.0,1.9679114439850205,1450333.0,10290.0,0.7094922338525015,4912.0,0.33868084088274897,14282.0,0.9847393667523251,427.0,0.029441514465988153,29012.0,2.0003681913050313,1100159.0,7296.0,0.6631768680708879,3760.0,0.3417687806944269,8659.0,0.7870680510726177,51.0,0.0046356935679297264,19352.0,1.7590184691485502,42762.48046875,1783198.625,2.3980772455311867,1450.333,83.56286719608393
ADNI,ADNI-0892_S_P6FA58D_MCI_M_Accelerated_Sagittal_MPRAGE,0.5,1021.6011962890625,1576489.0,11097.0,0.7039059581132503,5142.0,0.32616783244285247,13538.0,0.8587437019858686,8677.0,0.5504002882354396,29322.0,1.8599558893211434,1441906.0,10210.0,0.7080905412696805,4534.0,0.3144449083366045,12204.0,0.8463797223952185,1627.0,0.11283675912299414,26569.0,1.84263051821686,1153346.0,6881.0,0.5966119447243066,3642.0,0.3157768787510426,7858.0,0.681321997041651,125.0,0.010838031258616234,18134.0,1.5722948707499744,36271.7734375,1759513.75,2.0614657565193792,1441.906,83.07733436889086
ADNI,ADNI-0333_S_P5C7DE0_MCI_F_MPRAGE,0.5,1020.07177734375,1594579.0,11159.0,0.6998085388055405,5059.0,0.3172624247528658,12630.0,0.7920585935221774,6179.0,0.3875003997920454,28400.0,1.7810343670649118,1457933.0,10425.0,0.7150534352401654,4395.0,0.30145418205088986,11350.0,0.778499423498885,1692.0,0.11605471582027432,25766.0,1.7672965767288347,1141018.0,6538.0,0.5729970955760557,3594.0,0.314981884597789,7338.0,0.643109924646237,174.0,0.015249540322764408,17144.0,1.502517926973983,25706.705078125,1754332.25,1.465327054104204,1457.933,84.0007513169653
ADNI,ADNI-0011_S_P996D90_MCI_M_MPRAGE,0.5,1018.4583740234375,1588135.0,10052.0,0.632943672924531,5058.0,0.3184867785169397,14011.0,0.8822297852512537,2509.0,0.15798405047429848,28665.0,1.8049473124136173,1428966.0,8230.0,0.5759409251164829,4405.0,0.30826485724642855,12876.0,0.9010711241555083,281.0,0.019664568646139937,25100.0,1.7565148505982648,1110777.0,6074.0,0.5468244301061329,3465.0,0.3119438015011114,8782.0,0.7906177387540434,11.0,0.0009902977825432108,17969.0,1.617696441319905,68083.9765625,1760606.75,3.8670746072341258,1428.966,82.33177903675865
ADNI,ADNI-0618_S_P875679_MCI_M_MPRAGE,0.5,1015.3033447265625,1585984.0,10482.0,0.6609146120011299,5079.0,0.3202428271659739,12839.0,0.8095289738105808,5886.0,0.3711260643234736,27951.0,1.7623759129978613,1442859.0,7845.0,0.5437121714595813,4534.0,0.31423721929862863,11886.0,0.8237811179054918,463.0,0.0320890676081308,23881.0,1.655116681532984,1161770.0,3733.0,0.32132005474405434,3023.0,0.2602064091859835,8694.0,0.7483408936364341,5.0,0.00043037778562021744,15215.0,1.3096396016423217,56340.95703125,1725802.75,3.264623203969863,1442.859,83.13224273299612
ADNI,ADNI-1850_S_PDBC760_MCI_F_Accelerated_Sagittal_MPRAGE,0.5,1024.77294921875,1588583.0,10764.0,0.6775849924114762,5062.0,0.3186487580441186,13176.0,0.8294184188046831,9293.0,0.5849867460497815,28560.0,1.797828630924541,1449593.0,9040.0,0.6236233204768511,4672.0,0.3222973620871514,11991.0,0.8271977030794161,408.0,0.02814583127815877,25299.0,1.7452484938875947,1169562.0,5901.0,0.5045478563770027,3725.0,0.3184952999498958,8643.0,0.7389945979777044,98.0,0.008379205206735513,17966.0,1.5361306198388798,64456.62109375,1736545.75,3.711772125424856,1449.593,83.5202311106297
ADNI,ADNI-1868_S_PF5077F_MCI_M_Accelerated_Sagittal_MPRAGE,0.5,1017.8677978515625,1593689.0,10722.0,0.6727786914510924,5031.0,0.3156826708347739,12954.0,0.8128311107123158,5978.0,0.3751045530213235,28251.0,1.7726796131491152,1457027.0,8992.0,0.6171471084612707,4431.0,0.30411241521262133,11746.0,0.8061621370091289,227.0,0.015579670109064553,24749.0,1.6985958393358531,1179828.0,6132.0,0.5197367751909601,3510.0,0.29750099166997224,8325.0,0.705611326396729,4.0,0.0003390324691395695,17656.0,1.4964893187820598,60315.58984375,1748503.375,3.4495552428516185,1457.027,83.9485509204497
ADNI,ADNI-0368_S_P7EB75A_MCI_M_Accelerated_Sagittal_MPRAGE,0.5,1012.522216796875,1598994.0,10970.0,0.6860563579350516,4951.0,0.30963218123395087,13217.0,0.8265822135667801,2982.0,0.1864922570065929,28686.0,1.7940029793732808,1455109.0,9599.0,0.659675666908802,4259.0,0.2926928498140002,11828.0,0.8128600675275873,599.0,0.041165301018686574,25302.0,1.7388388086390778,1138326.0,6413.0,0.5633711256705022,3204.0,0.28146594209391684,7192.0,0.6318049486702403,119.0,0.010453947287508147,16565.0,1.4552070320804409,37086.9453125,1755979.375,2.1120376378281778,1455.109,83.83804279625886
ADNI,ADNI-1869_S_PFABAE5_MCI_F_Accelerated_Sagittal_MPRAGE,0.5,1018.806396484375,1587926.0,10530.0,0.6631291382595914,5052.0,0.31815084582027126,13500.0,0.8501655618712711,6144.0,0.38691979349163624,28636.0,1.8033585947959792,1443691.0,8450.0,0.5853053042513945,4204.0,0.2911980472275577,11797.0,0.8171416182548759,908.0,0.06289434511955813,24111.0,1.6700942237639496,1166021.0,5313.0,0.4556521709300261,3268.0,0.28026939480506785,7171.0,0.614997500045025,45.0,0.0038592786922362465,15531.0,1.331965719313803,56404.55078125,1735259.375,3.2504968187392738,1443.691,83.18017952096629
ADNI,ADNI-1647_S_PA5B398_MCI_M_MP-RAGE_REPEAT,0.5,1018.8525390625,1601841.0,10391.0,0.6486910998032889,4939.0,0.3083327246586896,13628.0,0.8507710815243211,4787.0,0.2988436430332349,28523.0,1.7806386526502942,1455471.0,8795.0,0.6042717443356824,4312.0,0.29626148511375355,12424.0,0.8536068392980692,1083.0,0.07440890268511018,25157.0,1.728443919528455,1145989.0,5110.0,0.44590305840631983,3010.0,0.2626552261845445,7419.0,0.647388412977786,95.0,0.008289782886223167,15343.0,1.3388435665612848,32138.318359375,1790653.25,1.79478178476905,1455.471,83.85889990833242
ADNI,ADNI-0067_S_P63B1E4_MCI_M_Accelerated_Sagittal_MPRAGE,0.5,1015.2118530273438,1607375.0,10761.0,0.6694766311532778,5060.0,0.3147989734816082,13402.0,0.8337817870752002,5183.0,0.3224512014931177,28764.0,1.7895015164476242,1473979.0,8876.0,0.6021795425850708,4211.0,0.28568928051213754,12193.0,0.8272166699796943,355.0,0.02408446796053404,24882.0,1.6880837515324167,1168218.0,5687.0,0.4868098248785757,3428.0,0.29343838221975693,7136.0,0.6108448936756666,37.0,0.0031672170776344826,15995.0,1.369179382615231,65743.4609375,1726728.0,3.8074011041403164,1473.979,84.92526297534194
ADNI,ADNI-1124_S_PF865B3_MCI_F_Accelerated_Sagittal_MPRAGE,0.5,1015.1190185546875,1629238.0,11229.0,0.6892179043209157,5238.0,0.3214999895656742,13672.0,0.8391653030435088,10245.0,0.6288215718022782,29671.0,1.8211581119517224,1504978.0,10771.0,0.715691525058838,4827.0,0.32073558550357545,12640.0,0.8398793869412045,1877.0,0.12471943111460766,27797.0,1.847003743576318,1180353.0,8334.0,0.70605996680654,4230.0,0.3583673697614188,8480.0,0.7184291478905039,140.0,0.01186085857366398,20653.0,1.749730800870587,30084.84375,1803282.5,1.668337808967813,1504.978,86.71131164155267
ADNI,ADNI-0641_S_PEBB55F_MCI_M_Accelerated_Sagittal_IR-FSPGR,0.5,1019.437744140625,1554600.0,10664.0,0.6859642351730348,5222.0,0.3359063424675158,14438.0,0.9287276469831468,11637.0,0.7485526823620224,29854.0,1.9203653672970538,1393932.0,8652.0,0.6206902488787114,4771.0,0.3422692068192709,12990.0,0.9318962474496604,692.0,0.04964374158854234,25971.0,1.8631468393006259,1112799.0,5193.0,0.4666610951303874,3794.0,0.34094207489402845,7986.0,0.7176498181612313,89.0,0.007997850465358076,16656.0,1.4967662623708324,54424.1328125,1755072.625,3.1009618654669633,1393.932,80.31324847215893
ADNI,ADNI-1689_S_P8C8B78_MCI_M_Accelerated_Sag_IR-FSPGR,0.5,1024.54833984375,1546420.0,11196.0,0.7239947750287762,5269.0,0.3407224428033781,13761.0,0.8898617451921211,11480.0,0.7423597728948151,29755.0,1.924121519380246,1408098.0,10488.0,0.7448345214608642,4585.0,0.3256165408941707,12061.0,0.8565454961231391,1711.0,0.12151142889202315,26751.0,1.899796747101409,1114430.0,6451.0,0.5788609423651553,3210.0,0.2880396256382186,6931.0,0.6219322882549824,127.0,0.011395960266683417,16383.0,1.4700788744021607,36063.73828125,1763164.0,2.045398969196853,1408.098,81.12944142694913
ADNI,ADNI-0313_S_P1313B8_MCI_F_Accelerated_Sagittal_MPRAGE,0.5,1019.107666015625,1581657.0,10952.0,0.692438373174462,5008.0,0.31662996465099574,12696.0,0.8027024822701762,2706.0,0.1710863986313088,28192.0,1.782434497492187,1440293.0,9758.0,0.6775010362474857,4501.0,0.31250585818302246,11562.0,0.8027533286629872,604.0,0.04193591165130984,25383.0,1.7623497441145657,1134216.0,6078.0,0.5358767642142237,3670.0,0.323571524295196,8442.0,0.7443026725068241,81.0,0.007141496857741382,17835.0,1.5724518081212044,35803.515625,1762549.5,2.0313480912167288,1440.293,82.98439922586697
ADNI,ADNI-1695_S_P0AF8F0_MCI_F_Accelerated_Sag_IR-FSPGR,0.5,1013.9623413085938,1595054.0,11098.0,0.6957758169942836,5192.0,0.3255062211059939,15339.0,0.9616602321927659,8312.0,0.5211108840202275,31153.0,1.9531000204381797,1456801.0,10077.0,0.6917211067263134,4527.0,0.3107493748288201,14008.0,0.9615589225982135,2775.0,0.1904858659487466,28163.0,1.9332084478250633,1123840.0,5900.0,0.5249857630979499,2331.0,0.2074138667425968,8608.0,0.7659453302961275,476.0,0.042354783599088834,16590.0,1.4761887813211845,20075.51953125,1800657.625,1.1148993152571134,1456.801,83.93552962948667
ADNI,ADNI-1775_S_P713486_MCI_F_Accelerated_Sagittal_MPRAGE,0.5,1026.5787353515625,1615141.0,11126.0,0.6888562670379862,5135.0,0.317928899086829,13184.0,0.81627548306928,4254.0,0.26338257774398643,28986.0,1.7946420776885734,1487350.0,10481.0,0.7046761017917773,4821.0,0.3241335260698558,12220.0,0.821595455003866,1113.0,0.0748310754025616,27078.0,1.8205533331092212,1165573.0,5632.0,0.48319581870890965,3423.0,0.2936752996165834,7127.0,0.6114589133413351,95.0,0.008150497652227702,15905.0,1.3645648964071748,26410.38671875,1773629.75,1.4890586222265385,1487.35,85.69565094643468
ADNI,ADNI-0719_S_P9D6A53_MCI_M_MPRAGE_Repeat,0.5,1023.3009643554688,1579678.0,9328.0,0.590500089258697,4901.0,0.3102531022145019,12593.0,0.7971877813073297,7119.0,0.45066146391859613,26394.0,1.6708468434706314,1433897.0,6891.0,0.4805784515903164,3935.0,0.274426963721941,10756.0,0.7501236141787032,604.0,0.04212296978095358,21231.0,1.480650283806996,1155777.0,4103.0,0.3549992775422941,3054.0,0.26423782442460786,7010.0,0.6065183854670927,4.0,0.0003460875238043325,13899.0,1.2025676233391043,55415.140625,1748324.75,3.1696136901911385,1433.897,82.61588516834628
ADNI,ADNI-1709_S_P214546_MCI_M_Accelerated_Sag_IR-FSPGR,0.5,1020.159912109375,1597611.0,11127.0,0.6964774278594728,5158.0,0.32285706595660646,14453.0,0.9046632753530114,5742.0,0.35941164651470225,30269.0,1.8946414364948663,1454311.0,10428.0,0.7170405779781629,4811.0,0.33080957236794606,12926.0,0.8888057643791459,1902.0,0.1307835806784106,27728.0,1.906607321267597,1114014.0,7223.0,0.6483760527246516,3458.0,0.3104090253802914,7136.0,0.6405664560768536,256.0,0.022979962549842282,17528.0,1.5734093108345135,21900.1484375,1831746.5,1.1955883872304383,1454.311,83.79206496356632
ADNI,ADNI-0838_S_PC221B8_MCI_F_Accelerated_Sagittal_MPRAGE_Phase_A-P,0.5,1023.3082275390625,1613644.0,10971.0,0.6798897402401025,5079.0,0.3147534400400584,14034.0,0.8697085602524474,3826.0,0.23710310328672246,29636.0,1.8365884916375605,1472362.0,9522.0,0.646715957081207,4144.0,0.28145252322458747,12412.0,0.842999208075188,803.0,0.054538218182756684,25746.0,1.7486188858446499,1178887.0,6525.0,0.5534881629876315,3291.0,0.2791616159988192,7061.0,0.5989547768361174,41.0,0.00347785665632075,16696.0,1.4162510910714938,30901.451171875,1747686.875,1.7681343044860367,1472.362,84.83209736699125
ADNI,ADNI-1799_S_PDFE1A1_MCI_F_Accelerated_Sagittal_MPRAGE,0.5,1024.090576171875,1608431.0,9710.0,0.6036939104008814,4716.0,0.2932049929403251,12580.0,0.7821286707356424,2108.0,0.13105939888002655,26582.0,1.6526664805639781,1464786.0,7777.0,0.5309307980824503,3899.0,0.26618222730146246,10571.0,0.7216753846636983,626.0,0.04273661818176853,21906.0,1.4955085589294272,1175048.0,4411.0,0.37538892028240545,2797.0,0.23803282929718617,6596.0,0.5613387708417018,108.0,0.009191113894921738,13556.0,1.1536549996255472,53559.9296875,1761566.875,3.0404709833965287,1464.786,84.39559603807056
ADNI,ADNI-0276_S_P56FE34_MCI_M_Accelerated_Sagittal_MPRAGE,0.5,1018.5577392578125,1570663.0,10115.0,0.6439955611101809,4877.0,0.31050581824363344,12418.0,0.7906215400757515,8071.0,0.5138594338823796,26968.0,1.7169819369272723,1420465.0,7864.0,0.5536215253455734,4045.0,0.28476590412294567,10739.0,0.7560200356925373,1052.0,0.07406025491652382,22258.0,1.5669516672357293,1163268.0,5375.0,0.4620603334743154,3074.0,0.2642555283907062,7252.0,0.6234161001592066,155.0,0.013324530546701189,15398.0,1.3236846539232576,46675.328125,1736800.125,2.6874323333549968,1420.465,81.84198260102016
ADNI,ADNI-1811_S_P081F5A_MCI_M_Accelerated_Sagittal_MPRAGE,0.5,1017.1212158203125,1557795.0,10882.0,0.6985514782111896,5043.0,0.3237268061587051,12502.0,0.8025446223668711,8830.0,0.5668268289473262,27975.0,1.7958075356513534,1414007.0,9291.0,0.6570688829687548,4479.0,0.3167593936946564,11318.0,0.8004203656700426,1408.0,0.09957517890646933,24679.0,1.7453237501653105,1121039.0,5918.0,0.5279031327188438,3367.0,0.30034637510380996,8233.0,0.7344079911582023,115.0,0.01025834070001133,17215.0,1.5356290013103915,39156.171875,1755158.375,2.230919581544885,1414.007,81.46989633093438
ADNI,ADNI-2069_S_P9DDD46_MCI_M_Accelerated_Sagittal_MPRAGE,0.5,1028.0079345703125,1594685.0,10979.0,0.6884745263171096,5112.0,0.3205648764489539,13542.0,0.8491959227057382,6199.0,0.38872880851077174,29176.0,1.8295776281836225,1461016.0,9696.0,0.663647762926621,4407.0,0.3016394070975266,11955.0,0.8182661928411461,1147.0,0.07850701155907944,25668.0,1.7568596100248048,1211893.0,6762.0,0.5579700518115048,3593.0,0.2964783194555955,8106.0,0.668870931674661,71.0,0.005858603028485188,18185.0,1.5005450151127202,36826.671875,1805304.25,2.039914982474561,1461.016,84.17838246758073
ADNI,ADNI-1128_S_P78DFE7_MCI_F_Accelerated_Sagittal_MPRAGE,0.5,1013.8115234375,1596032.0,11155.0,0.6989208236426337,5217.0,0.3268731454005935,14085.0,0.8825011027347822,4931.0,0.3089537051888684,29982.0,1.8785337637340602,1457634.0,10385.0,0.7124559388708003,4856.0,0.3331426133034767,13150.0,0.9021469038181053,2223.0,0.15250741955799604,27925.0,1.915775839476851,1146497.0,7530.0,0.6567832275182578,4033.0,0.35176716554862336,9432.0,0.8226798674571325,615.0,0.05364165802439954,20624.0,1.7988708212930342,26009.9765625,1828723.375,1.422302406043232,1457.634,83.98352403378853
ADNI,ADNI-0148_S_P43E632_MCI_F_Sagittal_3D_Accelerated_MPRAGE,0.5,1017.3458251953125,1628243.0,10802.0,0.6634144903432718,5300.0,0.32550423984626375,15535.0,0.9540959181154165,4352.0,0.2672819720397999,31163.0,1.91390351440172,1486193.0,9234.0,0.6213190346072145,4818.0,0.32418400571123673,14158.0,0.9526353575881463,881.0,0.05927897655284341,27790.0,1.8698782728757302,1162804.0,6127.0,0.5269159720812794,3975.0,0.3418460892807386,8986.0,0.7727871593148974,73.0,0.006277928180501615,18770.0,1.6142015335344564,44446.08203125,1768063.5,2.513828379537839,1486.193,85.62898885066366
ADNI,ADNI-1727_S_PD602D1_MCI_M_MPRAGE_3dtfe,0.5,1006.7072143554688,1588714.0,11148.0,0.7016996136497822,5059.0,0.31843365136833945,13752.0,0.8656057666766958,3067.0,0.1930492209422212,29496.0,1.8565959637795098,1435016.0,10450.0,0.7282148770466671,4636.0,0.32306259999888504,11753.0,0.8190152583664573,675.0,0.04703780306282299,26414.0,1.8406763408909725,1070438.0,6795.0,0.6347868816316312,3707.0,0.3463068388827751,6635.0,0.6198397291575971,110.0,0.01027616732589837,16833.0,1.5725338599713388,32738.486328125,1778504.75,1.8407871178373294,1435.016,82.68035784351288
ADNI,ADNI-1130_S_P8A181D_MCI_F_Accelerated_Sagittal_MPRAGE,0.5,1017.8065185546875,1592677.0,11162.0,0.7008326233128249,5116.0,0.32122018463254004,13410.0,0.8419786309465133,8731.0,0.548196526979419,29235.0,1.8355887603073315,1452876.0,10463.0,0.7201578111277218,4404.0,0.3031229093191711,11929.0,0.8210611229038128,2486.0,0.17110889022876008,26422.0,1.8185997979180604,1168586.0,7006.0,0.5995279765460138,3556.0,0.3042993840419105,7703.0,0.65917270958235,248.0,0.021222229258265973,18008.0,1.5410076793663452,21688.296875,1761998.75,1.230891728782441,1452.876,83.7093855275841
ADNI,ADNI-0891_S_P223C27_MCI_F_Accelerated_Sagittal_MPRAGE,0.5,1022.9427490234375,1601415.0,10698.0,0.668034207247965,5164.0,0.32246482017465805,14212.0,0.8874651480097289,4451.0,0.2779416953132074,29602.0,1.848490241442724,1466125.0,8605.0,0.5869213061642083,4485.0,0.3059084320913974,13316.0,0.9082445221246482,316.0,0.021553414613351522,25963.0,1.7708585557166,1148913.0,5654.0,0.4921173317735982,3673.0,0.3196934841889682,9674.0,0.8420132768973804,7.0,0.0006092715462354417,18656.0,1.6237957095097715,74139.3515625,1754731.625,4.225110581368818,1466.125,84.47274430621006
ADNI,ADNI-1131_S_P779760_MCI_M_Accelerated_Sagittal_MPRAGE,0.5,1012.1908569335938,1604735.0,11171.0,0.6961273979815983,5201.0,0.3241033566289761,14130.0,0.8805192134526885,6966.0,0.4340903638295419,30044.0,1.8722094302174503,1477589.0,10748.0,0.7274011920770931,4805.0,0.3251919173735051,13391.0,0.9062736660871189,1580.0,0.10693095305934196,28513.0,1.92969763581077,1168803.0,7937.0,0.6790708100509667,3950.0,0.3379525891018418,8992.0,0.7693340965072815,110.0,0.009411337924355088,20533.0,1.7567545600071184,28355.654296875,1782729.625,1.5905751438261424,1477.589,85.13325793276059
ADNI,ADNI-1800_S_P5C7ECC_MCI_F_Accelerated_Sagittal_MPRAGE_ND,0.5,1013.6697387695312,1586900.0,11051.0,0.6963891864641755,4917.0,0.3098493918961497,12456.0,0.7849265864263658,4785.0,0.30153128741571616,27976.0,1.762934022307644,1456353.0,10349.0,0.7106106829868858,4394.0,0.301712565566178,10891.0,0.747826934815941,1437.0,0.09867113261688616,25228.0,1.732272326832849,1160632.0,6643.0,0.572360575962062,3300.0,0.28432784896504665,7183.0,0.6188869512472515,176.0,0.015164151944802487,16830.0,1.4500720297217378,34095.22265625,1761749.125,1.9353052130081232,1456.353,83.90971751288734
ADNI,ADNI-0895_S_P3CA69B_MCI_M_Accelerated_Sagittal_MPRAGE,0.5,1014.3804931640625,1609049.0,10728.0,0.6667292295014011,5122.0,0.31832467500989714,13431.0,0.8347166556145899,6361.0,0.39532668054235764,28824.0,1.7913686904500732,1474695.0,9227.0,0.6256887017315446,4629.0,0.3138954156622217,12673.0,0.859364139703464,961.0,0.065166017379865,26103.0,1.7700609278528778,1185883.0,6221.0,0.5245880074172579,3715.0,0.3132686782760188,8729.0,0.736075987260126,68.0,0.005734123855388769,18320.0,1.544840426922386,60415.57421875,1712389.25,3.5281449132403746,1474.695,84.9665162688355
ADNI,ADNI-0844_S_PE2A07A_MCI_F_Accelerated_Sagittal_MPRAGE_Phase_A-P,0.5,1015.23046875,1614817.0,11052.0,0.6844119178829552,5049.0,0.312667008088223,13411.0,0.8304965825848998,2055.0,0.12725900210364394,29059.0,1.799522794223742,1486724.0,9916.0,0.6669697939900076,4425.0,0.29763426163834045,12482.0,0.8395640347502293,440.0,0.02959527121375588,26424.0,1.7773305603461031,1171852.0,6783.0,0.5788273604516612,3175.0,0.27093865095592273,8401.0,0.7168994036789629,22.0,0.001877370179852063,18083.0,1.543112952830221,45216.54296875,1759394.375,2.570006111833227,1486.724,85.65958312279366
ADNI,ADNI-1072_S_P3F63FF_MCI_F_Accelerated_Sagittal_MPRAGE,0.5,1013.817626953125,1598621.0,10637.0,0.665385979541117,5036.0,0.31502150916321003,13451.0,0.841412692564404,4557.0,0.2850581845227856,28673.0,1.793608366210628,1445944.0,8567.0,0.5924849095124016,4275.0,0.29565460349778416,12063.0,0.8342646741505896,909.0,0.062865505164792,24510.0,1.6950863933872957,1150574.0,5702.0,0.4955787285302814,3511.0,0.3051520371571059,7941.0,0.6901772506592362,152.0,0.013210797393301082,16883.0,1.4673545552046197,41800.2734375,1756265.125,2.3800662464045685,1445.944,83.30998911627493
ADNI,ADNI-1414_S_P56C6B9_MCI_M_MPRAGE_Repeat,0.5,1020.4283447265625,1577141.0,10867.0,0.6890316084611331,5005.0,0.31734638817962374,12380.0,0.7849646924403082,8143.0,0.5163140137755597,27839.0,1.7651560640424668,1420804.0,9380.0,0.6601895827995979,4506.0,0.3171443774088474,11173.0,0.7863857365266427,936.0,0.06587819291049293,24691.0,1.7378188687531846,1145315.0,5798.0,0.5062362756097667,3595.0,0.31388744581185085,7450.0,0.6504760699021667,34.0,0.002968615621030022,16581.0,1.4477239885970237,47313.421875,1739053.75,2.72064172110839,1420.804,81.86151453746473
ADNI,ADNI-1073_S_P46EAC0_MCI_F_Accelerated_Sagittal_MPRAGE,0.5,1022.6302490234375,1586377.0,10149.0,0.6397596536006258,4872.0,0.30711489135306425,13195.0,0.8317694974145491,6489.0,0.4090452647762795,27774.0,1.7507818128981951,1437317.0,7280.0,0.5064992621669403,3705.0,0.25777194592424635,11332.0,0.7884134119334844,1625.0,0.1130578710194063,21970.0,1.5285424161823733,1165814.0,4299.0,0.3687552216734402,2892.0,0.2480670158361454,7907.0,0.6782385526336105,182.0,0.015611409710296842,14848.0,1.2736165460356454,33697.3046875,1769641.875,1.9041878000033197,1437.317,82.8129330227429
ADNI,ADNI-0431_S_P55A8D5_MCI_F_Sagittal_3D_Accelerated_0_angle_MPRAGE,0.5,1018.45654296875,1682189.0,11254.0,0.6690092492579609,5321.0,0.31631404081229875,15248.0,0.9064379805122967,14962.0,0.8894363237424571,31346.0,1.8634053605153762,1589367.0,10985.0,0.6911556613419053,5115.0,0.32182623648282616,13769.0,0.8663197360961942,7201.0,0.45307345628794354,29395.0,1.8494784401588809,1232049.0,8900.0,0.7223738666238112,4434.0,0.3598882836640426,9518.0,0.7725342092725208,2012.0,0.1633051932187762,22435.0,1.8209503031129444,15640.568359375,1818918.5,0.8598828567291498,1589.367,91.57349625695501
ADNI,ADNI-0896_S_PF7B105_MCI_F_Accelerated_Sagittal_MPRAGE,0.5,1017.0206298828125,1586068.0,10564.0,0.6660496271282189,5024.0,0.31675817178078114,12588.0,0.7936608014284381,6009.0,0.3788614359535657,27735.0,1.7486639917077957,1440687.0,8526.0,0.5918009949419964,4128.0,0.286529967994436,10914.0,0.7575552496829637,520.0,0.03609389131712856,23202.0,1.6104816660384942,1149122.0,5168.0,0.4497346669892318,3241.0,0.2820414194489358,7321.0,0.6370951039141187,53.0,0.0046122169795722295,15481.0,1.3472024728444847,64206.71484375,1715975.25,3.741704016054427,1440.687,83.00710006055476
ADNI,ADNI-0893_S_P73CF14_MCI_M_Accelerated_Sagittal_MPRAGE,0.5,1016.3401489257812,1583506.0,11113.0,0.7017971513843332,5101.0,0.32213329156946674,13189.0,0.8328986438952551,7056.0,0.445593512118047,28936.0,1.8273375661348932,1441970.0,10454.0,0.7249804087463678,4675.0,0.32420924152374875,11710.0,0.8120834691429086,1673.0,0.11602183124475543,26410.0,1.8315221537202577,1130274.0,7824.0,0.692221532124069,3801.0,0.33629013849739087,7341.0,0.6494885310995387,134.0,0.011855532375335537,18662.0,1.6511040685709837,24134.685546875,1763428.625,1.368622761631478,1441.97,83.08102181411934
ADNI,ADNI-0593_S_P136F21_MCI_M_MPRAGE,0.5,1015.25732421875,1588385.0,10049.0,0.6326551812060678,4869.0,0.30653777264328236,12401.0,0.7807301126616029,2333.0,0.14687874791061362,26858.0,1.6908998762894387,1447886.0,8062.0,0.556811793193663,4277.0,0.2953961845062387,11244.0,0.7765804766397355,543.0,0.037502952580520846,23154.0,1.5991590498146955,1149931.0,5206.0,0.4527228155428456,3517.0,0.30584443762277913,7746.0,0.6736056337293281,94.0,0.008174403507688721,16108.0,1.4007796989558503,40410.09375,1767859.125,2.28582092195836,1447.886,83.42188003242647
ADNI,ADNI-0897_S_P35609E_MCI_F_Accelerated_Sagittal_MPRAGE,0.5,1017.4052734375,1583536.0,10820.0,0.6832809610896121,5176.0,0.3268634246395409,13775.0,0.8698886542522557,6684.0,0.422093340473472,29306.0,1.8506683776055612,1430277.0,9665.0,0.6757432301575149,4703.0,0.32881742487644,12401.0,0.867034847096052,1163.0,0.08131292050421003,26370.0,1.843698807993137,1152626.0,6862.0,0.5953362148693505,3798.0,0.32950844419612263,8457.0,0.733715880085995,22.0,0.0019086850374709576,18834.0,1.6340079088967279,55716.18359375,1740494.25,3.2011702189622286,1430.277,82.40731404761068
ADNI,ADNI-1664_S_PE097B4_MCI_M_Sagittal_3D_Accelerated_MPRAGE,0.5,1025.36669921875,1587382.0,11246.0,0.7084621093095423,5316.0,0.33489103442019624,14775.0,0.9307778467942814,7366.0,0.4640344920126346,30860.0,1.94408151283056,1438369.0,9980.0,0.6938414273388818,4845.0,0.3368398512481846,13754.0,0.956221943047994,1025.0,0.07126126883991521,28130.0,1.9556873097237217,1122659.0,6708.0,0.5975100186254241,3744.0,0.33349396388395763,8025.0,0.7148207959852457,141.0,0.012559468191142637,18230.0,1.6238234405995053,41871.84375,1789476.375,2.3398936322922954,1438.369,82.87354540368594
ADNI,ADNI-1222_S_PCA3761_MCI_M_Accelerated_Sagittal_MPRAGE,0.5,1008.634765625,1606838.0,10681.0,0.6647216458659803,5007.0,0.3116057748198636,13942.0,0.8676668089751425,2472.0,0.15384251554917172,29178.0,1.8158644493097624,1471873.0,9585.0,0.6512110759556021,4437.0,0.30145263891653695,12607.0,0.8565277031374311,446.0,0.030301527373625306,26230.0,1.7820831009197124,1167246.0,7113.0,0.6093831120432196,3394.0,0.2907698976908038,7907.0,0.6774064764411273,122.0,0.010451952716051286,18137.0,1.5538284132051,46108.62109375,1765846.875,2.611133600910328,1471.873,84.80392298079245
ADNI,ADNI-0848_S_P0CB45B_MCI_F_Accelerated_Sagittal_MPRAGE_Phase_A-P,0.5,1017.66162109375,1629980.0,11133.0,0.6830145155155277,5137.0,0.3151572411931435,13908.0,0.8532620032147633,6265.0,0.38436054430115707,29708.0,1.8225990502950955,1505792.0,10524.0,0.6989013090785448,4679.0,0.31073348775926557,12885.0,0.8556958730023801,1776.0,0.11794457667460047,27645.0,1.8359109359061543,1169846.0,7076.0,0.6048659396194028,3419.0,0.2922606907233944,7921.0,0.6770976692658691,323.0,0.027610471805690665,18089.0,1.546271902455537,19334.486328125,1802050.0,1.0729161970048002,1505.792,86.75821133555233
ADNI,ADNI-1082_S_P446D7B_MCI_M_Sagittal_3D_Accelerated_MPRAGE,0.5,1017.6278076171875,1614304.0,11192.0,0.6933018811822308,5323.0,0.3297396277281107,14254.0,0.8829811485321227,4410.0,0.27318274624853806,30292.0,1.8764743195829288,1463644.0,10395.0,0.7102136858416391,4991.0,0.34099822087884757,13139.0,0.8976909685688597,916.0,0.06258352440894098,28055.0,1.9167912415860688,1140547.0,8075.0,0.7079936206048502,4199.0,0.36815668271452207,9155.0,0.8026850274473564,127.0,0.011135008026850276,21020.0,1.842975344286557,36766.79296875,1788489.625,2.055745387326471,1463.644,84.32979818727497
ADNI,ADNI-1169_S_PB4E8BE_MCI_M_Accelerated_Sagittal_MPRAGE,0.5,1011.0045166015625,1581662.0,10441.0,0.660128396585364,4655.0,0.29431066814528006,11045.0,0.6983160751159224,8587.0,0.5429099263938818,25802.0,1.631321989148124,1440457.0,8511.0,0.5908541525363131,3960.0,0.2749127533831277,9520.0,0.6609013667190343,2025.0,0.14058038525273578,21708.0,1.5070217299093274,1204269.0,4748.0,0.39426407222970944,3098.0,0.2572514944750716,6285.0,0.5218933643563024,171.0,0.014199485330935199,13932.0,1.156884383804615,28733.509765625,1757025.375,1.6353497322498827,1440.457,82.99384830426494
ADNI,ADNI-1644_S_PCCA39A_MCI_M_Sagittal_3D_Accelerated_MPRAGE,0.5,1025.2947998046875,1615967.0,11255.0,0.6964869950933404,5314.0,0.3288433489050209,14359.0,0.8885701255038005,6814.0,0.4216670266162613,30451.0,1.8843825399899876,1484232.0,10544.0,0.7104010693745991,4768.0,0.3212435791709113,12214.0,0.8229171719785048,1209.0,0.08145626829228854,27120.0,1.8272076063580358,1147155.0,7580.0,0.6607651102074262,3748.0,0.3267213236223527,7109.0,0.619707014309313,106.0,0.00924025088152865,18147.0,1.5819135164820797,28938.4140625,1771745.0,1.6333283888200614,1484.232,85.51600322420992
ADNI,ADNI-0309_S_PB694C8_MCI_F_Accelerated_Sagittal_MPRAGE_ND,0.5,1022.2552490234375,1603831.0,11019.0,0.6870424627033647,5144.0,0.3207320472044748,13335.0,0.8314467047962036,7260.0,0.4526661474930962,29027.0,1.8098540307551105,1459820.0,9912.0,0.6789878204162156,4721.0,0.3233960351276185,12131.0,0.8309928621336877,1428.0,0.09782027921250566,26328.0,1.8035100217835074,1190083.0,6246.0,0.5248373432777378,3699.0,0.3108186571860954,8247.0,0.6929768764027383,83.0,0.006974303472951046,17878.0,1.502248162523118,37274.4453125,1777326.0,2.097220504988955,1459.82,84.10947333487361
ADNI,ADNI-2101_S_PA4FDBB_MCI_F_Accelerated_Sagittal_MPRAGE,0.5,1021.530029296875,1636379.0,11087.0,0.6775325276112685,5059.0,0.3091582084590428,13664.0,0.8350143823649656,3918.0,0.23943108534147653,29367.0,1.7946331503887545,1508213.0,10325.0,0.6845850022510083,4413.0,0.292597928807138,12205.0,0.8092358307480442,808.0,0.05357333480085373,26546.0,1.7600962198310186,1186205.0,7475.0,0.630160891245611,3473.0,0.29278244485565313,8227.0,0.693556341441825,61.0,0.005142450082405655,18870.0,1.590787427131061,34967.09765625,1732153.75,2.0187063449910263,1508.213,86.89770047458573
ADNI,ADNI-1024_S_P278A3E_MCI_M_Accelerated_Sagittal_MPRAGE,0.5,1017.366943359375,1579540.0,11101.0,0.7027995492358534,5065.0,0.32066297782898817,13627.0,0.8627195259379312,5173.0,0.32750041151221243,29331.0,1.8569330311356471,1435697.0,10042.0,0.6994512073229936,4474.0,0.31162564245798385,12288.0,0.8558909017710562,1211.0,0.08434927425494376,26395.0,1.8384798463742698,1144661.0,6997.0,0.6112726824797909,3532.0,0.308562971919197,8614.0,0.7525372140747347,175.0,0.015288369220232016,18847.0,1.6465136839640733,28612.125,1794952.875,1.5940320995892443,1435.697,82.71959456539713
ADNI,ADNI-1507_S_PDFA655_MCI_M_MP-RAGE,0.5,1014.593017578125,1565654.0,10854.0,0.6932566199172997,4863.0,0.3106050251204928,11913.0,0.7608960855974565,4971.0,0.31750310094056544,27218.0,1.7384428488031198,1418440.0,9552.0,0.673415865316827,4233.0,0.29842644031471194,10445.0,0.7363723527255295,1624.0,0.11449197710160458,23840.0,1.6807196638560673,1104277.0,6198.0,0.5612722170252572,3416.0,0.3093426739848788,6701.0,0.6068223824275975,257.0,0.02327314613996307,16008.0,1.4496362778541978,25741.677734375,1775327.375,1.4499679381316923,1418.44,81.72530952933795
ADNI,ADNI-0672_S_PFFBF96_MCI_F_MPRAGE_Repeat,0.5,1021.13671875,1613439.0,11067.0,0.6859261490518079,4985.0,0.3089673672199569,13026.0,0.8073438165310247,4783.0,0.2964475260607931,28629.0,1.774408576958906,1486132.0,9736.0,0.6551235018154511,4181.0,0.2813343633001644,11738.0,0.7898356269833366,604.0,0.04064241938132009,25260.0,1.6997144264439497,1155486.0,6274.0,0.5429749906100118,3309.0,0.2863730066829022,7676.0,0.6643092170740278,133.0,0.011510308216629192,16955.0,1.4673479384432178,37852.45703125,1733512.875,2.183569420056947,1486.132,85.62547425443027
ADNI,ADNI-0534_S_P8C40AB_MCI_M_MPRAGE,0.5,1019.1658935546875,1563083.0,9762.0,0.6245349735106838,4812.0,0.3078531338387021,12212.0,0.7812764901160079,3546.0,0.2268593542377468,26381.0,1.687754265128595,1419660.0,6930.0,0.4881450488145049,3889.0,0.27393883042418604,10324.0,0.7272163757519406,178.0,0.012538213375033459,20830.0,1.467252722482848,1106934.0,4570.0,0.41285207609487107,3019.0,0.27273532116639293,6984.0,0.6309319254806519,0.0,0.0,14359.0,1.2971866434674515,46997.7890625,1746090.875,2.691600404961741,1419.66,81.79560145400575
ADNI,ADNI-0533_S_PA3279D_MCI_F_MPRAGE_Repeat,0.5,1023.1392822265625,1590887.0,11182.0,0.7028783313962588,5082.0,0.31944443571416453,13337.0,0.8383373551987036,10122.0,0.6362488347695342,29142.0,1.8318082931094417,1448229.0,10339.0,0.7139064333057824,4558.0,0.314729231357748,12266.0,0.8469655006217939,2444.0,0.16875784147396578,26755.0,1.847428825137461,1160704.0,6661.0,0.5738758546537274,3439.0,0.29628570247022495,8775.0,0.7560066993824438,165.0,0.014215510586678429,18604.0,1.6028203573003967,30398.53125,1768560.875,1.7188286634464873,1448.229,83.44164243419783
ADNI,ADNI-0224_S_P57A5A3_MCI_F_MPRAGE,0.5,1022.1229248046875,1606418.0,10079.0,0.6274207584825369,5022.0,0.31262099901769025,13042.0,0.8118683929089441,5379.0,0.334844355578685,27701.0,1.7243955184765112,1466348.0,7776.0,0.5302970372653695,4335.0,0.2956324146791894,11773.0,0.8028789891621906,445.0,0.030347502775603066,23515.0,1.603643882625407,1157939.0,4440.0,0.3834398875933879,3337.0,0.2881844380403458,7957.0,0.6871691859415737,109.0,0.009413276519747585,15478.0,1.3366852658041573,55328.5390625,1743374.5,3.173646228191361,1466.348,84.48559274817804
ADNI,ADNI-0156_S_PB43C7E_MCI_M_Accelerated_SAG_IR-SPGR,0.5,1017.0387573242188,1583604.0,11102.0,0.7010591031596283,5313.0,0.3355005418021172,15572.0,0.9833266397407432,9253.0,0.5843001154328986,31510.0,1.9897651180471887,1454120.0,10174.0,0.6996671526421477,5052.0,0.3474266222870189,14534.0,0.9995048551701373,591.0,0.040643138117899484,29285.0,2.0139328253514153,1105911.0,7279.0,0.6581903968764213,4248.0,0.384117709291254,9389.0,0.8489833268680753,59.0,0.0053349681846007494,20519.0,1.8553934267766574,41293.66796875,1773230.5,2.328725338795492,1454.12,83.78106024421258
ADNI,ADNI-0691_S_P852393_MCI_M_MPRAGE_Repeat,0.5,1015.030029296875,1578346.0,10793.0,0.6838171098098896,5047.0,0.3197651212091645,13044.0,0.8264347614528119,4799.0,0.30405247011745207,28426.0,1.8009992739234617,1432295.0,9462.0,0.6606180989251517,4579.0,0.31969671052401916,12164.0,0.8492663871618625,1388.0,0.09690741083366206,25772.0,1.7993499942400133,1141135.0,6322.0,0.5540098235528662,3746.0,0.3282696613459407,7887.0,0.6911539826576172,137.0,0.012005590924824845,17615.0,1.5436385703707274,34471.9921875,1736234.0,1.9854462121753174,1432.295,82.52358380497103
ADNI,ADNI-1112_S_P822482_MCI_M_MPRAGE,0.5,1013.3863525390625,1592915.0,11160.0,0.7006023548023592,5124.0,0.32167441451678214,12625.0,0.7925721083673642,8120.0,0.5097572689063761,28453.0,1.7862221148021082,1466520.0,10048.0,0.6851594250334124,4504.0,0.3071216212530344,11483.0,0.7830101191937375,898.0,0.061233396066879414,25628.0,1.7475383902026564,1155453.0,6959.0,0.6022746057174112,3650.0,0.31589342015642347,8371.0,0.7244777589395675,67.0,0.0057985915480768145,18650.0,1.6140855577855613,39471.828125,1742566.0,2.2651554159211185,1466.52,84.49550275722956
ADNI,ADNI-1738_S_P46CEEF_MCI_M_MPRAGE_GRAPPA2,0.5,1019.147705078125,1598110.0,10985.0,0.6873744610821533,5113.0,0.3199404296325034,13281.0,0.8310441709269074,6491.0,0.4061672851055309,28936.0,1.8106388171027028,1465408.0,9382.0,0.6402312530025768,4201.0,0.2866778398916889,11824.0,0.806874263003887,948.0,0.06469188103244966,25063.0,1.710308664890597,1147323.0,5133.0,0.4473892705018552,3476.0,0.30296612200749046,7698.0,0.6709531666322387,69.0,0.00601399954502786,16042.0,1.3982113145121295,41339.4921875,1726064.0,2.3950150276872697,1465.408,84.4314333963848
ADNI,ADNI-1473_S_P0C0825_MCI_F_MPRAGE,0.5,1017.1341552734375,1635993.0,10925.0,0.6677901433563591,4977.0,0.30421890558211434,13185.0,0.8059325437211529,7285.0,0.4452953038307621,28645.0,1.750924362145804,1507198.0,10165.0,0.6744303004648361,4682.0,0.3106426627423869,12304.0,0.816349278595115,2882.0,0.19121575267483104,26736.0,1.7738877042034293,1144514.0,6496.0,0.5675771550195104,3280.0,0.28658452408620605,7406.0,0.6470868857873298,776.0,0.06780170447893168,16942.0,1.4802789655696653,16767.42578125,1781903.125,0.9409841391489787,1507.198,86.83921989791538
ADNI,ADNI-0932_S_PCDE66A_MCI_M_MPRAGE_GRAPPA2,0.5,1025.01220703125,1593082.0,11176.0,0.7015332544087498,5032.0,0.31586572442598687,12899.0,0.8096883901770279,13387.0,0.8403208372199297,28674.0,1.7999073494019766,1464347.0,10215.0,0.6975805597990093,4280.0,0.29228044992068136,11947.0,0.8158585362622385,2484.0,0.1696319246735917,26059.0,1.779564543103513,1180377.0,6279.0,0.5319486909690718,3309.0,0.2803341644237392,8735.0,0.7400178078698585,179.0,0.01516464654936516,18039.0,1.5282405536536208,26417.736328125,1746380.625,1.5127135488075516,1464.347,84.3703024684565
ADNI,ADNI-0905_S_P681EED_MCI_M_MPRAGE,0.5,1020.20556640625,1585685.0,10107.0,0.6373901499982657,4631.0,0.29205043876936465,11189.0,0.7056256444375775,6854.0,0.43224221708599125,25600.0,1.614444230726784,1436785.0,6164.0,0.4290133875284054,3443.0,0.23963223446792667,8868.0,0.6172113433812296,862.0,0.05999505841166215,18234.0,1.2690834049631643,1154685.0,2706.0,0.23434962782057445,2583.0,0.22369737201054832,5396.0,0.4673135963487877,20.0,0.0017320741154514003,10526.0,0.9115906069620718,48587.84375,1751322.875,2.774351003095303,1436.785,82.7822811342812
ADNI,ADNI-1077_S_P41274D_MCI_M_MPRAGE,0.5,1025.7779541015625,1627996.0,11071.0,0.680038525893184,5215.0,0.3203324823893916,14208.0,0.8727294170255947,6754.0,0.41486588419136167,30018.0,1.8438620242310177,1483038.0,10177.0,0.6862265161108482,4788.0,0.32285079681033124,12369.0,0.8340312250933556,2552.0,0.17207920498328433,26894.0,1.8134397095691412,1130652.0,7504.0,0.663687854441508,4027.0,0.35616617668389566,7210.0,0.6376851586518222,501.0,0.044310716294668914,18402.0,1.6275564895299348,19808.609375,1769498.5,1.1194476499980077,1483.038,85.4472093241662
ADNI,ADNI-1016_S_P6F605B_MCI_F_MPRAGE,0.5,1024.35986328125,1592572.0,10982.0,0.6895763582431438,4981.0,0.31276450923411936,12682.0,0.7963219245346521,6848.0,0.4299962576260289,28187.0,1.7699042806227911,1442498.0,10248.0,0.7104342605674324,4490.0,0.3112655962087989,11579.0,0.8027047524502633,2164.0,0.1500175390191182,25909.0,1.7961203412413744,1096919.0,5690.0,0.5187256306071825,3176.0,0.2895382430243254,6750.0,0.6153599308608931,343.0,0.03126940093115353,15325.0,1.3970949541397315,16869.39453125,1761600.875,0.9576172883798096,1442.498,83.11144323725426
ADNI,ADNI-1779_S_P2F08EA_MCI_F_MPRAGE_GRAPPA2,0.5,1022.605712890625,1601092.0,10891.0,0.6802232476334902,5101.0,0.31859505887231965,13624.0,0.8509192476135038,13146.0,0.8210646233945332,29166.0,1.821631736339948,1451304.0,8376.0,0.5771361479056076,3881.0,0.26741468362245263,12074.0,0.8319414815917272,3619.0,0.24936195311251125,23982.0,1.6524449736237203,1171308.0,4757.0,0.4061271672352618,2709.0,0.2312799024680101,7464.0,0.6372363204212727,272.0,0.023221902351900612,14742.0,1.2585929576166133,35933.34765625,1717616.875,2.0920467293528424,1451.304,83.6188126541597
ADNI,ADNI-1671_S_PB857CD_MCI_F_Sag_MPRAGE_Repeat,0.5,1017.0759887695312,1600930.0,9952.0,0.6216386725215968,5073.0,0.31687831447970866,13332.0,0.832765954788779,5980.0,0.3735328840111685,27900.0,1.74273703409893,1448726.0,7903.0,0.5455137824543771,4481.0,0.30930624562546677,12018.0,0.8295564516685694,341.0,0.023537922284821284,23985.0,1.6555925689191744,1143975.0,4852.0,0.4241351428134356,3385.0,0.2958980746956883,8136.0,0.7112043532419852,31.0,0.0027098494285277214,16068.0,1.404576148954304,63817.8984375,1735214.25,3.677810877676921,1448.726,83.4702777510502
ADNI,ADNI-1751_S_PCE75B6_MCI_M_MPRAGE_GRAPPA2,0.5,1017.5128173828125,1589025.0,10998.0,0.6921225279652617,4946.0,0.3112600494013625,13224.0,0.832208429697456,5244.0,0.33001368763864636,28717.0,1.8072088230204058,1440499.0,9824.0,0.6819858951654947,4368.0,0.3032282563195115,12113.0,0.8408891641021617,1343.0,0.09323158155611354,25889.0,1.7972244340329286,1149867.0,6675.0,0.5805019189175792,3505.0,0.30481786154398727,8240.0,0.7166046160121127,69.0,0.006000693993305313,18122.0,1.576008355748969,31844.685546875,1741936.125,1.828120164100449,1440.499,82.99626819019612
ADNI,ADNI-0336_S_PF405CB_MCI_M_MPRAGE_Repeat,0.5,1012.6866455078125,1593894.0,10709.0,0.671876548879662,5137.0,0.3222924485568049,13291.0,0.8338697554542522,3167.0,0.19869577274272943,28669.0,1.798676699956208,1473141.0,9677.0,0.6568957078786077,4635.0,0.31463383342124074,12226.0,0.8299273457191132,400.0,0.027152865883170722,26094.0,1.771317205888642,1140638.0,6953.0,0.6095711347509026,3712.0,0.32543190740620603,8654.0,0.7586982022341883,97.0,0.008504012666595362,18948.0,1.6611755876974115,53451.01171875,1740444.0,3.0711135617549314,1473.141,84.8769804893816
ADNI,ADNI-1740_S_PB94232_MCI_F_MPRAGE,0.5,1021.5958251953125,1576125.0,10386.0,0.6589578872234119,4730.0,0.300103100959632,12296.0,0.7801411690062654,3558.0,0.22574351653580774,26998.0,1.7129352050122928,1417749.0,8340.0,0.5882564544217629,3829.0,0.270076014865819,10430.0,0.7356732397624686,1091.0,0.07695297263478937,22277.0,1.5712936492989944,1102232.0,5139.0,0.46623578339224414,2813.0,0.25520942959376974,6235.0,0.5656703851820669,89.0,0.008074525145341453,13971.0,1.2675189978153418,63155.6328125,1747068.125,3.6149496352639368,1417.749,81.68549664413676
ADNI,ADNI-0265_S_PDEA728_MCI_M_MPRAGE_GRAPPA_2,0.5,1013.371337890625,1583596.0,10951.0,0.6915273845096855,5028.0,0.3175052222915441,12706.0,0.8023511047009465,8852.0,0.5589809522125593,28236.0,1.7830305204105088,1435702.0,9624.0,0.6703340944012058,4271.0,0.2974851327085983,11206.0,0.7805240920469568,1159.0,0.08072705895791746,24712.0,1.7212485599379257,1167009.0,6006.0,0.5146489872828743,3332.0,0.2855162213830399,7091.0,0.6076217064307131,60.0,0.00514134852430444,16146.0,1.3835368878903247,45835.83984375,1762300.625,2.6009092429249976,1435.702,82.71988264705561
ADNI,ADNI-1064_S_PB35FC6_MCI_M_Accelerated_Sag_IR-FSPGR,0.5,1016.74853515625,1565256.0,11133.0,0.7112574556494273,5319.0,0.33981661785675954,15333.0,0.9795841702571336,14200.0,0.9071998446260547,31308.0,2.0001839954614455,1410869.0,9981.0,0.7074363388805056,5060.0,0.358644211475339,14525.0,1.0295073461816795,1639.0,0.11616953806483805,29101.0,2.062629485799178,1147861.0,6210.0,0.5410062716652975,4005.0,0.34890984187109764,10669.0,0.9294679408046793,70.0,0.006098299358546026,20532.0,1.7887183204238144,40108.49609375,1765667.25,2.271577280133049,1410.869,81.28909628207573
ADNI,ADNI-0040_S_P8762CE_MCI_F_Accelerated_SAG_IR-SPGR,0.5,1021.260498046875,1557442.0,10490.0,0.6735403308758849,4928.0,0.3164162774600916,13249.0,0.8506897849165491,6883.0,0.44194262129825707,28228.0,1.8124591477563852,1406733.0,8216.0,0.584048287770316,4027.0,0.28626612157388787,11029.0,0.7840151613703524,1017.0,0.07229516901928083,22886.0,1.626890106367022,1105713.0,4281.0,0.3871709928344878,2810.0,0.25413466243048605,6081.0,0.5499618798006354,104.0,0.00940569569137742,12914.0,1.1679341746004614,44785.7421875,1760757.125,2.543550246176059,1406.733,81.05079513418556
ADNI,ADNI-0993_S_PF7C021_MCI_M_MPRAGE_GRAPPA2,0.5,1011.162109375,1597273.0,10723.0,0.6713317009678371,4794.0,0.30013654522426664,12688.0,0.7943538768889224,2490.0,0.155890696205345,27794.0,1.7400907672013486,1458672.0,9117.0,0.6250205666524071,4016.0,0.2753189202233264,11496.0,0.7881141202408767,521.0,0.035717419680366805,24286.0,1.6649390678644687,1149615.0,6386.0,0.5554903163232908,2903.0,0.25251932168595576,7693.0,0.6691805517499337,125.0,0.010873205377452452,16746.0,1.45666157800655,55123.234375,1728258.125,3.1895255446867927,1458.672,84.04332978608785
ADNI,ADNI-1142_S_P97D226_MCI_F_MPRAGE_GRAPPA2,0.5,1020.864990234375,1589334.0,11079.0,0.6970844391424332,5079.0,0.3195678189732303,13718.0,0.8631288325801876,8074.0,0.5080115318743574,29425.0,1.851404424746466,1445953.0,9871.0,0.6826639593403105,4509.0,0.31183586188486073,12479.0,0.8630294345666837,1133.0,0.07835662708262302,26459.0,1.8298658393460923,1147700.0,7007.0,0.6105253986233337,3652.0,0.3182016206325695,8705.0,0.7584734686764835,103.0,0.008974470680491417,19080.0,1.6624553454735558,37499.30859375,1728283.25,2.169743217366135,1445.953,83.3105076632602
ADNI,ADNI-1020_S_P195EED_MCI_M_MPRAGE_Repeat,0.5,1024.8282470703125,1556191.0,10430.0,0.6702262125921561,4852.0,0.3117869207571564,12448.0,0.799901811538558,5288.0,0.33980404718958024,27291.0,1.7537050400625631,1406653.0,8225.0,0.5847213207521684,3795.0,0.2697893510339792,11036.0,0.7845573855101435,1290.0,0.09170705213012732,22710.0,1.6144706619187532,1122090.0,5218.0,0.4650250871142243,3096.0,0.2759136967622918,7609.0,0.6781095990517695,130.0,0.011585523442861088,15658.0,1.3954317389870687,32483.884765625,1710551.0,1.8990304741352346,1406.653,81.04618582764996
ADNI,ADNI-0523_S_P9883EF_MCI_F_MPRAGE,0.5,896.8218994140625,1568968.0,10774.0,0.6866934188587658,4888.0,0.31154236415274245,12488.0,0.7959372020334387,6105.0,0.38910927437653287,27705.0,1.7658103925637745,1412773.0,9381.0,0.6640132561989789,4044.0,0.28624556103492915,10173.0,0.7200732177073033,1843.0,0.13045266295434582,23231.0,1.6443547547978339,1118915.0,5535.0,0.49467564560310656,3277.0,0.2928730064392738,6729.0,0.6013861642752131,222.0,0.0198406492003414,15266.0,1.3643574355514048,26637.703125,1751189.375,1.5211206455041448,1412.773,81.39879777762286
ADNI,ADNI-1546_S_PD064A2_MCI_F_MPRAGE_Repeat,0.5,1020.1286010742188,1587573.0,10389.0,0.6543951049809993,4745.0,0.29888389384299174,12174.0,0.7668308795878992,3506.0,0.22084023852761417,26897.0,1.6942213050990411,1438816.0,8315.0,0.5779057224829304,3777.0,0.26250750617174123,10116.0,0.7030780864266175,643.0,0.04468952249627472,21908.0,1.522640838022374,1124078.0,5290.0,0.4706079115506219,3038.0,0.270265942399015,6618.0,0.5887491793274132,95.0,0.008451370812345763,14722.0,1.3096955905195191,49852.1875,1732198.5,2.877971981848501,1438.816,82.89929990395358
ADNI,ADNI-1065_S_PD01210_MCI_M_Accelerated_Sag_IR-FSPGR,0.5,1016.645751953125,1613682.0,11175.0,0.6925156257552604,5268.0,0.32645837283925827,15562.0,0.9643783595528735,7859.0,0.48702284588909095,31528.0,1.9537926307661608,1482250.0,10583.0,0.7139821217743296,4844.0,0.3268004722550177,14918.0,1.006442907741609,2273.0,0.15334795075054816,29892.0,2.016663855624895,1144304.0,6817.0,0.5957333016401236,3979.0,0.34772228358897633,9947.0,0.869262014289909,238.0,0.020798668885191347,20419.0,1.7844034452383282,22100.4765625,1767652.25,1.250272872534742,1482.25,85.4018076547906
ADNI,ADNI-1492_S_P2E8331_MCI_F_MP-RAGE_REPEAT,0.5,1018.1045532226562,1589136.0,10909.0,0.6864736561250894,5074.0,0.3192929994663767,12928.0,0.8135238267838624,4248.0,0.2673150693206875,28484.0,1.7924205354356078,1447875.0,9961.0,0.6879737546404213,4622.0,0.3192264525597859,12014.0,0.8297677631010963,812.0,0.056082189415522746,26192.0,1.8089959423292759,1141406.0,7114.0,0.6232663925018793,3859.0,0.33809179205295925,8203.0,0.7186750376290294,70.0,0.006132787106428388,18816.0,1.6484931742079507,34586.0546875,1761926.875,1.9629676565039056,1447.875,83.42124625277782
ADNI,ADNI-0933_S_PD8847C_MCI_M_MPRAGE_Repeat,0.5,1011.6433715820312,1571515.0,10321.0,0.6567547875775923,5003.0,0.3183552177357518,12867.0,0.8187640588858522,5592.0,0.35583497453094626,27733.0,1.7647302125655815,1425188.0,7655.0,0.5371221200290769,4202.0,0.2948382950179204,11421.0,0.8013679598761708,959.0,0.06728936813950159,22853.0,1.6035077477497706,1153127.0,4489.0,0.3892892977096192,3477.0,0.3015279323092773,7991.0,0.6929852479388654,83.0,0.007197819494296812,15640.0,1.356312010732556,32143.837890625,1759950.5,1.8264057932666289,1425.188,82.11410453561525
ADNI,ADNI-1673_S_PEFE616_MCI_M_MPRAGE,0.5,1012.1722412109375,1598141.0,10907.0,0.6824804569809547,5031.0,0.3148032620400828,13386.0,0.8375981843904886,4845.0,0.30316473953174344,28879.0,1.8070370511738327,1463930.0,9926.0,0.6780378843250702,4418.0,0.3017903861523433,11902.0,0.8130170158409213,1443.0,0.09857028683065447,25860.0,1.7664779053643276,1155354.0,5790.0,0.5011451035786435,3401.0,0.2943686523784052,7432.0,0.6432660465969737,170.0,0.01471410494099644,16387.0,1.4183531627535801,24823.2890625,1757450.375,1.412460312712955,1463.93,84.34627645813973
ADNI,ADNI-1174_S_P3BB662_MCI_F_MPRAGE_GRAPPA2,0.5,1016.154541015625,1594187.0,11121.0,0.6975969569441979,5274.0,0.3308269356104397,14937.0,0.9369666168398062,7793.0,0.48883851141679113,30857.0,1.9355947577040837,1461372.0,10194.0,0.6975636593557287,4845.0,0.33153776040597466,13626.0,0.9324114599157505,955.0,0.06534954823275661,28230.0,1.931746331529549,1170451.0,7132.0,0.6093377680911034,4050.0,0.346020465615391,9352.0,0.79900824553954,58.0,0.0049553548162204145,20187.0,1.7247197875007156,40693.8671875,1754364.25,2.319579140278309,1461.372,84.19889388166412
ADNI,ADNI-0529_S_P67EF7F_MCI_F_MPRAGE,0.5,1018.611083984375,1604396.0,11083.0,0.690789555695726,5097.0,0.3176896476929636,12910.0,0.8046641851512968,5403.0,0.3367622457298572,28640.0,1.785095450250437,1471277.0,10023.0,0.6812449321235906,4440.0,0.30177865894729544,11698.0,0.7950916108931221,950.0,0.06456975810809248,25749.0,1.7501123173950246,1139936.0,6904.0,0.6056480363809899,3747.0,0.32870266400920756,8336.0,0.7312691238806389,61.0,0.005351177609971086,18647.0,1.635793588411981,34991.58203125,1767897.375,1.9792767683276864,1471.277,84.76958364710228
ADNI,ADNI-0590_S_PD4994C_MCI_M_MPRAGE,0.5,1020.2590942382812,1565247.0,11042.0,0.7054477663908636,4968.0,0.3173939959635763,12602.0,0.8051125477320832,5453.0,0.34837952093184016,28183.0,1.8005464952176877,1420929.0,10099.0,0.7107322040721247,4545.0,0.3198611612543625,11668.0,0.8211529217856768,1030.0,0.07248778791903043,25906.0,1.8231734309033034,1114878.0,7477.0,0.6706563408731717,3574.0,0.3205731927618986,8029.0,0.7201684848028215,155.0,0.01390286650198497,18765.0,1.683143805869342,33307.48828125,1740074.5,1.9141415083808195,1420.929,81.8687165789266
ADNI,ADNI-0087_S_PB3E699_MCI_M_MP-RAGE_REPEAT,0.5,1005.6673583984375,1579148.0,11107.0,0.7033539604900871,5235.0,0.33150787639917223,13367.0,0.8464691086585932,10448.0,0.6616225964887394,29261.0,1.852961217061352,1440058.0,10014.0,0.6953886579568324,4570.0,0.3173483290256364,12168.0,0.8449659666485655,685.0,0.04756752853010087,26419.0,1.8345788850171314,1147544.0,7420.0,0.646598300370182,3518.0,0.30656776559330184,8327.0,0.7256366640407688,10.0,0.0008714262808223475,19036.0,1.6588470681734209,57832.33984375,1758292.25,3.28911987434114,1440.058,82.97085938791867
ADNI,ADNI-0546_S_P58D8B2_MCI_M_MPRAGE_Repeat,0.5,1017.334228515625,1578748.0,9685.0,0.613460792982794,4574.0,0.2897232490555807,11539.0,0.7308956210870893,3004.0,0.19027735902119908,25461.0,1.6127336345002494,1424778.0,6873.0,0.48239094090447776,3626.0,0.2544957881157626,9607.0,0.6742804843982712,440.0,0.030882004073617086,19854.0,1.3934802474490762,1122348.0,3799.0,0.3384868151411149,2714.0,0.24181448178283385,6370.0,0.5675601506841015,74.0,0.006593320431809028,12708.0,1.1322691357760695,47555.28515625,1746199.125,2.723359809050987,1424.778,82.09048183962034
ADNI,ADNI-0451_S_P51C61B_MCI_M_Accelerated_Sag_IR-FSPGR,0.5,1015.7115478515625,1555026.0,10773.0,0.6927858440952113,5199.0,0.33433524584154867,14037.0,0.9026858714902516,13669.0,0.8790206723231638,29536.0,1.8993894635845319,1395809.0,8914.0,0.638626058436362,4830.0,0.3460358831330074,12865.0,0.9216877094215613,2053.0,0.1470831610915247,26161.0,1.8742535690771445,1132114.0,5421.0,0.4788387035227901,3839.0,0.33910012595904654,8471.0,0.7482462013542805,88.0,0.007773068789892184,17383.0,1.5354460769851799,42618.25390625,1762566.125,2.4179662426140185,1395.809,80.42139432675029
ADNI,ADNI-1393_S_PC7CD8E_MCI_F_Accelerated_Sagittal_MPRAGE,0.5,1024.02880859375,1606451.0,10907.0,0.6789500582339579,5026.0,0.31286357318088137,13245.0,0.8244882663710253,2877.0,0.17909042977345715,28718.0,1.787667348708426,1477529.0,9903.0,0.6702406517909293,4544.0,0.3075404949750563,12191.0,0.825093788345271,550.0,0.03722431167171676,26210.0,1.7739076525739934,1195910.0,6199.0,0.5183500430634412,3340.0,0.2792852304939335,7648.0,0.6395130068316178,73.0,0.006104138271274595,16890.0,1.412313635641478,39020.6015625,1763546.625,2.212620920215251,1477.529,85.12980095285889
ADNI,ADNI-1788_S_PA73232_MCI_M_Accelerated_Sagittal_MPRAGE_ND,0.5,1020.256591796875,1573666.0,11069.0,0.7033894104593986,5103.0,0.3242746554859799,13376.0,0.8499897691123784,6353.0,0.40370701279687055,29088.0,1.848422727567349,1449252.0,10114.0,0.6978772497812664,4697.0,0.3240982244633784,12427.0,0.8574768225263792,836.0,0.057684929881069685,26800.0,1.8492298095845305,1171328.0,7407.0,0.6323591683968964,3753.0,0.32040555676975196,8894.0,0.7593090919025244,106.0,0.009049557425417987,19722.0,1.6837299202272975,33504.24609375,1744557.625,1.9205009690493886,1449.252,83.50058394152174
ADNI,ADNI-0882_S_P52E5F6_MCI_M_Accelerated_Sagittal_MPRAGE,0.5,1020.1422119140625,1625892.0,10386.0,0.6387878161649113,5176.0,0.31834832817923947,13375.0,0.8226253650303956,2751.0,0.16919943022045747,28472.0,1.7511618237865738,1492232.0,8114.0,0.5437492293423543,4641.0,0.3110106203324952,12294.0,0.823866530137405,308.0,0.020640222163845836,24605.0,1.6488722933163207,1195281.0,5316.0,0.44474897534554636,3773.0,0.315657991719102,8239.0,0.6892939819172228,0.0,0.0,16984.0,1.4209211055810307,63786.859375,1710872.0,3.728324466996947,1492.232,85.97693387776926
ADNI,ADNI-0951_S_P0F7636_MCI_F_Accelerated_Sagittal_MPRAGE,0.5,1015.9248046875,1642915.0,11201.0,0.6817759896281914,5272.0,0.3208930468100906,14264.0,0.8682129020673619,4419.0,0.2689731361634655,30261.0,1.841909045811865,1531188.0,10711.0,0.6995222010621818,4904.0,0.32027419232648113,13230.0,0.8640349846001929,608.0,0.03970773020687205,28379.0,1.8533974926658254,1180855.0,7197.0,0.609473644096862,3381.0,0.28631796452570385,7676.0,0.6500374728480635,134.0,0.011347709922048007,17916.0,1.5172057534582994,32514.201171875,1752907.25,1.8548728788631001,1531.188,88.22143569527644
ADNI,ADNI-0883_S_P859BEE_MCI_F_Accelerated_Sagittal_MPRAGE,0.5,1010.385009765625,1608009.0,10959.0,0.6815260362348718,4932.0,0.30671470122368716,12966.0,0.8063387704919562,5984.0,0.3721372206250089,28395.0,1.7658483254757902,1466369.0,9914.0,0.676091761350656,4382.0,0.29883337686489553,11837.0,0.8072320132245021,1572.0,0.10720357563478224,25701.0,1.7526966268381288,1132826.0,7015.0,0.619247792688374,3745.0,0.3305891637374142,8153.0,0.7197045265557112,259.0,0.022863175809877245,18561.0,1.6384687498344848,22105.7890625,1781267.875,1.2410143006985965,1466.369,84.48680269114362
ADNI,ADNI-1237_S_PF92623_MCI_F_Accelerated_Sagittal_MPRAGE,0.5,1023.4892578125,1566958.0,11021.0,0.7033372942988899,5056.0,0.32266340259279447,12442.0,0.7940225583582967,5305.0,0.33855406462713106,28063.0,1.7909222838136056,1431152.0,10050.0,0.7022314890382014,4762.0,0.332738940378101,11380.0,0.795163616443257,1012.0,0.07071226536384675,25749.0,1.7991799613178754,1109288.0,6818.0,0.6146284824139447,3670.0,0.3308428469432645,7342.0,0.6618659897159259,203.0,0.01830002668378275,17464.0,1.5743431822935072,32636.18359375,1790603.25,1.822636231323159,1431.152,82.45772833784373
ADNI,ADNI-0131_S_P2A2422_MCI_F_Sagittal_3D_Accelerated_MPRAGE,0.5,1020.020263671875,1657010.0,11221.0,0.6771836017887641,5324.0,0.32130162159552444,15528.0,0.9371096130982914,10270.0,0.6197910694564306,31596.0,1.9068080458174663,1529554.0,10344.0,0.6762755679106458,5162.0,0.33748399860351447,14937.0,0.9765591799962604,675.0,0.044130511247069404,29968.0,1.95926394229952,1200452.0,7194.0,0.5992742733570355,4228.0,0.35220067108055964,10391.0,0.8655906275302969,2.0,0.00016660391252628178,21369.0,1.7800795033870573,42960.98828125,1735299.375,2.4757104681865054,1529.554,88.12729060928694
ADNI,ADNI-1367_S_P35C195_MCI_F_Accelerated_Sagittal_MPRAGE_ND,0.5,1021.8372802734375,1611575.0,11157.0,0.6923041124365915,5083.0,0.31540573662411,12924.0,0.8019484045111149,7496.0,0.46513503870437306,28713.0,1.7816732078866946,1488195.0,10448.0,0.7020585339958809,4534.0,0.30466437530027984,11469.0,0.7706651346093758,2770.0,0.18613152174278236,26039.0,1.7497034998773684,1186576.0,7489.0,0.6311437278353852,3441.0,0.2899940669624196,7766.0,0.6544882080878089,387.0,0.032614851471797844,18416.0,1.552028694327207,20428.955078125,1774023.75,1.1515604048776122,1488.195,85.74433674671688
ADNI,ADNI-1807_S_PDD4D09_MCI_M_Accelerated_Sagittal_MPRAGE,0.5,1018.0520629882812,1574731.0,11143.0,0.7076129192858971,5076.0,0.32234076804228784,12777.0,0.8113766732222838,7885.0,0.5007204405069818,28540.0,1.8123730338705468,1436089.0,10126.0,0.7051095022662245,4548.0,0.3166934639844745,11554.0,0.8045462363405054,1412.0,0.09832259699781838,25823.0,1.7981476078432466,1147813.0,6782.0,0.5908627973371969,3698.0,0.3221779157406302,7783.0,0.6780721249890008,145.0,0.012632719789721844,17940.0,1.5629723657076544,27210.796875,1773872.75,1.5339768241549459,1436.089,82.74218016742154
ADNI,ADNI-0516_S_PA832A9_MCI_F_Accelerated_Sagittal_MPRAGE_ND,0.5,1014.9359130859375,1617844.0,11007.0,0.6803498977651738,4953.0,0.30614818239583047,13351.0,0.82523407695674,3802.0,0.235004116589733,28868.0,1.7843500362210447,1490162.0,9957.0,0.6681823855392904,4430.0,0.2972831141849007,12345.0,0.8284334186484422,740.0,0.04965903036045745,26356.0,1.7686667624056982,1213685.0,6347.0,0.5229528254860198,3393.0,0.27956183029369236,8865.0,0.7304201666824588,91.0,0.007497826866114355,18330.0,1.510276554460177,41285.3125,1727827.375,2.389435026748549,1490.162,85.85766807116077
ADNI,ADNI-1369_S_P0D029E_MCI_F_Accelerated_Sagittal_MPRAGE,0.5,1014.62158203125,1590618.0,11156.0,0.7013626150339051,5137.0,0.3229562346207575,13304.0,0.8364044666915627,7586.0,0.47692154873137355,29134.0,1.8316151332375217,1453507.0,10348.0,0.7119332758631365,4682.0,0.3221174717424822,12014.0,0.82655260690179,2268.0,0.15603640023749454,26615.0,1.8310885327693638,1170222.0,7264.0,0.620736920003213,3542.0,0.30267761159848305,8458.0,0.7227688421513183,180.0,0.015381696806247019,18954.0,1.619692673697811,20869.474609375,1793424.5,1.1636661933287407,1453.507,83.7457414328836
ADNI,ADNI-1370_S_PAC64D8_MCI_F_Accelerated_Sagittal_MPRAGE_ND,0.5,1014.087158203125,1592128.0,10906.0,0.6849951762672348,4883.0,0.30669644651686295,13393.0,0.8412012099529687,2313.0,0.14527726413956665,28714.0,1.8034982111990994,1449874.0,9562.0,0.6595055846232155,4245.0,0.2927840626150962,12247.0,0.8446940906589125,477.0,0.032899410569470176,25628.0,1.7676018743697726,1115424.0,6012.0,0.5389878647043636,3446.0,0.30894081533121037,8137.0,0.7294983790917176,140.0,0.012551280947872737,17236.0,1.545241988696675,38011.30078125,1774206.25,2.1424397970219076,1449.874,83.53642129983596
ADNI,ADNI-0535_S_PCBFD84_MCI_M_MPRAGE,0.5,1017.7843017578125,1595765.0,10985.0,0.6883845679031687,4968.0,0.3113240358072774,13285.0,0.8325160659620934,3047.0,0.1909429019937146,28807.0,1.8052156802536714,1460197.0,9731.0,0.6664169286746925,4218.0,0.28886513258142565,12286.0,0.8413933188467035,467.0,0.03198198599230104,25849.0,1.7702405908243888,1146768.0,6027.0,0.5255640199238206,3046.0,0.26561606183639586,7975.0,0.6954327292006752,49.0,0.00427287821076277,16778.0,1.4630683800036275,52132.33203125,1757557.75,2.966180316478932,1460.197,84.1311946919226
ADNI,ADNI-2074_S_PEE87D8_MCI_M_Accelerated_Sagittal_MPRAGE,0.5,1023.2050170898438,1575400.0,11124.0,0.7061063856798273,5162.0,0.32766281579281453,13501.0,0.856988701282214,13639.0,0.8657483813634632,29325.0,1.8614320172654564,1422055.0,9935.0,0.6986368319087517,4762.0,0.3348674980925492,12758.0,0.897152360492386,1959.0,0.13775838487259637,27032.0,1.9009110055518246,1156483.0,6973.0,0.602948767945573,3406.0,0.29451362449772284,8955.0,0.7743304484372014,146.0,0.012624483023096753,19036.0,1.6460250604634914,43333.16796875,1774765.125,2.441628323564787,1422.055,81.93359256841507
ADNI,ADNI-0958_S_PC81E8A_AD_F_Accelerated_Sagittal_MPRAGE,1.0,1018.7138671875,1597264.0,10869.0,0.6804761141552054,5066.0,0.3171673561790662,13316.0,0.8336755852507788,6493.0,0.4065076280439552,28793.0,1.8026450229893118,1459304.0,9535.0,0.6533936726000888,4581.0,0.3139167712827485,12482.0,0.8553392576187004,615.0,0.04214337793907233,26176.0,1.7937318063953773,1186397.0,5980.0,0.504047127563539,3201.0,0.2698085042359345,9509.0,0.8015023638798817,54.0,0.004551596135189149,18424.0,1.5529371702726829,70960.9296875,1721532.625,4.121962526704947,1459.304,84.07974330771904
ADNI,ADNI-0070_S_PD6F38F_AD_M_Accelerated_Sagittal_MPRAGE,1.0,1013.573974609375,1587143.0,11108.0,0.6998739244037872,5067.0,0.319252896556895,13167.0,0.8296038857242227,4799.0,0.3023672095079019,28888.0,1.820125848773551,1453196.0,10071.0,0.693024203204523,4544.0,0.3126900982386409,11922.0,0.8203986248241806,972.0,0.0668870544647797,26134.0,1.798380947924437,1152785.0,6594.0,0.5720060549018248,3731.0,0.3236509843552787,7300.0,0.6332490447047802,97.0,0.008414405114570367,17311.0,1.50166770039513,31186.28515625,1782656.625,1.7494274959570524,1453.196,83.72782275372647
ADNI,ADNI-0960_S_PC7317E_AD_F_Accelerated_Sagittal_MPRAGE,1.0,1018.404541015625,1582561.0,10797.0,0.6822485831509812,4849.0,0.3064020912937953,12843.0,0.8115326992134901,5761.0,0.36403020167942973,28045.0,1.7721275830757868,1436316.0,9385.0,0.6534077459277764,3863.0,0.268951957647203,11287.0,0.7858298591674813,2125.0,0.14794794460271973,24180.0,1.6834735531735356,1143510.0,5776.0,0.5051114550812849,2964.0,0.2592019308969751,7245.0,0.6335755699556628,155.0,0.013554756845152206,15737.0,1.3762013449816792,38164.39453125,1769637.875,2.1566217060792736,1436.316,82.75525907471628
ADNI,ADNI-1402_S_PF90ACF_AD_M_Accelerated_Sagittal_MPRAGE_ND,1.0,1016.1773681640625,1580088.0,10453.0,0.6615454329125973,4931.0,0.3120712264127061,12021.0,0.7607804122302049,9011.0,0.5702846930044403,26973.0,1.7070568221516775,1421103.0,7912.0,0.5567506366533601,3879.0,0.27295699185773303,9999.0,0.70360839432469,1483.0,0.10435556043439498,21461.0,1.5101649915593733,1187127.0,4599.0,0.38740589675746573,2860.0,0.240917778805469,6773.0,0.5705371034438608,161.0,0.013562154681007172,14011.0,1.1802444051900092,40852.8203125,1729448.875,2.3621872206254144,1421.103,81.87874182064151
ADNI,ADNI-2025_S_P83F6BB_AD_F_Accelerated_Sagittal_MPRAGE_(MSV21),1.0,1009.671630859375,1582779.0,9832.0,0.6211859015061484,4753.0,0.3002946084071118,12007.0,0.7586024328096342,7846.0,0.4957103929228275,26205.0,1.6556322771530327,1437467.0,6521.0,0.4536451967245161,3839.0,0.26706700049462007,10497.0,0.7302428507924008,1107.0,0.07701046354455442,20527.0,1.4279979992584177,1167078.0,3424.0,0.2933822760775201,2868.0,0.24574192984530596,7067.0,0.6055293647896712,119.0,0.010196405038909138,13149.0,1.1266599147614813,61264.171875,1741019.5,3.518867644790882,1437.467,82.82157547249713
ADNI,ADNI-2033_S_P26CA6E_AD_F_Accelerated_Sagittal_MPRAGE_(MSV21),1.0,1011.6109619140625,1605696.0,11135.0,0.6934687512455658,5084.0,0.31662282275100645,13520.0,0.842002471202519,6070.0,0.37802921599107175,29276.0,1.8232591972577623,1470170.0,10205.0,0.6941374126801663,4600.0,0.3128889856275125,12322.0,0.8381343654135237,1928.0,0.13114129658474868,26706.0,1.816524619601815,1163568.0,6962.0,0.5983320270065867,3901.0,0.33526188413569297,7681.0,0.6601247198272898,138.0,0.01186007177921703,18214.0,1.5653575897583982,25963.6328125,1771393.375,1.4657180713741802,1470.17,84.70580236791601
ADNI,ADNI-2034_S_PA17C09_AD_M_Accelerated_Sagittal_MPRAGE_(MSV21),1.0,1024.5550537109375,1600081.0,11197.0,0.6997770737856396,5126.0,0.3203587818366695,13928.0,0.8704559331683834,12341.0,0.7712734542813771,29790.0,1.8617807473496655,1475400.0,10521.0,0.7130947539650264,4498.0,0.3048664768876237,12819.0,0.8688491256608378,3042.0,0.20618137454249696,27413.0,1.858004608919615,1193825.0,7620.0,0.6382845056855067,3536.0,0.29619081523673907,8788.0,0.7361212908089544,251.0,0.02102485707704228,19642.0,1.6452997717420894,28726.796875,1769312.25,1.6236137445496124,1475.4,85.00713578268042
ADNI,ADNI-0733_S_P4647E4_AD_M_Accelerated_Sagittal_MPRAGE_(MSV21),1.0,1014.6898193359375,1572199.0,10409.0,0.6620663160325124,5030.0,0.3199340541496337,12370.0,0.7867960735250435,6664.0,0.42386491786345115,27368.0,1.7407465594368141,1418498.0,8425.0,0.593938095083673,4348.0,0.3065214050354671,10538.0,0.742898474301691,577.0,0.04067682858911327,22951.0,1.6179790172421815,1153682.0,5653.0,0.4899963768178753,3369.0,0.2920215449317923,7368.0,0.6386508587288352,23.0,0.00199361695857264,16142.0,1.3991723889251977,69416.453125,1710183.625,4.059005834826655,1418.498,81.72865127657626
ADNI,ADNI-0211_S_P6C2517_AD_F_Accelerated_Sagittal_MPRAGE_(MSV21),1.0,1022.958251953125,1609702.0,10965.0,0.6811819827520871,5101.0,0.3168909524868578,13931.0,0.8654396900792817,11291.0,0.7014341785001199,29530.0,1.8345010442926704,1473768.0,9567.0,0.6491523767648639,4416.0,0.29964010617682024,13035.0,0.8844675688439428,1300.0,0.08820927038719797,26582.0,1.8036760195634591,1181579.0,6308.0,0.5338618915874436,3556.0,0.30095321599317526,8678.0,0.7344409472409378,64.0,0.0054164808277736825,18226.0,1.542512180734424,42978.390625,1756619.625,2.446653220386286,1473.768,84.91310592935432
ADNI,ADNI-0734_S_PD83B9D_AD_F_Accelerated_Sagittal_MPRAGE_(MSV21),1.0,1021.0983276367188,1583013.0,10673.0,0.6742206160025218,5107.0,0.3226126380516142,12938.0,0.8173021952441326,7433.0,0.4695476284780984,28251.0,1.7846347439976804,1444901.0,8691.0,0.6014944968548018,4413.0,0.30541884876541714,11773.0,0.8147963078439284,717.0,0.049622776923816926,24444.0,1.691742202406947,1145872.0,5468.0,0.47719116969434633,3275.0,0.2858085370791851,7803.0,0.6809661113981317,60.0,0.0052361869388553,16230.0,1.4163885669603586,73660.28125,1723770.375,4.273207285512144,1444.901,83.24989528231714
ADNI,ADNI-1447_S_PF34A32_AD_M_Accelerated_Sagittal_MPRAGE,1.0,1014.684326171875,1555302.0,10084.0,0.6483628259977805,4215.0,0.27100846009328095,10879.0,0.6994783006772961,11521.0,0.7407564575883011,24798.0,1.5944170328334946,1417167.0,7637.0,0.5388920289563616,3440.0,0.24273780013223561,9485.0,0.6692930332134462,991.0,0.0699282441660016,20263.0,1.4298244314184567,1164971.0,4071.0,0.3494507588600918,2497.0,0.21434009945311946,6277.0,0.5388116957417823,160.0,0.013734247461953989,12653.0,1.0861214571006488,53997.6796875,1695997.125,3.1838308503913297,1417.167,81.65196393909032
ADNI,ADNI-1183_S_PDBF0CC_AD_F_Accelerated_Sagittal_MPRAGE_(MSV21),1.0,1017.702392578125,1580298.0,10366.0,0.6559522317942565,4969.0,0.31443436617650594,12641.0,0.7999124215812461,4573.0,0.2893758012729245,27518.0,1.7413171439817046,1448237.0,8584.0,0.5927206665759817,4276.0,0.295255541737989,10988.0,0.7587155969637567,801.0,0.055308626971966604,23457.0,1.6196934617745578,1163148.0,5691.0,0.4892756553766159,3335.0,0.2867218960957677,7348.0,0.6317338808131038,152.0,0.01306798446973214,16091.0,1.383400908568815,52136.28125,1768796.875,2.9475561601724336,1448.237,83.44210336485138
ADNI,ADNI-0213_S_P1C988E_AD_F_Accelerated_Sagittal_MPRAGE_(MSV21),1.0,1015.00634765625,1599379.0,10580.0,0.6615067473062982,4827.0,0.3018046379250947,13690.0,0.8559572183953897,3154.0,0.1972015388472651,28639.0,1.7906324892348842,1452544.0,9181.0,0.6320634693338033,4224.0,0.29080014099400775,12510.0,0.8612475766654918,773.0,0.053216976559746214,25501.0,1.7556094686288333,1146292.0,6093.0,0.5315399566602576,3265.0,0.28483143910975567,8759.0,0.7641159495137365,149.0,0.012998433208990379,17810.0,1.5537053386048232,35766.359375,1759855.0,2.0323469476178433,1452.544,83.6902569054614
ADNI,ADNI-0428_S_PACB179_AD_M_Sagittal_3D_Accelerated_MPRAGE,1.0,1020.8345336914062,1564307.0,10979.0,0.7018443310680065,5188.0,0.3316484551945366,13333.0,0.8523263016786347,10911.0,0.697497358255125,29044.0,1.8566687996665616,1426897.0,7356.0,0.5155242459687,4557.0,0.3193643269275918,11325.0,0.7936802726475702,610.0,0.04275010740088458,22845.0,1.6010265632347673,1135340.0,3797.0,0.33443726108478516,3347.0,0.29480155724276425,7011.0,0.6175242658586855,88.0,0.007750982084661863,13890.0,1.2234220585903783,77660.6640625,1727809.375,4.494747232315486,1426.897,82.21257084648185
ADNI,ADNI-0592_S_PF3DD0E_AD_F_MPRAGE,1.0,1028.078369140625,1573883.0,10666.0,0.6776869691076147,4918.0,0.3124755779177995,11766.0,0.7475778059741417,7842.0,0.49825812973391287,26953.0,1.7125161146031822,1422176.0,8188.0,0.5757374614674977,4160.0,0.2925095065589632,10622.0,0.7468836487185834,941.0,0.06616621290191932,22627.0,1.5910126454109756,1124650.0,4682.0,0.41630729560307655,3180.0,0.2827546347752634,6665.0,0.5926288178544437,97.0,0.008624905526163695,14313.0,1.2726626061441337,42471.82421875,1724848.75,2.4623506390777745,1422.176,81.94056414455015
ADNI,ADNI-1107_S_P2223F7_AD_F_MPRAGE_Repeat,1.0,1017.6832275390625,1596374.0,11132.0,0.6973303248486883,5165.0,0.32354573552312926,13580.0,0.8506778486745588,2745.0,0.17195218664297965,29406.0,1.8420495447808598,1454627.0,10401.0,0.715028663705541,4732.0,0.3253067624896279,12592.0,0.8656514694144959,551.0,0.037879126401476115,27277.0,1.875188622237866,1128033.0,7066.0,0.6264001141810568,3832.0,0.339706373838354,8633.0,0.7653144899129725,118.0,0.010460686877068312,19146.0,1.697290770748728,40897.1484375,1766809.25,2.314746112943432,1454.627,83.8102717243819
ADNI,ADNI-0710_S_P730650_AD_M_Accelerated_Sagittal_MPRAGE,1.0,1012.728515625,1576766.0,10118.0,0.6416931871945488,4934.0,0.31291897466079305,12375.0,0.7848342747116566,6126.0,0.3885167488390795,26983.0,1.7112875341046168,1435449.0,7698.0,0.5362781958815674,4281.0,0.29823421103780073,11092.0,0.7727198946113725,1047.0,0.072938850492076,22654.0,1.578182157638481,1169167.0,4503.0,0.3851460056604403,3295.0,0.28182458109063974,7729.0,0.6610689490893944,34.0,0.002908053340540744,15179.0,1.2982747545902338,60099.1796875,1712510.375,3.5094198881860788,1435.449,82.70530571513679
ADNI,ADNI-1305_S_PBDCA3D_AD_M_Sag_Accel_IR-FSPGR,1.0,1013.41064453125,1561828.0,10946.0,0.7008454195980608,5194.0,0.3325590269863263,14002.0,0.8965135725572855,6211.0,0.397675032077796,29675.0,1.9000171593799062,1414929.0,9682.0,0.6842746173129535,4541.0,0.32093483135902934,12850.0,0.9081727775739984,938.0,0.06629307901668564,26632.0,1.8822145846187335,1092423.0,5907.0,0.5407246094232728,3453.0,0.3160863511661692,7329.0,0.6708939668974381,76.0,0.0069570120731621355,16407.0,1.501890751110147,39702.76953125,1770001.875,2.2430919476427107,1414.929,81.5230185887571
ADNI,ADNI-0709_S_P62C8E2_AD_F_Accelerated_Sagittal_MPRAGE,1.0,1014.0692138671875,1601485.0,10804.0,0.6746238647255516,4807.0,0.30015891500700914,12533.0,0.7825861622181912,3779.0,0.23596849174360046,27712.0,1.730393978089086,1461076.0,9536.0,0.652669676320739,4337.0,0.2968360304323663,11379.0,0.7788095896448919,858.0,0.05872384461862353,24861.0,1.7015541970438224,1142522.0,5851.0,0.5121126770425427,3259.0,0.285246148433028,7117.0,0.6229201713402456,107.0,0.009365246358494629,15994.0,1.3998855164276924,28578.28515625,1760464.25,1.6233380005444589,1461.076,84.18183944748242
ADNI,ADNI-0429_S_P9071CF_AD_F_Sagittal_3D_Accelerated_0_angle_MPRAGE,1.0,1017.322509765625,1590962.0,11218.0,0.7051079786946514,5320.0,0.33438887918127524,14557.0,0.9149809989176361,5127.0,0.3222578540530823,30618.0,1.9244959967617077,1437405.0,10276.0,0.7148994194398934,4928.0,0.34284004855973094,12590.0,0.8758839714624619,1592.0,0.11075514555744553,27339.0,1.9019691736149518,1089066.0,7375.0,0.6771857720285088,4135.0,0.37968314133395037,6653.0,0.6108904327194128,294.0,0.026995609081543265,17815.0,1.6358053598220859,32311.66015625,1776775.25,1.818556407528189,1437.405,82.81800325993206
ADNI,ADNI-1334_S_P6FF7B2_AD_M_CS_Sagittal_MPRAGE_(MSV22),1.0,1023.526123046875,1614951.0,10792.0,0.6682555693640241,5096.0,0.31555136967003955,13881.0,0.8595307226039675,3040.0,0.18824100545465466,29316.0,1.8152872749699525,1470257.0,9096.0,0.6186673486336063,4269.0,0.2903574001007987,12014.0,0.8171360517242904,513.0,0.0348918590423307,25032.0,1.7025594844982883,1140968.0,5938.0,0.5204352795170417,2938.0,0.25750064857208965,6287.0,0.5510233415836377,58.0,0.005083402864935739,14986.0,1.313446126447017,65839.3359375,1724543.75,3.8177828737310953,1470.257,84.71081498877345
ADNI,ADNI-2041_S_PCE1FCF_AD_M_Accelerated_Sagittal_MPRAGE_(MSV21),1.0,1016.3052978515625,1589503.0,11062.0,0.6959408066546587,5015.0,0.3155074259060851,13500.0,0.8493220836953438,5279.0,0.3321163910983496,29134.0,1.832899969361492,1444097.0,9698.0,0.671561536378789,4359.0,0.30184952949836474,11754.0,0.8139342440293138,1439.0,0.0996470458701874,25483.0,1.7646321542112475,1156620.0,6572.0,0.5682073628330826,3501.0,0.302692327644343,7791.0,0.6736006640037351,174.0,0.015043834621569746,17641.0,1.5252200376960452,34781.88671875,1778638.0,1.9555348934831032,1444.097,83.20357175163443
ADNI,ADNI-0857_S_PA98C80_AD_F_Accelerated_Sagittal_MPRAGE_(MSV21),1.0,1020.698486328125,1604329.0,10710.0,0.6675688091407685,5202.0,0.3242477072969447,12943.0,0.8067547242492032,2812.0,0.17527576949615695,28386.0,1.769337835319314,1472822.0,8788.0,0.5966776704856391,4608.0,0.31286876486092685,11679.0,0.7929675140648361,473.0,0.03211521826805955,24648.0,1.673521987042562,1150642.0,4248.0,0.3691852026955387,3636.0,0.31599750400211357,7545.0,0.655720893205706,10.0,0.0008690800440102134,15106.0,1.3128323144818286,44849.875,1754038.75,2.5569489271545454,1472.822,84.85860087957093
ADNI,ADNI-1407_S_P20F99D_AD_M_Accelerated_Sagittal_MPRAGE_ND,1.0,1021.0960693359375,1584878.0,10849.0,0.6845321848117015,5137.0,0.3241258948638318,12795.0,0.8073176610439415,11665.0,0.7360187976613972,28328.0,1.7873930990271805,1430910.0,9447.0,0.6602092374782481,4842.0,0.33838606201647903,12058.0,0.8426805319691665,1524.0,0.10650565025053986,25911.0,1.8108057110510094,1199156.0,6486.0,0.5408804192281905,4016.0,0.3349022145575722,9116.0,0.7602013416102659,152.0,0.012675581825884205,19228.0,1.603461100974352,55324.015625,1727434.0,3.2026702973890755,1430.91,82.44378518557356
ADNI,ADNI-0738_S_P35F439_AD_F_Accelerated_Sagittal_MPRAGE_(MSV21),1.0,1020.5725708007812,1566979.0,10489.0,0.6693771901218842,5075.0,0.32387160261879705,12987.0,0.8287922173813433,6241.0,0.3982822998904261,28092.0,1.7927489774910832,1425245.0,8452.0,0.5930208490470059,4555.0,0.31959417503657267,12109.0,0.8496083129567197,1101.0,0.07724987633705083,24675.0,1.7312812884802262,1134890.0,5156.0,0.45431715849113136,3658.0,0.3223219871529399,7934.0,0.6990985910528774,7.0,0.0006167998660663148,16411.0,1.4460432288591845,43512.10546875,1753841.375,2.4809601420624485,1425.245,82.11738866652186
ADNI,ADNI-2037_S_P3C028F_AD_F_Accelerated_Sagittal_MPRAGE_(MSV21),1.0,1019.6630249023438,1585424.0,10776.0,0.6796919940659407,5042.0,0.3180221820787373,13219.0,0.8337832655491527,4990.0,0.3147423023746329,28571.0,1.80210467357628,1443147.0,8884.0,0.6155991039027902,4281.0,0.2966433772858898,12089.0,0.8376832020577253,542.0,0.03755681160685641,24834.0,1.7208226189016087,1146892.0,5673.0,0.4946411693516042,3402.0,0.2966277557084712,7670.0,0.6687639289488462,110.0,0.009591138485576672,16443.0,1.433700819257611,78521.2578125,1726796.0,4.547222591000906,1443.147,83.14883623652426
ADNI,ADNI-2042_S_PC54653_AD_M_Accelerated_Sagittal_MPRAGE_(MSV21),1.0,1020.2320556640625,1586750.0,10687.0,0.6735150464786513,4974.0,0.3134709311485741,12877.0,0.8115330077201827,3948.0,0.2488104616354183,28083.0,1.769844020797227,1436005.0,9322.0,0.649162085090233,4369.0,0.3042468515081772,11745.0,0.8178940881125066,1248.0,0.08690777539075421,25020.0,1.742333766247332,1130245.0,6330.0,0.560055563174356,3197.0,0.2828590261403501,7814.0,0.6913545293277121,183.0,0.016191179788452945,17047.0,1.5082570593101494,33450.65625,1766044.25,1.8941006857557503,1436.005,82.73734039555917
ADNI,ADNI-2043_S_P2F75A8_AD_F_Accelerated_Sagittal_MPRAGE_(MSV21),1.0,1018.1923828125,1624754.0,11124.0,0.6846574927650586,5038.0,0.3100777102256711,14191.0,0.8734245307289596,11263.0,0.6932126340356756,29880.0,1.8390476342880213,1498465.0,10451.0,0.6974470541520823,4509.0,0.3009079291141268,12865.0,0.8585452446336751,5435.0,0.3627045009392945,27396.0,1.8282709305856328,1157228.0,7733.0,0.6682347817370475,3313.0,0.2862875768647146,8663.0,0.7485992388708189,1507.0,0.13022498591461665,19368.0,1.6736546298568646,12308.9150390625,1804040.75,0.6822969513888475,1498.465,86.33605647322368
ADNI,ADNI-0786_S_P9A2292_AD_M_Accelerated_Sagittal_MPRAGE_(MSV21),1.0,1016.111083984375,1581583.0,11018.0,0.6966438056048908,5031.0,0.31809901851499417,12494.0,0.7899680257058908,2727.0,0.17242218713782329,28097.0,1.7765112548630075,1444508.0,10137.0,0.7017614301893794,4648.0,0.32177045748448607,11448.0,0.7925189753189321,526.0,0.03641378240895862,25811.0,1.7868367637977773,1129168.0,6519.0,0.5773277315687302,3379.0,0.2992468791180763,7143.0,0.6325896589347201,46.0,0.004073795927621045,16796.0,1.4874668782678928,41214.38671875,1758560.875,2.3436428789392916,1444.508,83.22725206396105
ADNI,ADNI-0739_S_P30FCF4_AD_F_Accelerated_Sagittal_MPRAGE_(MSV21),1.0,1027.5167236328125,1630474.0,11121.0,0.6820715939045946,5102.0,0.3129151400144988,13231.0,0.8114818144907554,3916.0,0.24017555631061888,28991.0,1.7780718981106107,1526333.0,10325.0,0.6764578895955208,4803.0,0.3146757621043377,12584.0,0.824459669023732,496.0,0.0324961853016347,27267.0,1.786438477055793,1253846.0,7364.0,0.5873129554985221,3671.0,0.2927791770281199,8315.0,0.6631595905717289,70.0,0.0055828227708985,19018.0,1.5167731922421095,51576.55859375,1736926.25,2.969415574999226,1526.333,87.94170840489762
ADNI,ADNI-0404_S_PB67FF4_AD_M_Sagittal_3D_Accelerated_MPRAGE_(MSV21),1.0,1018.8845825195312,1593135.0,11225.0,0.7045856126442518,5201.0,0.32646323130180427,13125.0,0.8238473199069759,11731.0,0.7363468883679035,29083.0,1.8255201222746344,1453079.0,10268.0,0.7066374230169179,4620.0,0.3179455487279081,11728.0,0.8071137219655642,3390.0,0.2332977078328157,26203.0,1.803274288596835,1126102.0,7023.0,0.623655761201028,3723.0,0.3306094829775633,7559.0,0.6712535809367179,506.0,0.04493376266093125,17986.0,1.5971910182203743,19822.60546875,1748567.25,1.1336484466782732,1453.079,83.72108164291816
ADNI,ADNI-0827_S_P139A89_AD_M_Accelerated_Sagittal_MPRAGE,1.0,1022.117919921875,1589018.0,11143.0,0.7012507095577268,5075.0,0.31937964201790037,12523.0,0.7880967994069293,5873.0,0.36959933745243917,28303.0,1.7811629572478096,1448470.0,9985.0,0.6893480707229007,4158.0,0.2870615200867122,10583.0,0.7306330127651937,774.0,0.05343569421527543,24392.0,1.6839837897919874,1132583.0,6251.0,0.5519242298356941,3285.0,0.2900449680067598,6882.0,0.6076375859429286,75.0,0.0066220312330310446,16152.0,1.4261206463455658,41075.9453125,1749519.25,2.347841860699732,1448.47,83.4555279701363
ADNI,ADNI-1880_S_P0805A4_AD_F_CS_Sagittal_MPRAGE_(MSV22),1.0,1022.23828125,1594473.0,11202.0,0.7025518776423307,5102.0,0.3199803320595582,13037.0,0.8176369245512467,5693.0,0.35704587032831536,28877.0,1.8110686101301183,1439148.0,10457.0,0.7266104667483817,4732.0,0.32880565445666465,11024.0,0.7660087774155264,1362.0,0.09463932826922596,25768.0,1.7905038258747537,1118136.0,7403.0,0.662084039866349,3792.0,0.33913584751765435,6101.0,0.5456402441205721,55.0,0.0049189007419491015,17008.0,1.521102978528551,33712.53515625,1767020.75,1.9078743221464718,1439.148,82.91842852607628
ADNI,ADNI-1438_S_P6D1507_AD_F_Accelerated_Sagittal_MPRAGE_ND,1.0,1020.3236083984375,1592268.0,10048.0,0.6310495469355661,4592.0,0.28839366237341957,12005.0,0.753955992332949,4275.0,0.26848495353797225,26261.0,1.6492826584469447,1458008.0,7301.0,0.5007517105530286,3506.0,0.24046507289397587,10199.0,0.6995160520381233,712.0,0.04883375125513715,20700.0,1.4197452963221053,1169853.0,4130.0,0.3530358087725552,2618.0,0.22378880081514516,6420.0,0.5487868988667808,55.0,0.0047014453952761584,12936.0,1.1057799569689526,49679.390625,1728933.375,2.8734126683742223,1458.008,84.00507254184242
ADNI,ADNI-0282_S_PD1DD2C_AD_F_Accelerated_Sagittal_MPRAGE_(MSV21),1.0,1018.8713989257812,1612511.0,11016.0,0.6831581303941492,4943.0,0.3065405445296187,12896.0,0.7997464823495778,5377.0,0.333455089608691,28415.0,1.7621585217093092,1483579.0,9983.0,0.6728997916524837,4296.0,0.28957001952710304,11600.0,0.7818929763767215,1506.0,0.10151127779511573,25476.0,1.71719874708391,1157738.0,5836.0,0.5040864167885999,3102.0,0.2679362688276622,6730.0,0.5813059604159145,210.0,0.018138818972859145,15453.0,1.3347579504171065,21243.080078125,1768522.125,1.201176947567167,1483.579,85.47837975961315
ADNI,ADNI-0748_S_PFE9C8D_AD_F_Accelerated_Sagittal_MPRAGE_(MSV21),1.0,920.9451904296875,1610168.0,10694.0,0.6641542994271405,5130.0,0.3186002951244839,13541.0,0.8409681474231261,5729.0,0.3558013822160172,28905.0,1.7951542944587149,1477140.0,9295.0,0.6292565362795672,4739.0,0.3208226708368875,12393.0,0.838986148909379,621.0,0.042040700272147534,26013.0,1.7610382225110688,1190882.0,6367.0,0.5346457499567547,3480.0,0.2922203879141678,8557.0,0.7185430630406707,33.0,0.00277105540263435,18151.0,1.5241644428247298,57905.41796875,1760690.5,3.288790276811853,1477.14,85.10738819982957
ADNI,ADNI-2002_S_PFAB59F_AD_M_Accelerated_Sagittal_MPRAGE_(MSV21),1.0,1018.83984375,1600969.0,9785.0,0.6111923466350692,4927.0,0.30775111822902257,12612.0,0.7877729050343886,5908.0,0.36902650832089817,26897.0,1.6800450227331072,1464658.0,7094.0,0.4843451508816393,4187.0,0.28586878301965374,11217.0,0.7658443131434096,1043.0,0.0712111632886312,22131.0,1.511001203011215,1210505.0,3855.0,0.31846212944184454,3104.0,0.25642190655965896,7924.0,0.6546028310498511,86.0,0.00710447292658849,14620.0,1.2077603975200433,58792.43359375,1723726.375,3.410775309030704,1464.658,84.38822114761362
ADNI,ADNI-1649_S_P1B553E_AD_F_MP-RAGE_REPEAT,1.0,1024.6357421875,1572212.0,8822.0,0.5611202560468944,4658.0,0.29627047751829905,11129.0,0.7078561924218871,9973.0,0.6343292125998274,24217.0,1.5403139016875587,1405077.0,5283.0,0.37599362881891885,3814.0,0.2714441984318297,9348.0,0.6653016169220619,1532.0,0.10903317042411198,18116.0,1.2893243573128021,1115696.0,2757.0,0.2471103239592147,2823.0,0.2530259138690109,5861.0,0.5253223100199337,99.0,0.008873384864694325,11198.0,1.0036784213620915,51355.76171875,1713750.125,2.9966890137353017,1405.077,80.95538248889878
ADNI,ADNI-0730_S_P99ACD5_AD_M_Accelerated_Sagittal_MPRAGE_(MSV21),1.0,1011.63427734375,1574240.0,10757.0,0.683313853033845,5079.0,0.32263187315784125,12836.0,0.8153775790222584,9157.0,0.5816775078768168,28212.0,1.792102855981299,1440856.0,9168.0,0.6362884285452537,4157.0,0.28850905295185636,11518.0,0.7993859205916483,1090.0,0.07564947503428518,24443.0,1.6964221268468187,1150031.0,5569.0,0.48424781592844013,3240.0,0.28173153593250966,7289.0,0.6338090016703897,93.0,0.00808673853139611,15834.0,1.3768324506035055,43387.9296875,1737947.75,2.4965036887616443,1440.856,83.01683722061121
ADNI,ADNI-0380_S_P95FECE_AD_F_MPRAGE,1.0,1024.5028076171875,1559390.0,9894.0,0.634478866736352,5042.0,0.3233315591353029,13163.0,0.844112120765171,6961.0,0.4463924996312661,27656.0,1.7735140022701184,1413709.0,6642.0,0.46982794903335834,3886.0,0.2748797666280684,11541.0,0.8163631978009619,889.0,0.06288422864960186,21687.0,1.534049793840175,1104532.0,3606.0,0.32647311259429335,2656.0,0.24046383445658434,7391.0,0.669152183911376,15.0,0.0013580412337533,13400.0,1.213183502152948,54690.8671875,1750624.375,3.1240777843904977,1413.709,81.4527266640893
ADNI,ADNI-0218_S_P724FD5_AD_M_Accelerated_Sagittal_MPRAGE_(MSV21),1.0,1016.414794921875,1570132.0,11024.0,0.7021065744790883,5118.0,0.3259598556044969,13867.0,0.8831741535106602,4513.0,0.28742806337301574,29540.0,1.88137048350075,1431524.0,9744.0,0.6806731846619407,4535.0,0.3167952475822969,12529.0,0.8752210930448948,653.0,0.04561572142695477,26395.0,1.8438391532380873,1135129.0,6086.0,0.5361505168135076,3631.0,0.3198755383749336,8286.0,0.7299610881230238,75.0,0.006607178567369876,17703.0,1.5595584290419855,43354.41015625,1745862.375,2.4832661942353846,1431.524,82.47916161323424
ADNI,ADNI-2046_S_PC5A0F5_AD_F_Accelerated_Sagittal_MPRAGE_(MSV21),1.0,1019.658447265625,1614739.0,10715.0,0.6635747325109507,5081.0,0.3146638558925003,13869.0,0.8589004167236933,1530.0,0.09475215499223094,29199.0,1.8082798520380072,1473531.0,9066.0,0.6152568218788746,4481.0,0.3040994726273149,12379.0,0.8400909108800562,212.0,0.014387210041729695,25521.0,1.731962205070677,1142267.0,5578.0,0.48832715993721254,3486.0,0.30518258865921893,7387.0,0.6466964378731067,13.0,0.0011380876800257734,16151.0,1.4139426246227895,60669.3125,1747953.875,3.470876055010319,1473.531,84.89945085874263
ADNI,ADNI-0643_S_P10BB22_AD_M_Accelerated_Sagittal_IR-FSPGR,1.0,1028.775390625,1565446.0,11104.0,0.7093186222967768,5271.0,0.33670915509062593,14784.0,0.944395399138648,8329.0,0.532052846281507,30685.0,1.960144265595875,1438888.0,10214.0,0.7098537203729547,4756.0,0.3305330227231028,13383.0,0.9300932386676378,1133.0,0.0787413613846248,27910.0,1.939692317956644,1116269.0,6537.0,0.5856115327040345,3615.0,0.32384667136684797,8198.0,0.7344107916640165,119.0,0.010660512833376184,17974.0,1.6101853585470887,36652.375,1752967.75,2.090875602246533,1438.888,82.90344827983562
ADNI,ADNI-0285_S_PF6DBE5_AD_F_Accelerated_Sagittal_MPRAGE_(MSV21),1.0,1023.3379516601562,1606128.0,10930.0,0.6805186137094926,5153.0,0.3208337069025632,13464.0,0.8382893517826723,6196.0,0.3857724913580985,29084.0,1.8108145801579947,1467732.0,9571.0,0.6520945240684267,4580.0,0.3120460683558034,12099.0,0.8243330526281364,1462.0,0.09960946548824991,25834.0,1.76013059604887,1189668.0,6194.0,0.5206494585043895,3579.0,0.3008402344183419,8410.0,0.7069199137910744,129.0,0.010843361341147278,17885.0,1.503360601445109,33957.21484375,1761776.75,1.9274414220615637,1467.732,84.56533375124378
ADNI,ADNI-1949_S_PED878C_AD_F_Accelerated_Sagittal_MPRAGE_(MSV21),1.0,1022.3243408203125,1600311.0,10986.0,0.6864915632024026,5029.0,0.31425141738074663,13773.0,0.8606452120869006,2397.0,0.14978338585437456,29315.0,1.8318314377642846,1454299.0,9999.0,0.6875477463712758,4567.0,0.314034459213683,12242.0,0.8417801291206278,486.0,0.03341816228987299,26371.0,1.813313493305022,1152551.0,7314.0,0.634592308713454,3697.0,0.3207667166138418,8102.0,0.7029623851786169,101.0,0.008763169699215045,18789.0,1.630209856223282,51340.30859375,1779010.875,2.885890655038857,1454.299,83.79137356758596
ADNI,ADNI-1942_S_PC8948D_AD_M_Accelerated_Sagittal_MPRAGE_(MSV21),1.0,1019.7255859375,1608675.0,10581.0,0.657746281877943,5068.0,0.31504188229443486,13715.0,0.8525649991452593,2700.0,0.1678399925404448,28896.0,1.79626089794396,1476840.0,9165.0,0.6205817827252783,4511.0,0.30544947319953414,12266.0,0.8305571355055389,656.0,0.044419165244711685,25508.0,1.7272013217410145,1170399.0,5979.0,0.5108514275900783,3381.0,0.2888758449041737,8046.0,0.687457866932559,88.0,0.007518803416612626,17069.0,1.4583915399791012,40732.890625,1763847.75,2.3093201000483177,1476.84,85.09010330032109
ADNI,ADNI-1810_S_P2B4331_AD_F_Accelerated_Sagittal_MPRAGE,1.0,1017.0847778320312,1572681.0,9564.0,0.6081334994191447,4875.0,0.30998021849313373,11979.0,0.7616929307342049,5644.0,0.3588776109077429,26013.0,1.6540544458793616,1439629.0,6632.0,0.4606742431557019,4258.0,0.29577064646516565,10991.0,0.763460586025983,461.0,0.03202213903721028,21500.0,1.493440323861217,1139882.0,3763.0,0.33012188980964696,3447.0,0.3023997220764956,7531.0,0.6606824215138059,2.0,0.00017545675780475522,14434.0,1.2662714210769186,55174.625,1736604.625,3.1771552491402586,1439.629,82.94614198162155
ADNI,ADNI-1981_S_PD1601F_AD_F_Accelerated_Sagittal_MPRAGE_(MSV21),1.0,1020.2443237304688,1592600.0,11146.0,0.6998618611076227,5117.0,0.3212985055883461,13823.0,0.8679517769684792,5316.0,0.33379379630792416,29615.0,1.8595378626145926,1459730.0,10312.0,0.7064320113993684,4739.0,0.3246490789392559,12434.0,0.8518013605255768,1209.0,0.08282353585937126,27041.0,1.8524658669753995,1162114.0,7460.0,0.6419335796660225,3735.0,0.3213970402215273,7882.0,0.6782467124567814,98.0,0.008432907614915577,18733.0,1.6119761056144235,35487.6796875,1751243.5,2.0264274892383614,1459.73,84.10428786502106
ADNI,ADNI-1979_S_PD7BBB5_AD_F_Accelerated_Sagittal_MPRAGE_(MSV21),1.0,1020.7608032226562,1650170.0,11180.0,0.6775059539320191,5150.0,0.3120890574910464,13757.0,0.8336716823115196,6932.0,0.4200779313646473,29618.0,1.7948453795669537,1530156.0,10614.0,0.6936547646122356,4672.0,0.3053283456065918,12617.0,0.8245564504534179,2351.0,0.1536444650087965,27490.0,1.7965488486141281,1222103.0,7307.0,0.5979037773411897,3385.0,0.2769815637470819,7575.0,0.6198331891829085,288.0,0.023565935113488798,18025.0,1.4749165986827624,21362.55078125,1734204.625,1.2318356480712305,1530.156,88.16197564096728
ADNI,ADNI-1962_S_PC3AECD_AD_F_Accelerated_Sagittal_MPRAGE_(MSV21),1.0,1026.87060546875,1622538.0,11029.0,0.6797375469788689,5114.0,0.3151852221642883,13800.0,0.8505193715031636,6229.0,0.3839047221082033,29482.0,1.817029863091034,1493828.0,10414.0,0.6971351454116539,4815.0,0.32232626513895846,12713.0,0.8510350589224462,1958.0,0.13107265361206244,27512.0,1.8417113616828713,1178753.0,6476.0,0.5493941478833988,3386.0,0.28725271536954733,8051.0,0.6830099265919154,280.0,0.023753916214847386,17634.0,1.495987709045067,19949.712890625,1762014.625,1.1322104032266473,1493.828,86.06888954315434
ADNI,ADNI-1968_S_PEA899F_AD_F_Accelerated_Sagittal_MPRAGE_(MSV21),1.0,1012.0767822265625,1630117.0,11197.0,0.6868832114504665,5200.0,0.3189955076844177,13848.0,0.8495095750795801,8772.0,0.538120883347637,29770.0,1.8262492814932914,1512481.0,10866.0,0.7184222479488999,4927.0,0.32575615825917814,12845.0,0.849266866823451,3070.0,0.20297775641479132,28186.0,1.8635606001001004,1192228.0,7524.0,0.6310873423539792,3718.0,0.3118531019234576,8331.0,0.6987757375267147,529.0,0.04437070761632842,19234.0,1.6132820232371659,16232.3291015625,1798877.5,0.9023587821606808,1512.481,87.14360697825963
ADNI,ADNI-1967_S_PBE2962_AD_F_Accelerated_Sagittal_MPRAGE_(MSV21),1.0,1020.437255859375,1611175.0,10619.0,0.6590842087296539,4748.0,0.2946917622232222,12444.0,0.7723555790029016,1774.0,0.11010597855602278,27409.0,1.7011808152435335,1491625.0,9160.0,0.6140953657923406,4271.0,0.28633202044749856,11019.0,0.7387245453783625,249.0,0.016693203720774326,24089.0,1.6149501382720188,1175052.0,5419.0,0.46117108008837054,3086.0,0.26262667524501043,7258.0,0.6176747922645126,51.0,0.0043402334534982275,15528.0,1.3214734326651076,53631.3203125,1739337.625,3.083433575036934,1491.625,85.94196076443045
ADNI,ADNI-1976_S_P476C97_AD_F_Accelerated_Sagittal_MPRAGE_(MSV21),1.0,1014.470947265625,1582315.0,10799.0,0.6824810483374044,4929.0,0.3115056104505108,12322.0,0.7787324268555882,3614.0,0.22839952853888132,27597.0,1.744090146399421,1437831.0,9604.0,0.6679505449527796,4394.0,0.305599197680395,11168.0,0.7767254983374263,686.0,0.047710753210912824,24744.0,1.720925477333567,1138558.0,5716.0,0.5020385434909772,3036.0,0.26665308223208656,6664.0,0.5853017588915101,111.0,0.009749173955125694,15131.0,1.3289617217568188,27075.275390625,1769956.125,1.5297144945118344,1437.831,82.84254781723408
ADNI,ADNI-1954_S_PB15452_AD_M_Accelerated_Sagittal_MPRAGE_(MSV21),1.0,1024.9093017578125,1603496.0,11043.0,0.6886827282387983,4944.0,0.30832630701916314,13901.0,0.8669182835504423,4937.0,0.3078897608724936,29423.0,1.8349281819224992,1470063.0,10184.0,0.6927594259565746,4437.0,0.3018237993881895,12432.0,0.8456780423696127,1411.0,0.0959822810314932,26631.0,1.8115550149891535,1155906.0,6569.0,0.5682988063043188,3276.0,0.28341404923929797,7850.0,0.679120966583788,192.0,0.016610347208163987,17406.0,1.5058317890901163,22278.896484375,1770861.875,1.258082112382424,1470.063,84.69963742042465
ADNI,ADNI-1964_S_PEAC3D5_AD_F_Accelerated_Sagittal_MPRAGE_(MSV21),1.0,1020.3654174804688,1613742.0,10992.0,0.6811497748710761,5118.0,0.317151068758203,12208.0,0.7565025883939316,10481.0,0.6494842422146787,27858.0,1.726298255855025,1484043.0,10311.0,0.6947911886650184,4787.0,0.3225647774356943,10761.0,0.7251137601808033,4592.0,0.3094249964455208,25436.0,1.7139665090566782,1150488.0,6650.0,0.5780155899061963,3013.0,0.26188886802817585,6040.0,0.52499461098247,1135.0,0.09865378865316282,15438.0,1.3418653649581744,13507.953125,1763749.625,0.765865683741818,1484.043,85.50511373751958
ADNI,ADNI-2039_S_P96E0E5_AD_F_Accelerated_Sagittal_MPRAGE_(MSV21),1.0,1016.368408203125,1592991.0,11184.0,0.7020755296169282,5119.0,0.3213451927851444,13137.0,0.824675092326322,10673.0,0.6699975078327498,28991.0,1.8199098425540385,1459749.0,10668.0,0.7308105708584147,4639.0,0.31779436053732524,11921.0,0.8166472455196064,3462.0,0.23716406039668464,26812.0,1.8367541269081193,1180907.0,6998.0,0.5925953525552817,3570.0,0.3023100040900765,8434.0,0.7141967995786289,313.0,0.026505050778765814,18712.0,1.5845447609337568,25345.6953125,1746454.125,1.4512660223754803,1459.749,84.10538257532328
ADNI,ADNI-0215_S_PBCA507_AD_F_Accelerated_Sagittal_MPRAGE_(MSV21),1.0,1022.4866943359375,1616767.0,10477.0,0.6480216382447193,5110.0,0.31606285877927986,13804.0,0.8538026815243013,6617.0,0.40927356879500876,28924.0,1.7890023732547733,1479764.0,8589.0,0.5804303929545522,4185.0,0.2828153678559554,12143.0,0.8206038260154997,943.0,0.06372637799000382,24499.0,1.6556018392121987,1189587.0,5565.0,0.46780941620915495,3386.0,0.28463660076984704,7469.0,0.6278649648995829,122.0,0.010255660157684978,16109.0,1.3541674547553058,49422.9921875,1748646.75,2.826356563296732,1479.764,85.25857345419703
ADNI,ADNI-2049_S_PB8D99D_AD_F_Accelerated_Sagittal_MPRAGE_(MSV21),1.0,1019.4051513671875,1604154.0,10493.0,0.6541142558632151,5126.0,0.3195453803063796,14052.0,0.8759757479643476,6029.0,0.3758367338796649,29206.0,1.8206481422606557,1466985.0,8563.0,0.5837142165734482,4374.0,0.298162557899365,12806.0,0.872946894480857,396.0,0.02699414104438696,25337.0,1.7271478576808896,1170931.0,4978.0,0.42513179683516794,3293.0,0.28122920991928646,8156.0,0.6965397619501064,25.0,0.0021350532183365203,16142.0,1.3785611620155245,58834.8359375,1740095.0,3.3811278083955183,1466.985,84.52229435146769
ADNI,ADNI-1306_S_P691144_AD_M_Sag_Accel_IR-FSPGR,1.0,1019.71044921875,1532006.0,10401.0,0.6789137901548689,5121.0,0.33426762036180013,12995.0,0.8482342758448727,11159.0,0.7283914031668284,28056.0,1.8313244204004424,1393789.0,8308.0,0.5960730067463583,4297.0,0.30829630596883745,10497.0,0.7531269080183586,665.0,0.047711669413376054,22696.0,1.6283669909864407,1104046.0,4331.0,0.39228437945520384,3178.0,0.28785032507703484,5783.0,0.5238006387415017,73.0,0.006612043338773928,13033.0,1.1804761758115152,51729.15625,1743159.625,2.967551307872909,1393.789,80.30500933672656
ADNI,ADNI-1307_S_P58BDCC_AD_F_Sag_Accel_IR-FSPGR,1.0,1024.9832763671875,1577951.0,10592.0,0.6712502479481303,5027.0,0.3185776998145063,13978.0,0.8858323230569263,7879.0,0.49931841990023773,29130.0,1.8460649285053845,1433359.0,8498.0,0.5928731043653405,4312.0,0.3008318223138795,12045.0,0.8403337893716787,672.0,0.04688288139956564,24432.0,1.7045276165984935,1125936.0,4350.0,0.3863452274374387,3359.0,0.29832956757755325,6926.0,0.615132654076253,102.0,0.00905912947094684,14333.0,1.2729853206576573,46108.2109375,1763705.875,2.614280056049595,1433.359,82.58488758189442
ADNI,ADNI-0754_S_P6D9D48_AD_F_Accelerated_Sagittal_MPRAGE_(MSV21),1.0,1018.792236328125,1586847.0,10968.0,0.6911819475979726,4961.0,0.31263253483165043,12388.0,0.780667575386915,5812.0,0.36626089345727725,27869.0,1.7562499724296041,1445955.0,10085.0,0.6974629224284297,4348.0,0.30070092084470124,11103.0,0.767866219903109,963.0,0.0665995829745739,25115.0,1.7369143576390689,1104663.0,3150.0,0.2851548390776192,2102.0,0.19028427674322396,4579.0,0.4145155581385454,185.0,0.016747188961701444,9629.0,0.8716685541201254,30065.091796875,1762973.125,1.7053630240038402,1445.955,83.31062289592359
ADNI,ADNI-2007_S_P380ECB_AD_M_Accelerated_Sagittal_MPRAGE_(MSV21),1.0,1019.410400390625,1581628.0,10463.0,0.6615335590922771,5013.0,0.31695190019397734,13105.0,0.8285766311673795,4994.0,0.3157506063372677,28120.0,1.7779149079303096,1435929.0,8548.0,0.5952940570181394,4400.0,0.3064218356200063,11673.0,0.8129232016346213,613.0,0.042690133007969054,24205.0,1.685668302541421,1165712.0,5674.0,0.48674115047284405,3599.0,0.3087383504673539,7851.0,0.6734939676352306,118.0,0.010122568867782095,16788.0,1.4401498826468286,68357.2109375,1722730.625,3.9679570297010303,1435.929,82.73296155435035
ADNI,ADNI-0761_S_P919B0B_AD_M_Accelerated_Sagittal_MPRAGE_(MSV21),1.0,1018.0400390625,1558358.0,10356.0,0.6645456307215672,4973.0,0.31911794337373056,12607.0,0.8089925421501349,5611.0,0.36005847180172973,27505.0,1.7649988000189945,1418173.0,8288.0,0.5844138902658561,3932.0,0.27725813423327056,10478.0,0.7388379273896767,912.0,0.06430809217211159,22351.0,1.5760418510294583,1132239.0,5221.0,0.46112172430025816,3158.0,0.2789163771959807,6229.0,0.5501488643298809,52.0,0.004592669922163077,14338.0,1.2663404104610423,52190.58984375,1746533.25,2.988239121342236,1418.173,81.70992596877541
ADNI,ADNI-1466_S_P560192_AD_M_Accelerated_Sagittal_MPRAGE_(MSV21),1.0,1026.2001953125,1601389.0,11098.0,0.6930233690877108,5294.0,0.3305880082853073,15198.0,0.9490511050094637,5016.0,0.3132280788740275,31116.0,1.9430631782783572,1465741.0,9455.0,0.645066215654744,4573.0,0.31199236427172333,13948.0,0.95160058973584,967.0,0.06597345642920543,27566.0,1.8806869699353432,1155145.0,5523.0,0.4781217942336244,3320.0,0.2874098056953889,9204.0,0.7967830878374577,168.0,0.014543628721935343,17812.0,1.5419709213994781,42188.10546875,1771666.75,2.3812664243289547,1465.741,84.45061963483921
ADNI,ADNI-1498_S_PD906AD_AD_M_Accelerated_Sagittal_IR-FSPGR,1.0,1024.733154296875,1572415.0,10972.0,0.697780166177504,5234.0,0.33286377960016916,14317.0,0.9105102660557168,7774.0,0.4943987433342979,30053.0,1.9112638838983347,1410705.0,9748.0,0.6910020167221355,4836.0,0.34280731974438317,13228.0,0.937687184776406,1093.0,0.07747899100095341,27390.0,1.941582400289217,1126007.0,6583.0,0.5846322447373773,3563.0,0.3164278730061181,8461.0,0.7514162878205908,166.0,0.014742359505757956,18328.0,1.627698584467059,42260.55078125,1756447.625,2.406023964491967,1410.705,81.27964720367777
ADNI,ADNI-0828_S_PF619FB_AD_F_Accelerated_Sagittal_MPRAGE,1.0,1022.3922119140625,1592945.0,10829.0,0.6798100373835883,5000.0,0.31388403240538754,12780.0,0.8022875868281704,7517.0,0.47189325431825957,28166.0,1.768171531346029,1448976.0,8596.0,0.5932465410055101,3972.0,0.2741246231821645,10696.0,0.7381764777332406,1258.0,0.08681993352546902,22963.0,1.5847743509899406,1159671.0,4784.0,0.4125307953721357,3065.0,0.26429909862366135,6794.0,0.585855816002987,82.0,0.007070970990910352,14440.0,1.2451807452286034,38118.125,1731444.0,2.2015222554122453,1448.976,83.48468183397392
ADNI,ADNI-0149_S_P085ECB_AD_M_Accelerated_Sagittal_MPRAGE_(MSV21),1.0,1024.7333984375,1579948.0,10875.0,0.6883137926058326,5107.0,0.32323848632992985,13096.0,0.828888039353194,8628.0,0.5460939220784482,28620.0,1.8114520224716257,1434608.0,8744.0,0.6095044778782776,4255.0,0.2965967009803375,11909.0,0.8301222354817483,680.0,0.047399707794742535,24490.0,1.7070865351371245,1147671.0,5205.0,0.4535271867983072,3392.0,0.29555508503743666,7956.0,0.6932300284663462,28.0,0.0024397235793184634,16216.0,1.4129484843652929,63307.0625,1746402.125,3.624999167932185,1434.608,82.65685038018137
ADNI,ADNI-1226_S_P45215A_AD_M_Accelerated_Sagittal_MPRAGE_(MSV21),1.0,1027.6195068359375,1580188.0,11092.0,0.7019417942675176,5133.0,0.32483476649613846,13152.0,0.832306029409159,8063.0,0.510255741721871,28909.0,1.8294658610241314,1442298.0,10202.0,0.7073434200144492,4700.0,0.3258688565053824,12133.0,0.8412269863786818,734.0,0.050891008654244826,26615.0,1.8453190672107982,1156671.0,7415.0,0.6410638807405045,3845.0,0.33241950390387587,8169.0,0.7062509564085206,62.0,0.0053602104660703,19115.0,1.6525874686924804,48802.5703125,1738110.0,2.8077952668415693,1442.298,83.09991997091527
ADNI,ADNI-1653_S_P5C5D9F_AD_M_Sagittal_3D_Accelerated_MPRAGE_(MSV21),1.0,1013.738037109375,1572033.0,11166.0,0.7102904328344252,5085.0,0.32346649211562356,12207.0,0.7765104167660603,9358.0,0.5952801245266479,28033.0,1.7832322858362388,1433883.0,9933.0,0.6927343444339601,4033.0,0.2812642314610048,9850.0,0.6869458665734931,961.0,0.06702080992661186,23534.0,1.6412775658822931,1103940.0,6680.0,0.6051053499284381,2595.0,0.2350671232132181,5437.0,0.4925086508324728,146.0,0.01322535645053173,14563.0,1.3191840136239288,44973.8515625,1731965.75,2.5966940490884416,1433.883,82.61507853970255
ADNI,ADNI-1928_S_P4EC27E_AD_M_Accelerated_Sagittal_MPRAGE,1.0,1017.6749267578125,1579919.0,10885.0,0.6889593707019157,4972.0,0.31469967764170187,12486.0,0.7902936796126889,9875.0,0.62503204278194,27900.0,1.7659133158092284,1411070.0,9414.0,0.6671532950172564,4327.0,0.3066467290779337,11314.0,0.8018028871707286,1964.0,0.1391851573628523,24664.0,1.7478934425648622,1131435.0,5900.0,0.5214616836141714,3318.0,0.29325590953081704,7869.0,0.6954884726033753,267.0,0.0235983507669464,16787.0,1.4836910648866264,38619.83984375,1751008.375,2.205577106034687,1411.07,81.30067716474642
ADNI,ADNI-0870_S_P61611E_AD_M_Accelerated_Sagittal_MPRAGE_(MSV21),1.0,1021.7341918945312,1592779.0,10662.0,0.6693960681299791,5041.0,0.3164908628252884,12633.0,0.7931420492108447,2517.0,0.15802568969078573,27885.0,1.7507136897209217,1447301.0,9323.0,0.6441645518105771,4510.0,0.31161451557070713,11319.0,0.7820764305420919,537.0,0.03710354653247666,24741.0,1.7094578114711452,1156828.0,5000.0,0.43221637097304005,3568.0,0.3084296023263614,7089.0,0.6127963707655762,118.0,0.010200306354963745,15388.0,1.3301891033066282,41626.0390625,1765721.625,2.357451960328118,1447.301,83.38817447838494
ADNI,ADNI-1927_S_P5FFBB3_AD_F_Accelerated_Sagittal_MPRAGE,1.0,1011.449462890625,1619412.0,10287.0,0.6352305651680981,4850.0,0.29949142034269227,14050.0,0.8675988568690365,3030.0,0.1871049492037851,28758.0,1.77582974561137,1479359.0,8628.0,0.5832255726973642,4226.0,0.28566426404949713,12738.0,0.8610486028070266,830.0,0.05610538077640383,25213.0,1.704319235560807,1161607.0,5646.0,0.48605078998318707,3280.0,0.2823674444110616,8626.0,0.7425919437468955,40.0,0.0034435054196470926,17256.0,1.4855282380357557,32968.39453125,1782083.125,1.8499919599008603,1479.359,85.2352388398606
ADNI,ADNI-1686_S_P46A945_AD_M_Accelerated_Sagittal_MPRAGE_(MSV22),1.0,1022.6395263671875,1609840.0,11204.0,0.695969785817224,5263.0,0.3269268995676589,14873.0,0.9238806341002832,4947.0,0.3072976196392188,30871.0,1.9176439894647914,1480270.0,10623.0,0.7176393495781175,4887.0,0.33014247400812013,13745.0,0.9285468191613692,617.0,0.0416815851162288,28807.0,1.9460638937491133,1182923.0,8278.0,0.6997919560275689,4040.0,0.3415268787571127,9785.0,0.8271882447124623,73.0,0.006171153997343868,21721.0,1.8362141914562486,44738.84375,1780654.375,2.512494528872286,1480.27,85.28772731803465
ADNI,ADNI-2008_S_PCD89AB_AD_M_Accelerated_Sagittal_MPRAGE_(MSV21),1.0,1023.0225219726562,1565901.0,9970.0,0.6366941460539332,4886.0,0.312024834264746,12513.0,0.7990926629461249,5981.0,0.3819526266347617,26935.0,1.7200959703071905,1408661.0,7691.0,0.5459794798038705,4351.0,0.3088748818913848,11580.0,0.8220572586307139,1215.0,0.08625212169570962,23218.0,1.6482319024946384,1130959.0,4635.0,0.40982918036816546,3238.0,0.28630569277931384,8008.0,0.7080716453912123,87.0,0.00769258655707236,15585.0,1.3780340401376177,53959.984375,1741459.25,3.0985499301806807,1408.661,81.16187942169336
ADNI,ADNI-0612_S_P768E94_AD_F_HS_Sagittal_MPRAGE_(MSV22),1.0,1029.8623046875,1618056.0,10973.0,0.6781594703767978,5153.0,0.31846858205154827,15109.0,0.9337748508086247,4455.0,0.27533039647577096,30759.0,1.9009848855663833,1476203.0,9664.0,0.654652510528701,4638.0,0.3141844312740185,14103.0,0.9553564110085131,884.0,0.059883362925017766,27959.0,1.8939807059056242,1164422.0,6279.0,0.5392374929364097,3777.0,0.3243669391337505,8631.0,0.741226119053058,148.0,0.012710168650197267,18328.0,1.5739998041946992,50060.2734375,1796506.5,2.7865345011276053,1476.203,85.05340169703143
ADNI,ADNI-0145_S_P2164FD_AD_M_Sagittal_3D_Accelerated_MPRAGE,1.0,1018.7989501953125,1606181.0,11104.0,0.6913293084652352,5281.0,0.32879233411427483,13568.0,0.8447366766261087,3877.0,0.241380018814816,29489.0,1.835969918707792,1473412.0,9403.0,0.6381785949890458,4802.0,0.32591020026984985,12513.0,0.84925329778772,350.0,0.0237543877747704,26279.0,1.783547303809118,1128336.0,6381.0,0.5655230356914962,3857.0,0.3418308021724025,7138.0,0.6326129805306221,61.0,0.005406191063654798,17075.0,1.5132903674082896,59127.4140625,1762710.75,3.3543458030479476,1473.412,84.89259451527093
ADNI,ADNI-2023_S_P987F05_AD_M_CS_Sagittal_MPRAGE_(MSV22),1.0,1019.6297607421875,1602461.0,10691.0,0.6671613224908438,5219.0,0.3256865533700976,14020.0,0.8749042878422627,4423.0,0.27601295756963823,29468.0,1.838921508854194,1467913.0,9449.0,0.6437029987472009,4871.0,0.33183165487327926,12987.0,0.8847254571626519,364.0,0.024797109910464722,26898.0,1.832397424098022,1152712.0,6565.0,0.5695264732214118,3856.0,0.33451547307566853,7759.0,0.673108287239137,51.0,0.004424348839953084,17892.0,1.552165675381188,63805.578125,1734692.125,3.67820763151271,1467.913,84.57576230728058
ADNI,ADNI-0331_S_P746CD0_AD_M_Accelerated_Sagittal_MPRAGE_(MSV21),1.0,1016.6470947265625,1583458.0,11063.0,0.6986607791302327,5043.0,0.31848018703369463,12500.0,0.7894115284396555,4325.0,0.2731363888401208,28137.0,1.7769337740565267,1435419.0,9882.0,0.6884401000683424,4489.0,0.31273098656211185,11206.0,0.7806779762564101,1203.0,0.08380828176302528,25148.0,1.7519623190162592,1119360.0,6513.0,0.5818503430531733,3400.0,0.30374499714122355,7190.0,0.6423313321898227,228.0,0.020368782161234993,16770.0,1.4981775300171525,32931.47265625,1774902.125,1.855396542288212,1435.419,82.70357722518594
ADNI,ADNI-0106_S_P3986B3_AD_M_Accelerated_Sagittal_MPRAGE_(MSV21),1.0,1014.1624755859375,1561475.0,10741.0,0.687875246161482,5049.0,0.323348116364335,13968.0,0.8945388174642567,8504.0,0.5446132663026946,29292.0,1.875918602603308,1411748.0,9005.0,0.6378617146969573,4528.0,0.3207371287226899,12990.0,0.920135888274678,676.0,0.047883899959482855,26094.0,1.8483468721046532,1150084.0,5554.0,0.48292124749148757,3591.0,0.31223806261107884,9333.0,0.8115059421746584,59.0,0.005130060065177848,18150.0,1.57814559632166,62738.6640625,1746723.5,3.5917913775420094,1411.748,81.33974103763556
ADNI,ADNI-0203_S_PABA3C1_AD_F_HS_Sagittal_MPRAGE_(MSV22),1.0,1022.6769409179688,1601604.0,11090.0,0.69243083808482,5256.0,0.3281710085639147,15159.0,0.9464886451332539,11289.0,0.7048558819783167,31028.0,1.9373078488814963,1466549.0,10272.0,0.7004198291362921,4906.0,0.3345268381758809,14047.0,0.9578268438354258,3518.0,0.23988288151299408,28751.0,1.9604527363218005,1151891.0,7161.0,0.621673404862092,4211.0,0.36557278423045236,8972.0,0.778893141799007,794.0,0.06893013314627859,19935.0,1.7306324990819446,24827.265625,1792219.375,1.3852805059090492,1466.549,84.4971736308487
ADNI,ADNI-2009_S_P2D12C7_AD_M_Accelerated_Sagittal_MPRAGE_(MSV22),1.0,992.5091552734375,1615797.0,11085.0,0.6860391497199215,5263.0,0.3257216098309379,14331.0,0.8869307221142261,3946.0,0.2442138461700325,30208.0,1.8695417803102743,1506973.0,10405.0,0.6904569624007862,4924.0,0.3267477254071573,13224.0,0.8775206987782793,834.0,0.055342730095363356,28099.0,1.864598768524718,1272819.0,8277.0,0.650288847039524,4353.0,0.3419967803749001,10421.0,0.8187338498246806,53.0,0.004163985609894259,22640.0,1.7787289473208683,44700.62890625,1797312.5,2.4870816236046878,1506.973,86.82625622328402
ADNI,ADNI-0514_S_P49FA74_AD_F_Sagittal_3D_Accelerated_MPRAGE,1.0,1020.2469482421875,1585063.0,9755.0,0.6154329512454709,4185.0,0.26402736042668334,10724.0,0.6765661680324379,2983.0,0.18819441246183904,24352.0,1.536342719500739,1434419.0,7038.0,0.4906516157412862,3196.0,0.22280798009507685,8884.0,0.6193448357836867,560.0,0.039040196762591683,18897.0,1.3173974968262412,1105573.0,3189.0,0.288447709920557,2165.0,0.19582605580997364,5455.0,0.4934092999738597,139.0,0.012572665938838956,10668.0,0.9649294980973668,34167.515625,1740844.0,1.9626983018007356,1434.419,82.64596089349102
ADNI,ADNI-1717_S_P5F8128_AD_F_Accelerated_Sag_IR-FSPGR,1.0,1019.4552001953125,1565484.0,10977.0,0.7011888974911273,5146.0,0.3287162308908938,14124.0,0.9022129897207508,10609.0,0.67768179042392,29786.0,1.9026703562604281,1421544.0,9540.0,0.6711012814235788,4330.0,0.30459838035263065,12549.0,0.8827725346524625,1275.0,0.08969120899528962,26034.0,1.8313889686144078,1088044.0,6067.0,0.5576061262228366,3293.0,0.3026532015249383,7253.0,0.6666090709566893,141.0,0.012959034744918404,16314.0,1.4993878924014101,33245.48046875,1762474.125,1.8862960878219985,1421.544,81.90415062291898
ADNI,ADNI-0245_S_P58883F_AD_M_MPRAGEadni,1.0,1020.7113647460938,1580429.0,9971.0,0.6309046467762867,4773.0,0.3020066070668154,13200.0,0.8352162609013123,2694.0,0.17046004597485873,27494.0,1.7396542331227787,1425750.0,7889.0,0.5533228125547957,3779.0,0.26505348062423284,10721.0,0.7519551113449062,579.0,0.04061020515518148,22014.0,1.5440294581799054,1095185.0,4783.0,0.43672986755662285,2747.0,0.2508252030478869,5615.0,0.5126987677880906,42.0,0.0038349685213000546,12927.0,1.1803485255915669,51695.0078125,1769750.0,2.9210344858030797,1425.75,82.1464849140278
ADNI,ADNI-0385_S_PF95BD5_AD_M_MPRAGE,1.0,1020.284423828125,1602789.0,9544.0,0.5954620352398226,4806.0,0.299852319924831,13681.0,0.8535746127531447,3456.0,0.21562414017066503,27583.0,1.7209376904882678,1439352.0,7192.0,0.4996692956274768,3959.0,0.2750543300040574,11641.0,0.8087667228030391,551.0,0.03828111539081475,22411.0,1.5570201034910154,1129875.0,4644.0,0.4110189180219051,3133.0,0.27728731054320166,7683.0,0.6799867241951543,105.0,0.009293063391968137,15208.0,1.3459896006195375,51056.23046875,1746029.0,2.9241341620757733,1439.352,82.93018225774205
ADNI,ADNI-0782_S_PDF7CEF_AD_M_Accelerated_Sagittal_MPRAGE,1.0,1017.4202880859375,1572214.0,10394.0,0.661105930872006,5064.0,0.3220935572383912,13136.0,0.8355096698032203,6251.0,0.3975921852877535,28129.0,1.7891330315084335,1432923.0,8240.0,0.5750483452355779,4465.0,0.31160083270350186,12247.0,0.8546865393325392,701.0,0.04892098179734709,24537.0,1.7123739377482252,1129824.0,5386.0,0.47671141699946185,3515.0,0.3111104030362251,8621.0,0.763039199025689,54.0,0.004779505480499618,17195.0,1.5219184580961282,52096.515625,1726604.75,3.017280916492324,1432.923,82.55976686127543
ADNI,ADNI-0433_S_P3BEBE1_AD_M_Sagittal_3D_Accelerated_0_angle_MPRAGE,1.0,1019.295654296875,1556218.0,10986.0,0.7059422266032136,5268.0,0.338512984684665,13373.0,0.8593269066416144,7109.0,0.4568126059459536,29153.0,1.8733236603098022,1413217.0,9251.0,0.6546057682578118,4620.0,0.32691370115134477,11730.0,0.8300211503258169,719.0,0.05087682924844522,25208.0,1.7837317269746966,1109213.0,5522.0,0.49783044374705304,3411.0,0.30751532843556645,6526.0,0.5883450698828809,33.0,0.0029750823331497196,15232.0,1.3732258817738343,63964.72265625,1760920.75,3.6324589085709844,1413.217,81.4243794288954
ADNI,ADNI-0354_S_P2B299A_AD_M_Accelerated_Sagittal_MPRAGE,1.0,1022.9795532226562,1593060.0,11059.0,0.6941985863683728,5099.0,0.32007582890788794,13021.0,0.8173577894115727,6078.0,0.3815298858800045,28730.0,1.8034474533288138,1450298.0,10168.0,0.7010972917290101,4606.0,0.3175899022132003,12041.0,0.8302431638187462,1473.0,0.10156533346939733,26405.0,1.8206603056751096,1141663.0,7033.0,0.6160311755745785,3480.0,0.3048184972272904,8616.0,0.7546885552041189,156.0,0.013664277461913017,18837.0,1.6499615035259967,32765.029296875,1747863.625,1.8745758438033173,1450.298,83.56085062447461
ADNI,ADNI-0235_S_P9F324A_AD_M_Accelerated_Sagittal_MPRAGE,1.0,1026.254150390625,1584655.0,10912.0,0.688604144119698,5041.0,0.3181134063881413,12025.0,0.7588402522946635,11737.0,0.7406659493706832,27573.0,1.7400001893156554,1447739.0,9603.0,0.6633101684765003,4663.0,0.32208844273726134,11057.0,0.7637426359309241,1233.0,0.08516728498714203,24942.0,1.7228243488639872,1179700.0,5508.0,0.46689836399084517,3722.0,0.31550394168008816,7867.0,0.6668644570653556,133.0,0.011274052725269136,16825.0,1.4262100534034077,52179.625,1744364.875,2.991325137752501,1447.739,83.41341043166733
ADNI,ADNI-1252_S_P7A5A2B_AD_F_Accelerated_Sagittal_MPRAGE_ND,1.0,1022.8693237304688,1600280.0,8945.0,0.5589646811807933,4630.0,0.28932436823555874,12597.0,0.7871747444197266,5223.0,0.32638038343289927,25725.0,1.6075311820431426,1464439.0,6006.0,0.4101229207908284,3772.0,0.2575730365006668,11101.0,0.7580377195636009,670.0,0.04575130818012905,20487.0,1.3989657472929906,1169420.0,3253.0,0.27817208530724635,2983.0,0.2550837167142686,7262.0,0.6209916026748302,72.0,0.006156898291460724,13219.0,1.130389423816935,69009.7734375,1717124.0,4.018916131712095,1464.439,84.37560317097244
ADNI,ADNI-1704_S_P40C151_AD_M_Accelerated_Sag_IR-FSPGR,1.0,1023.21484375,1531056.0,9889.0,0.6458940757228997,4915.0,0.3210202631386442,12202.0,0.7969662768703432,12687.0,0.8286437596012164,26559.0,1.7346850801015767,1386231.0,6346.0,0.45778805985438215,3939.0,0.28415177556987253,10491.0,0.7568002735474824,635.0,0.04580766120509497,20388.0,1.470750545904687,1104891.0,3786.0,0.3426582350657214,2753.0,0.24916484974535946,7028.0,0.6360808441737692,45.0,0.004072799941351681,13287.0,1.2025620626831064,63522.05859375,1757536.5,3.6142668214145197,1386.231,79.86954510177637
ADNI,ADNI-1087_S_P027C7D_AD_M_Accelerated_Sagittal_IR-FSPGR,1.0,909.046875,1570881.0,10620.0,0.6760537558223698,5286.0,0.33649907281328123,13555.0,0.8628915875868383,10363.0,0.6596935095656514,28985.0,1.8451429484473998,1427803.0,8238.0,0.5769703523525304,4861.0,0.34045312973848635,12385.0,0.8674165833802002,764.0,0.053508782374039,25033.0,1.7532530748289505,1165067.0,4562.0,0.39156546361711386,3514.0,0.30161355527192857,8689.0,0.7457940187130868,78.0,0.006694893941721807,16421.0,1.409446838679664,61763.96484375,1757234.75,3.514838574854612,1427.803,82.26477124299745
ADNI,ADNI-1855_S_P5B2808_AD_F_Accelerated_Sagittal_MPRAGE,1.0,1017.3479614257812,1589183.0,10675.0,0.671728806562869,5042.0,0.31726994310913215,13264.0,0.8346427063465944,5586.0,0.35150136894240624,28527.0,1.795073317547444,1434794.0,8699.0,0.6062891258257282,4339.0,0.3024127505411927,11979.0,0.8348933714526265,549.0,0.038263332575965606,24644.0,1.717598484521123,1156851.0,5630.0,0.48666595784591105,3513.0,0.30366918470918036,8002.0,0.6917053276523943,52.0,0.004494960889518183,16862.0,1.4575775099818387,57689.22265625,1745404.0,3.305207427979425,1434.794,82.66756701787662
ADNI,ADNI-0536_S_P49CFEC_AD_M_MPRAGE_Repeat,1.0,1019.0620727539062,1590337.0,10024.0,0.6303066582743154,5027.0,0.3160965254534102,12916.0,0.8121549080477911,3023.0,0.19008549760208057,27511.0,1.729884923761442,1452938.0,8018.0,0.551847360314067,4263.0,0.29340549975291447,11915.0,0.8200625215941768,512.0,0.03523894343736622,23775.0,1.6363396098112926,1166904.0,4715.0,0.404060659660092,3202.0,0.2744013217882534,7580.0,0.6495821421470832,12.0,0.001028362230312005,15221.0,1.3043917922982524,52933.046875,1729208.75,3.0611137536170805,1452.938,83.71295774014919
ADNI,ADNI-0274_S_P19F4D6_AD_F_Accelerated_Sagittal_MPRAGE,1.0,1019.544677734375,1601172.0,9639.0,0.6019965375362547,4965.0,0.31008536247198926,12277.0,0.7667508549987134,4541.0,0.2836047595136562,26428.0,1.6505409787330778,1470520.0,7601.0,0.5168919837880478,4352.0,0.2959497320675679,11157.0,0.7587112041998749,321.0,0.02182901286619699,22691.0,1.5430595979653456,1187421.0,5157.0,0.4343025767608961,3463.0,0.2916404543965451,8458.0,0.7123000182749,3.0,0.00025264838671372664,16728.0,1.4087674043157397,73999.234375,1722527.375,4.295968554636178,1470.52,84.72596808400922
ADNI,ADNI-1580_S_PB28FF6_AD_M_Accelerated_Sag_IR-FSPGR,1.0,1018.81005859375,1560708.0,10708.0,0.686098873075553,5230.0,0.3351043244476225,14454.0,0.92611814637972,6860.0,0.43954410434238816,29917.0,1.916886438718838,1404714.0,8683.0,0.6181329437878458,4645.0,0.3306722934348202,13497.0,0.9608361559719629,985.0,0.07012103531395003,26397.0,1.8791725575455216,1103051.0,4284.0,0.38837732797486246,2477.0,0.22455897324783713,8746.0,0.7928917157955526,74.0,0.006708665329164291,15235.0,1.381169139051594,36136.828125,1768889.875,2.042909998848854,1404.714,80.93446776049352
ADNI,ADNI-0092_S_PA842B5_AD_F_MP-RAGE_REPEAT,1.0,1014.8897705078125,1589417.0,9570.0,0.6021075652267467,4738.0,0.2980967235156035,11841.0,0.7449901441849432,3768.0,0.23706805702971592,25734.0,1.619084230255496,1442791.0,6944.0,0.48128938980074043,4039.0,0.27994352612401935,10768.0,0.746331242709443,148.0,0.010257895980776149,21389.0,1.482473899546088,1129217.0,4050.0,0.35865559941091923,3076.0,0.2724011416760463,6666.0,0.5903205495489352,0.0,0.0,13522.0,1.1974669173418395,66353.9140625,1725394.875,3.845723377525391,1442.791,83.12832482244087
ADNI,ADNI-1276_S_P7F0142_AD_M_Accelerated_Sagittal_MPRAGE,1.0,1017.8170166015625,1585447.0,10454.0,0.6593724041232536,4844.0,0.3055289770014387,12294.0,0.775428002323635,2894.0,0.18253527238690415,27145.0,1.7121354419289956,1444786.0,8350.0,0.5779402624333292,3743.0,0.25906950925604205,10224.0,0.7076480530680668,333.0,0.023048396094646543,21968.0,1.5205019982198056,1138014.0,5163.0,0.4536851040496866,2779.0,0.24419734730855683,5980.0,0.5254768394764915,12.0,0.0010544685742003173,13694.0,1.203324387924929,58255.0078125,1727753.25,3.3717203433129126,1444.786,83.24326940417222
ADNI,ADNI-1624_S_P450BE4_AD_F_Sagittal_3D_Accelerated_MPRAGE,1.0,1019.11181640625,1602567.0,11115.0,0.6935747460168592,5204.0,0.3247290128899447,14552.0,0.9080431582579698,5201.0,0.3245418132284017,30406.0,1.897330969625607,1459361.0,9822.0,0.6730342937765228,4514.0,0.3093134597950747,12647.0,0.8666121679282919,1112.0,0.07619773311743976,26583.0,1.8215506649828246,1132776.0,6607.0,0.5832574136457693,3747.0,0.3307803131422276,6985.0,0.6166267646913424,88.0,0.007768526169339746,17039.0,1.5041808795384084,38040.6328125,1786099.125,2.129816440758852,1459.361,84.08302743862565
ADNI,ADNI-1538_S_PF6F607_AD_M_Accelerated_Sagittal_IR-FSPGR,1.0,1010.096435546875,1566362.0,11204.0,0.7152880368650414,5259.0,0.33574614297333566,14874.0,0.9495889200580708,10114.0,0.6457000361346866,30871.0,1.9708726335291586,1434751.0,10286.0,0.7169188242419765,4633.0,0.3229131744811469,12923.0,0.9007137823915091,1351.0,0.09416268049299147,27449.0,1.913154268580402,1118509.0,7133.0,0.6377239700351092,3411.0,0.3049595488279486,8273.0,0.7396453671807737,200.0,0.01788094686766043,18522.0,1.6559544894140323,30410.853515625,1788107.125,1.7007288372403864,1434.751,82.66508951561374
ADNI,ADNI-1934_S_P5C5FAA_AD_M_Accelerated_Sagittal_MPRAGE,1.0,1018.6448974609375,1557636.0,10630.0,0.6824444221884959,5135.0,0.3296662378116582,13143.0,0.8437786491837631,5973.0,0.38346571342727054,28443.0,1.8260363782038935,1424388.0,8760.0,0.6150009688371427,4453.0,0.3126254924922142,12000.0,0.8424670805988256,358.0,0.025133601237864966,24784.0,1.7399753437967747,1125840.0,5394.0,0.4791089319974419,3343.0,0.29693384495132524,7777.0,0.6907731116322035,0.0,0.0,16192.0,1.4382150216727068,45919.71484375,1757062.5,2.6134366218475438,1424.388,82.06801147025932
ADNI,ADNI-0783_S_PC33C3F_AD_F_Accelerated_Sagittal_MPRAGE,1.0,1015.9539794921875,1584775.0,10955.0,0.6912653215756179,5137.0,0.32414696092505246,13460.0,0.8493319240901706,5605.0,0.35367796690381914,29086.0,1.8353394014923257,1450649.0,9611.0,0.6625310464488653,4856.0,0.3347467237078025,12622.0,0.8700933168533532,1184.0,0.08161864103583982,26635.0,1.836074749991211,1153713.0,6080.0,0.5269941484580654,3256.0,0.2822192347663587,8066.0,0.6991340133984795,90.0,0.0078009002238858365,17094.0,1.4816509825233832,33976.23828125,1755087.0,1.9358720269280099,1450.649,83.58107395689953
ADNI,ADNI-1860_S_P355F73_AD_M_Accelerated_Sagittal_MPRAGE,1.0,1021.1282958984375,1586645.0,11144.0,0.7023625322614699,5237.0,0.33006753243479164,14147.0,0.89162982267615,9657.0,0.6086427650797752,30055.0,1.8942485559151543,1455696.0,10311.0,0.7083209681142216,4582.0,0.3147635220540553,12551.0,0.8621992503929391,3385.0,0.23253481496136558,27017.0,1.8559506930018355,1158503.0,7324.0,0.6321951691104815,3831.0,0.3306853758686857,8452.0,0.7295622022558422,857.0,0.07397477606877151,19253.0,1.6618860719393909,21238.810546875,1770468.0,1.1996156127574744,1455.696,83.87186358296377
ADNI,ADNI-1541_S_P0D86A4_AD_M_Accelerated_Sagittal_IR-FSPGR,1.0,1011.1262817382812,1559005.0,11181.0,0.7171882065804792,5265.0,0.3377154018107703,14068.0,0.9023704221602881,11836.0,0.7592021834439274,30049.0,1.9274473141522956,1421992.0,10435.0,0.7338297261869264,4660.0,0.32770929794260445,12928.0,0.9091471681978521,1545.0,0.10865040028354589,27597.0,1.9407282178802694,1104401.0,5755.0,0.5210969566307889,3482.0,0.3152840317964217,6728.0,0.6091990137640223,181.0,0.016388974656850182,15651.0,1.4171483003003438,38363.875,1774150.125,2.162380424260884,1421.992,81.92996273951829
ADNI,ADNI-1587_S_P35CB75_AD_F_MPRAGE_SENSE_repeat,1.0,1017.2799072265625,1600316.0,11158.0,0.6972372956341123,5281.0,0.3299973255282082,14928.0,0.9328157688856451,3897.0,0.2435144059048338,30890.0,1.9302437768540712,1450150.0,10713.0,0.7387511636727235,5017.0,0.34596421059890353,13529.0,0.9329379719339379,1233.0,0.08502568699789677,28788.0,1.9851739475226702,1093155.0,8947.0,0.8184566689993643,4459.0,0.40790189863285625,9475.0,0.8667572302189533,163.0,0.014910968709835293,22453.0,2.0539630701959006,19967.345703125,1798288.75,1.1103525895451996,1450.15,83.55232340738377
ADNI,ADNI-0079_S_P1AF23D_AD_F_Accelerated_Sagittal_MPRAGE,1.0,1017.94677734375,1590703.0,10534.0,0.662222929107445,4900.0,0.308039904369326,13084.0,0.8225294099527065,4634.0,0.291317738132134,28091.0,1.7659487660487219,1444622.0,8589.0,0.5945499930085517,3848.0,0.266367257317139,11113.0,0.7692669777976523,1268.0,0.08777382595585559,23221.0,1.6074101045117684,1150609.0,5355.0,0.46540571123639746,2805.0,0.24378394398097006,6821.0,0.5928164997840274,52.0,0.00451934584207146,14726.0,1.2798439782758522,43622.63671875,1725018.5,2.528821384741671,1444.622,83.23382032577426
ADNI,ADNI-1897_S_PC15C32_AD_M_Sagittal_3D_Accelerated_MPRAGE,1.0,1013.327392578125,1580571.0,10634.0,0.6727948317411871,5206.0,0.3293746373937014,13750.0,0.869938775290702,6658.0,0.4212401720643995,29122.0,1.8424986919284232,1438368.0,8011.0,0.5569506551869897,4300.0,0.2989499210216023,11978.0,0.8327493381387795,1261.0,0.08766880242052104,23906.0,1.6620225144052148,1121555.0,4525.0,0.4034576993549135,3198.0,0.28513982818497535,6873.0,0.6128098934069216,81.0,0.0072221157232592245,14350.0,1.2794735880095047,42252.2890625,1765215.5,2.3936051469353172,1438.368,82.87348778735425
ADNI,ADNI-1719_S_PFBCD54_AD_F_Accelerated_Sag_IR-FSPGR,1.0,1020.1331787109375,1579278.0,10452.0,0.6618214145957837,4842.0,0.306595798839723,12150.0,0.7693389004342491,4466.0,0.28278745097443264,27011.0,1.710338521780206,1438969.0,8347.0,0.5800680904175142,4040.0,0.28075656946049565,9979.0,0.6934826254074966,696.0,0.048367963451610145,22008.0,1.5294283615560864,1087046.0,4981.0,0.4582142798004868,3071.0,0.28250874388020375,5963.0,0.54855084329458,25.0,0.0022998106795848565,13730.0,1.2630560252280032,46498.23046875,1760573.0,2.6410850597362336,1438.969,82.90811520270289
ADNI,ADNI-1771_S_P90A260_AD_F_Accelerated_Sagittal_MPRAGE,1.0,1022.4391479492188,1591389.0,10786.0,0.677772687884609,4974.0,0.31255714347654784,13344.0,0.8385127709189897,6526.0,0.41008201011820494,28645.0,1.7999998743236254,1453858.0,9064.0,0.62344465553032,4282.0,0.2945267006819098,12107.0,0.8327498283876417,1408.0,0.09684577173286525,25035.0,1.7219700961166773,1143644.0,5038.0,0.440521700808993,3324.0,0.29064988755242016,7069.0,0.6181119299362389,162.0,0.014165247227284015,15134.0,1.3233138983809647,35377.8671875,1765440.75,2.003911328516689,1453.858,83.76596476530852
ADNI,ADNI-1862_S_PA8B7DA_AD_F_Accelerated_Sagittal_MPRAGE,1.0,1012.7098388671875,1608898.0,11100.0,0.6899132201046928,4977.0,0.3093421708523474,12424.0,0.7722055717640273,8500.0,0.5283119253053954,28051.0,1.7434915078519582,1475728.0,10076.0,0.6827816508191211,4457.0,0.30202042652846595,10959.0,0.7426165255385816,2601.0,0.17625199223705182,25087.0,1.6999745210499497,1164532.0,5751.0,0.4938464550566236,3609.0,0.30990990372097976,7243.0,0.6219665925882671,380.0,0.03263113422387706,16291.0,1.3989310727399504,18084.693359375,1810146.125,0.9990736719873928,1475.728,85.02603393947635
ADNI,ADNI-2092_S_P42109D_AD_M_Accelerated_Sagittal_MPRAGE,1.0,1021.2296142578125,1576913.0,10825.0,0.686467801330828,4895.0,0.31041661778424046,13210.0,0.8377126702614538,4325.0,0.27427004533541166,28495.0,1.8070115472445212,1438640.0,9045.0,0.6287187899683034,3972.0,0.2760940888617027,10925.0,0.7593977645554134,1154.0,0.08021464716676861,23614.0,1.6414113329255409,1161107.0,5888.0,0.5071022739506351,3279.0,0.28240291377108223,7285.0,0.6274184894243166,144.0,0.012401957786836185,16199.0,1.3951341263122177,35937.8671875,1773808.25,2.026028866846233,1438.64,82.88915942957527
ADNI,ADNI-0614_S_P2A1D36_AD_F_MPRAGE,1.0,1020.9163818359375,1576952.0,10570.0,0.6702803890035968,5014.0,0.31795514384711776,12464.0,0.7903855031732101,9461.0,0.599954849608612,27597.0,1.7500215605801572,1427772.0,8009.0,0.5609439042087953,4067.0,0.28484940172520545,10776.0,0.7547423538211984,877.0,0.06142437307917511,22469.0,1.5737106484788888,1144444.0,4232.0,0.369786551373418,3096.0,0.2705243769026706,7112.0,0.6214371345386931,53.0,0.0046310697596387415,14192.0,1.2400781514866608,56819.64453125,1720806.5,3.3019194506325955,1427.772,82.26298513671492
ADNI,ADNI-0718_S_P86324B_AD_M_Accelerated_Sagittal_MPRAGE,1.0,1020.1190795898438,1558755.0,10709.0,0.6870226559016651,5112.0,0.327954040243656,12858.0,0.8248890941809328,6754.0,0.4332945203062701,28214.0,1.8100342901867195,1408853.0,8513.0,0.6042504079559755,4512.0,0.3202605239865337,11789.0,0.8367799905313046,723.0,0.05131834194199111,24379.0,1.7304147416373463,1122506.0,5223.0,0.46529818103422166,3552.0,0.31643483420133167,8253.0,0.7352299230471819,91.0,0.008106860898739071,16683.0,1.4862281359743288,50225.73828125,1745543.375,2.8773698208015026,1408.853,81.17294175737878
ADNI,ADNI-0568_S_PE1B63F_AD_F_Accelerated_Sagittal_MPRAGE,1.0,1021.8975219726562,1600047.0,10236.0,0.639731207895768,5049.0,0.31555323062385043,13493.0,0.8432877284229775,6884.0,0.4302373617774978,28317.0,1.7697605132849223,1456578.0,7522.0,0.516415873368951,4312.0,0.2960363262386223,11727.0,0.8051062147032291,620.0,0.04256552000648094,23175.0,1.5910579454035418,1184759.0,4971.0,0.4195790029871054,3455.0,0.291620489905542,7804.0,0.6586993641744862,33.0,0.002785376604018201,15957.0,1.3468561960702556,78403.703125,1735932.875,4.516516983699614,1456.578,83.92268118751869
ADNI,ADNI-0006_S_P22060F_AD_F_MPRAGE,1.0,1015.895751953125,1592966.0,11092.0,0.6963111579280411,5113.0,0.32097358010152127,13544.0,0.8502378581840416,7249.0,0.455063071025998,29282.0,1.838206214068599,1448436.0,10320.0,0.7124926472415765,4686.0,0.32352137063701814,11922.0,0.8230947035284956,1116.0,0.07704862348077512,26499.0,1.8294905677572224,1108638.0,7673.0,0.6921104995498982,3917.0,0.3533164116690931,7689.0,0.6935537118518399,116.0,0.010463289189077048,18947.0,1.7090339678055417,30238.705078125,1758654.125,1.7194230888421562,1448.436,83.45356901485867
ADNI,ADNI-1707_S_P8AA62F_AD_M_Accelerated_Sag_IR-FSPGR,1.0,1018.8201904296875,1554974.0,10918.0,0.7021339263550387,5303.0,0.3410346410936774,15486.0,0.9959008960921534,10180.0,0.6546733257276328,31230.0,2.0083937094768145,1421539.0,9143.0,0.6431761632990723,4823.0,0.3392801745150854,14511.0,1.020795067880656,566.0,0.03981600223419829,28010.0,1.9703996865369153,1114533.0,5856.0,0.5254218583029843,3766.0,0.3378993713061883,9389.0,0.8424156126377594,33.0,0.0029608813736336204,18606.0,1.6693987526614287,57939.45703125,1748741.375,3.3132090233325666,1421.539,81.9038625412605
ADNI,ADNI-0518_S_P352758_AD_M_Accelerated_Sagittal_MPRAGE,1.0,1025.4375,1605971.0,9271.0,0.5772831514392227,4873.0,0.3034301366587566,13638.0,0.8492058698444741,3229.0,0.2010621611473682,27343.0,1.7025836705644126,1457937.0,6434.0,0.441308506471816,3923.0,0.2690788422270647,10951.0,0.7511298499180692,602.0,0.04129122177432907,20978.0,1.4388824757174008,1175923.0,3852.0,0.3275724686055124,3161.0,0.26881011766926916,6677.0,0.5678092868325563,60.0,0.00510237490039739,13460.0,1.1446327693224811,54383.20703125,1764509.125,3.0820587018075067,1457.937,84.00098178229209
ADNI,ADNI-1477_S_P6C8CB5_AD_F_Sagittal_3D_Accelerated_MPRAGE,1.0,1022.3613891601562,1577680.0,10882.0,0.689746970234775,5208.0,0.3301049642513057,12948.0,0.8206987475280157,5649.0,0.3580574007403276,28571.0,1.8109502560722073,1429265.0,9320.0,0.6520834135027443,4496.0,0.31456727758673164,11320.0,0.7920154764861659,824.0,0.05765200994916968,24715.0,1.7292104683176317,1099105.0,6100.0,0.5549970203028828,3480.0,0.31662125092689053,7083.0,0.6444334253779211,31.0,0.0028204766605556338,16312.0,1.484116622160758,48943.59375,1744216.75,2.806049979166867,1429.265,82.34900631993543
ADNI,ADNI-1401_S_P441C34_AD_M_Accelerated_Sagittal_MPRAGE,1.0,907.339599609375,1553531.0,8860.0,0.5703136918413602,4844.0,0.31180581526857204,11874.0,0.7643233382533081,9481.0,0.6102871458631981,25170.0,1.6201800929624193,1398577.0,5476.0,0.3915408304297869,4061.0,0.2903665654447342,10675.0,0.7632758153465987,732.0,0.052338913052338204,19850.0,1.4192997596843078,1145425.0,2461.0,0.21485474823755374,2794.0,0.24392692668660107,6991.0,0.6103411397516206,9.0,0.0007857345526769539,12030.0,1.0502651854115286,54799.7734375,1737160.25,3.154560636389187,1398.577,80.58087633288181
ADNI,ADNI-0683_S_P0EEFF3_AD_F_MPRAGE_Repeat,1.0,1016.1533203125,1588222.0,9941.0,0.625920053997489,4685.0,0.29498395060640137,11837.0,0.7452988310198448,2842.0,0.17894223855355235,26038.0,1.6394433523776903,1437890.0,7689.0,0.5347418787250763,3987.0,0.27728129411846525,10352.0,0.7199438065498751,516.0,0.03588591616883072,21627.0,1.504078893378492,1130034.0,4468.0,0.39538633350854935,3289.0,0.29105318955004894,6908.0,0.6113090402589657,79.0,0.006990940095607743,14353.0,1.2701387745855435,46976.58984375,1736629.875,2.7050432864256697,1437.89,82.84594718080407
ADNI,ADNI-0956_S_PBE9868_AD_M_Accelerated_Sagittal_MPRAGE,1.0,1020.36376953125,1571366.0,10159.0,0.6465075609374265,4950.0,0.31501254322672123,12357.0,0.7863858579096149,9091.0,0.5785412182776005,27050.0,1.7214321806631936,1413742.0,6920.0,0.48948110758540103,4376.0,0.3095331397100744,10921.0,0.7724888982572492,753.0,0.05326290086875823,21873.0,1.5471705587016584,1145667.0,3418.0,0.29834149015377065,3141.0,0.274163434924808,7401.0,0.6459992301427903,59.0,0.005149838478371115,13746.0,1.1998250800625312,63737.99609375,1727125.875,3.6904082682305948,1413.742,81.45462800303522
ADNI,ADNI-0617_S_P2E894C_AD_F_MPRAGE,1.0,1026.3232421875,1619500.0,10868.0,0.6710713183081198,4993.0,0.3083050324174128,12584.0,0.777029947514665,5607.0,0.346217968508799,27991.0,1.7283729546156221,1476495.0,9045.0,0.6125994331169425,4218.0,0.2856765515629921,11051.0,0.7484617286208216,1603.0,0.10856792606815464,23926.0,1.620459263322937,1155656.0,5520.0,0.47765078881604905,3588.0,0.3104730127304319,6497.0,0.5621915171988896,109.0,0.00943187246031691,15300.0,1.3239233820444838,25591.376953125,1734039.75,1.4758241241658387,1476.495,85.07022566588634
ADNI,ADNI-0644_S_P52CE16_AD_M_Accelerated_Sagittal_IR-FSPGR,1.0,1006.115478515625,1578326.0,10873.0,0.6888944362571484,5115.0,0.3240775353127301,13014.0,0.8245444857399549,8074.0,0.511554647138804,28540.0,1.808244937991264,1429972.0,9709.0,0.678964343357772,4620.0,0.3230832491825015,11978.0,0.8376387789411261,1170.0,0.08181978388388024,25877.0,1.8096158526180934,1162986.0,6434.0,0.5532310793079195,3296.0,0.2834083987253501,8555.0,0.735606447541071,158.0,0.013585718142780737,17964.0,1.5446445614994506,54544.390625,1772091.5,3.0779669461198815,1429.972,82.38974106644373
ADNI,ADNI-0351_S_P43EAF0_AD_M_Accelerated_Sagittal_MPRAGE,1.0,1021.5447998046875,1560121.0,10028.0,0.6427706568913565,4980.0,0.319206010303047,12454.0,0.7982714161273389,6028.0,0.3863802871700336,27023.0,1.7321092402448273,1412943.0,6579.0,0.46562387867026483,4284.0,0.303196944250405,10887.0,0.7705194052414004,445.0,0.031494547196879136,21349.0,1.5109597485531971,1112490.0,3532.0,0.31748599987415616,3265.0,0.2934857841418799,7043.0,0.6330843423311671,45.0,0.00404498017959712,13528.0,1.21601093043533,70025.8203125,1712663.25,4.088709225967218,1412.943,81.408592554011
ADNI,ADNI-1499_S_PBBD066_AD_M_Accelerated_Sagittal_IR-FSPGR,1.0,1019.473388671875,1564953.0,9660.0,0.6172709340152708,4978.0,0.3180926200339563,11252.0,0.7189992287308309,7066.0,0.45151515732421355,25486.0,1.6285473110055064,1415812.0,7186.0,0.5075532627213217,4516.0,0.31896890265091693,10343.0,0.7305348450217967,723.0,0.05106610199659277,21669.0,1.5304998121219484,1122274.0,3772.0,0.3361033045406024,3438.0,0.30634230143440905,6558.0,0.5843492765581311,68.0,0.006059126380901634,13538.0,1.20630077859774,50867.19140625,1760506.75,2.8893494106881445,1415.812,81.5738938096437
ADNI,ADNI-2093_S_P5FCA03_AD_F_Accelerated_Sagittal_MPRAGE,1.0,1015.860107421875,1617299.0,10939.0,0.676374622132333,5087.0,0.31453676778381734,12797.0,0.7912575225731296,7041.0,0.4353554908523408,28372.0,1.7542829124361048,1483750.0,9295.0,0.6264532434709351,4201.0,0.283133951137321,11072.0,0.7462173546756529,1957.0,0.13189553496208928,24177.0,1.629452401010952,1179818.0,5868.0,0.4973648477985588,3297.0,0.27944988125287124,6746.0,0.5717831055298359,100.0,0.008475883568482596,15624.0,1.3242720487397208,31211.689453125,1729099.0,1.8050840034679911,1483.75,85.48823215233298
ADNI,ADNI-1720_S_PB4A9DD_AD_F_Accelerated_Sag_IR-FSPGR,1.0,1017.19287109375,1581805.0,9580.0,0.60563723088497,4837.0,0.3057899045710438,13085.0,0.8272195371743041,5422.0,0.34277297138395696,27067.0,1.7111464434617414,1441607.0,7105.0,0.4928527677792907,3883.0,0.26935218821773205,10680.0,0.7408399099060978,829.0,0.057505270160314155,21302.0,1.4776565319119566,1133120.0,3418.0,0.30164501553233547,2806.0,0.24763484891273652,6494.0,0.5731078791301891,32.0,0.002824060999717594,12447.0,1.0984714769839028,48271.9453125,1732488.25,2.786278366534376,1441.607,83.06010708571408
ADNI,ADNI-0842_S_P79D9FC_AD_M_Accelerated_Sagittal_MPRAGE_Phase_A-P,1.0,1019.2757568359375,1609040.0,10497.0,0.6523765723661314,4938.0,0.30689106548003775,13254.0,0.8237209764828718,2473.0,0.1536941281758067,28229.0,1.7544001392134438,1475523.0,8600.0,0.5828441847399194,4057.0,0.2749533555220759,11708.0,0.7934813622017414,797.0,0.054014745957873915,23986.0,1.6255930947874075,1199699.0,5671.0,0.4727019027272674,3294.0,0.27456887102514876,7856.0,0.6548309200891224,81.0,0.006751693549798741,16529.0,1.377762255365721,49074.1015625,1742517.75,2.8162755623292792,1475.523,85.0142225914789
ADNI,ADNI-0277_S_PE50F70_AD_M_Accelerated_Sagittal_MPRAGE_ND,1.0,1025.5850830078125,1582923.0,10557.0,0.6669307351020864,4727.0,0.29862475938501115,12164.0,0.7684517819249578,5976.0,0.3775294186767139,27028.0,1.7074740843363827,1438649.0,8677.0,0.6031353026346246,3890.0,0.2703925696955964,10791.0,0.750078719687707,983.0,0.06832799383310315,22997.0,1.5985136054729125,1205680.0,5348.0,0.4435671156525778,2989.0,0.24790989317231768,7896.0,0.6549001393404552,146.0,0.012109349081016522,15943.0,1.322324331497578,40012.33984375,1753867.125,2.281378062990376,1438.649,82.88967797656053
ADNI,ADNI-1133_S_P848A82_AD_F_Accelerated_Sagittal_MPRAGE,1.0,1015.812744140625,1600560.0,11039.0,0.689696106362773,4985.0,0.31145349127805266,13896.0,0.8681961313540262,5370.0,0.33550757234967765,29495.0,1.842792522617084,1451355.0,9627.0,0.6633111816199345,4354.0,0.29999552142652897,12543.0,0.8642268776419277,1555.0,0.10714125765233179,26149.0,1.80169565681725,1126757.0,6999.0,0.6211632144286656,3672.0,0.3258910306303844,7502.0,0.6658046056070652,208.0,0.018460058379934627,17866.0,1.5856125144995772,26080.06640625,1795989.625,1.4521278989153403,1451.355,83.62175108707613
ADNI,ADNI-0379_S_P159ACC_AD_F_Accelerated_Sagittal_MPRAGE,1.0,1020.050048828125,1586952.0,11016.0,0.6941608819926501,5000.0,0.31506939088264796,12648.0,0.7969995311767463,4689.0,0.2954720747697473,28212.0,1.7777475311162532,1430913.0,9926.0,0.6936829842205641,4368.0,0.3052596489094725,11552.0,0.8073167271525242,1300.0,0.09085108598496205,25429.0,1.777117127316615,1098543.0,6310.0,0.5743971788086584,3393.0,0.3088636493974291,7700.0,0.700928411541469,100.0,0.009102966383655443,17065.0,1.5534212133708012,25635.0078125,1771968.875,1.4466962808531274,1430.913,82.44395803456864
ADNI,ADNI-0365_S_P6082F9_AD_F_Accelerated_Sagittal_MPRAGE,1.0,911.67431640625,1605000.0,10536.0,0.6564485981308411,4616.0,0.28760124610591903,14320.0,0.8922118380062306,6847.0,0.42660436137071645,29018.0,1.8079750778816202,1474301.0,9355.0,0.6345379946157536,3719.0,0.2522551365019762,13356.0,0.9059208397742389,764.0,0.05182116813323737,26019.0,1.7648363529564182,1176593.0,6250.0,0.531194729188428,2280.0,0.1937798372079385,9675.0,0.8222894407836865,58.0,0.004929487086868611,17907.0,1.5219366424923486,65163.78515625,1745962.25,3.7322562475935546,1474.301,84.94381543414771
ADNI,ADNI-0833_S_P415B9A_AD_F_Accelerated_Sagittal_MPRAGE_Phase_A-P,1.0,1018.3018188476562,1591014.0,11010.0,0.6920115096410214,5043.0,0.31696766967481116,14321.0,0.9001177865185348,3981.0,0.25021778563859276,29910.0,1.879933174692366,1444579.0,9785.0,0.6773599782358736,4397.0,0.30437933820164903,13092.0,0.9062848068537614,1049.0,0.07261631243428016,26857.0,1.8591575815514416,1141157.0,6563.0,0.5751180600040134,3702.0,0.32440759685126586,8247.0,0.7226875881232819,36.0,0.003154693000174385,18185.0,1.593558116893644,33822.37890625,1765577.375,1.9156554329005264,1444.579,83.23134282351138
ADNI,ADNI-1083_S_P9DE350_AD_F_Sagittal_3D_Accelerated_MPRAGE,1.0,1022.817626953125,1591745.0,10904.0,0.6850343490948614,5162.0,0.32429817590129073,13104.0,0.8232474422724746,4792.0,0.3010532465941467,28709.0,1.8036180418345902,1448975.0,8952.0,0.6178160423747822,4647.0,0.32070946703704345,10990.0,0.7584671923256096,1650.0,0.11387360030366293,24154.0,1.6669714798391966,1124327.0,4742.0,0.42176341936109335,3680.0,0.32730691338018214,5845.0,0.5198665512791207,90.0,0.008004788642450106,13929.0,1.2388744555631948,37701.984375,1760969.75,2.1409785361162506,1448.975,83.48462421764224
ADNI,ADNI-0854_S_P43C246_AD_M_Accelerated_Sagittal_MPRAGE_Phase_A-P,1.0,1020.509765625,1594604.0,10893.0,0.6831163097546475,5109.0,0.32039302547842596,13573.0,0.8511831150555248,4431.0,0.27787463219708464,29115.0,1.8258451628115822,1441837.0,9057.0,0.6281569969420954,4419.0,0.3064840200383261,11910.0,0.8260295719973894,647.0,0.044873310922108396,24977.0,1.732303998302166,1138927.0,6042.0,0.5304993208519949,3580.0,0.31433094482789503,7370.0,0.6471002970339627,36.0,0.0031608698362581623,16664.0,1.463131526427945,47750.453125,1731050.625,2.7584665887515567,1441.837,83.07335884200391
ADNI,ADNI-0787_S_P5EB172_AD_F_Accelerated_Sagittal_MPRAGE,1.0,1005.4104614257812,1596763.0,10400.0,0.6513176971159778,4636.0,0.2903373888297762,11917.0,0.7463224035126065,5819.0,0.3644247768767187,26542.0,1.6622379150819502,1459402.0,8334.0,0.5710558160123119,3931.0,0.2693569009772496,10556.0,0.7233099584624387,983.0,0.06735635554836844,22481.0,1.5404254619357791,1201644.0,4843.0,0.40303118061588955,2796.0,0.23268122671939442,6953.0,0.5786239518526286,46.0,0.0038280888516066323,14364.0,1.1953623535756015,43588.00390625,1717235.875,2.538265391540926,1459.402,84.08538970822514
ADNI,ADNI-0528_S_P1E31F9_AD_F_MPRAGE_Repeat,1.0,1023.99169921875,1612677.0,10878.0,0.6745306096633114,4806.0,0.29801379941550604,12286.0,0.761838855517875,4325.0,0.26818761599501945,27552.0,1.7084636291086186,1473025.0,9128.0,0.6196771948880704,4015.0,0.27256835423702924,11116.0,0.7546375655538772,864.0,0.05865480898151762,23901.0,1.6225793859574684,1140677.0,5302.0,0.46481168639325593,3256.0,0.2854445211045721,7168.0,0.6283987491638737,78.0,0.006838044424495277,15461.0,1.3554231390656601,37374.3828125,1721668.625,2.170823250757677,1473.025,84.87029699490499
ADNI,ADNI-1484_S_PE17A0D_AD_F_MP-RAGE,1.0,1014.6541748046875,1585465.0,10260.0,0.6471287603321423,4536.0,0.286099030883684,11269.0,0.7107693957293286,2958.0,0.1865698706688574,25710.0,1.6216062795457484,1432313.0,8605.0,0.6007765062524741,3925.0,0.2740322820500826,9793.0,0.6837192708576966,524.0,0.03658418236796008,22021.0,1.5374432822993298,1102409.0,4549.0,0.41264176907118866,3076.0,0.27902529823323285,6108.0,0.5540593373239877,48.0,0.0043541008827032435,13527.0,1.227040055006808,32665.984375,1770566.5,1.8449453536481122,1432.313,82.52462089894152
ADNI,ADNI-0934_S_P79734B_AD_F_MPRAGE_GRAPPA2,1.0,1017.75634765625,1584752.0,10613.0,0.6696946903995072,4935.0,0.31140519147475443,13411.0,0.8462522842690844,6353.0,0.40088291417205973,28508.0,1.7988934546225528,1441559.0,8526.0,0.5914430141256792,4214.0,0.2923224092805081,12067.0,0.8370798559060018,1803.0,0.1250729245212995,24430.0,1.6946930371909856,1144443.0,4588.0,0.40089370986584744,3199.0,0.27952462464273015,7320.0,0.6396124577632962,133.0,0.011621373891054426,14843.0,1.296962801991886,42073.46875,1743514.375,2.413141489011239,1441.559,83.05734150179273
ADNI,ADNI-1085_S_P7AEB6A_AD_F_MPRAGE_GRAPPA2,1.0,1021.3702392578125,1594616.0,10813.0,0.6780942872766861,4881.0,0.30609250126676263,13434.0,0.8424598774877463,4136.0,0.25937278943645364,28681.0,1.7986148389330097,1447809.0,9366.0,0.6469085355872218,4065.0,0.2807690793467923,12147.0,0.8389918835979054,1036.0,0.07155640005000659,25198.0,1.7404229425290212,1146131.0,5920.0,0.5165203628555549,3152.0,0.2750121931960657,7868.0,0.6864834822546463,112.0,0.009772006864834823,16657.0,1.4533242709603003,31916.205078125,1756715.75,1.8168110053163125,1447.809,83.41744357488597
ADNI,ADNI-1318_S_PF3198E_AD_M_MPRAGE,1.0,1020.1917114257812,1605055.0,10506.0,0.654557008949849,4985.0,0.3105812573400911,12755.0,0.7946768179283575,3323.0,0.2070334038397438,27810.0,1.732650906043718,1477375.0,8639.0,0.5847533632286995,4251.0,0.2877400795329554,11106.0,0.7517387257805229,429.0,0.029037989677637703,23618.0,1.598646247567476,1173360.0,5520.0,0.47044385354878293,3186.0,0.27152791982000407,6638.0,0.5657257789595691,61.0,0.005198745483057203,15069.0,1.2842605849867048,46133.51171875,1728962.125,2.668277751818884,1477.375,85.12092803777787
ADNI,ADNI-1430_S_P3B3102_AD_F_MPRAGE,1.0,1010.7718505859375,1589612.0,10808.0,0.6799143438776255,5002.0,0.31466798187230594,13555.0,0.8527238093320886,2686.0,0.1689720510413862,28907.0,1.8184940727674428,1437257.0,9347.0,0.6503360220197223,4264.0,0.29667623813973426,12190.0,0.8481433731058536,453.0,0.031518371453400466,25399.0,1.7671856877371268,1130376.0,6268.0,0.5545057573763067,3486.0,0.30839295951081763,7907.0,0.6995017587068374,68.0,0.006015697431651062,17388.0,1.5382492197286566,43251.109375,1741590.25,2.483426246500863,1437.257,82.8094760428412
ADNI,ADNI-1429_S_P4125EA_AD_M_MPRAGE_GRAPPA2,1.0,1023.487060546875,1609765.0,11059.0,0.6869946855596936,5090.0,0.3161952210415806,13005.0,0.8078818958046672,7110.0,0.4416793755610291,28701.0,1.7829310489419263,1469746.0,10028.0,0.6822947638571563,4502.0,0.30631143068258054,11886.0,0.8087111650584523,2068.0,0.14070458432953722,26014.0,1.769965694752699,1146829.0,6927.0,0.6040133271830412,3542.0,0.30885162478451456,7810.0,0.6810082409844885,234.0,0.020404088142172896,17989.0,1.5685860751690095,23690.083984375,1747721.0,1.3554843126777671,1469.746,84.68137304327735
ADNI,ADNI-0046_S_P72EDA3_AD_F_Accelerated_SAG_IR-SPGR,1.0,1025.31640625,1580239.0,10892.0,0.6892628266989993,5252.0,0.33235478937046864,15278.0,0.9668157791321439,7264.0,0.4596773019777388,30945.0,1.958248087789252,1436571.0,9775.0,0.6804397415790796,4830.0,0.33621728407436874,13890.0,0.9668857299778431,881.0,0.061326589496794794,28052.0,1.9527054353735387,1131003.0,6989.0,0.617947078831798,3548.0,0.3137038540127657,7798.0,0.6894765089040436,95.0,0.008399624050510918,18042.0,1.5952212328349262,53860.578125,1761617.375,3.0574504367045083,1436.571,82.76995123929849
ADNI,ADNI-0291_S_PF9E504_AD_M_MPRAGE_GRAPPA2,1.0,1023.4488525390625,1582724.0,10995.0,0.6946883979771583,5125.0,0.32380882579653814,12733.0,0.8044990788033795,8054.0,0.5088695186273792,28397.0,1.794185214857423,1421305.0,9757.0,0.686481789622917,4720.0,0.3320891715711969,11739.0,0.8259310985326865,999.0,0.07028751745754781,25800.0,1.8152331835883222,1165028.0,6611.0,0.5674541727752466,3758.0,0.3225673546043529,8555.0,0.7343171151251301,47.0,0.004034237803726606,18587.0,1.5954122991035407,39830.640625,1754101.375,2.27071486247481,1421.305,81.89038031964388
ADNI,ADNI-0685_S_P26B71B_AD_F_MPRAGE_SENSE2,1.0,1015.886474609375,1613314.0,11206.0,0.6945951005197997,5251.0,0.32547910698103405,14487.0,0.897965306195818,5602.0,0.3472355660460394,30478.0,1.8891548700376988,1468484.0,10547.0,0.7182236919162891,4719.0,0.32135181588631545,12784.0,0.8705576635496198,820.0,0.05583990019639301,27633.0,1.8817365391791807,1114943.0,7707.0,0.6912460995763909,3922.0,0.35176686162431625,7692.0,0.689900739320306,54.0,0.004843296921905425,18972.0,1.701611651896106,43674.7421875,1755031.875,2.488544100516693,1468.484,84.60866123267837
ADNI,ADNI-1431_S_PF75681_AD_M_MPRAGE_GRAPPA2,1.0,1018.309814453125,1580993.0,10204.0,0.6454171523846088,4914.0,0.31081731544668445,12728.0,0.8050636530332519,6071.0,0.3839991701418033,27414.0,1.7339735217043972,1421053.0,7200.0,0.506666535308676,4003.0,0.2816925195611986,11146.0,0.784347944798681,662.0,0.04658517310754771,21966.0,1.5457551548042192,1151815.0,3920.0,0.3403324318575466,3002.0,0.26063213276437625,7346.0,0.6377760317412084,67.0,0.005816906360830515,13992.0,1.2147784149364265,59690.3046875,1746472.125,3.417764522723201,1421.053,81.87586100405677
ADNI,ADNI-0341_S_PAD0669_AD_F_Sag_IR-SPGR,1.0,1015.09912109375,1590743.0,11215.0,0.705016460861371,5309.0,0.3337434142410182,15521.0,0.9757075781568739,3883.0,0.24409976973024555,31569.0,1.9845443292851201,1449209.0,10545.0,0.7276383185586068,4933.0,0.3403925865765393,14405.0,0.9939905148256739,620.0,0.042781958985901966,29413.0,2.0295899349231203,1127028.0,7557.0,0.670524600985956,4261.0,0.3780740141327456,9493.0,0.8423038291861427,37.0,0.003282970786883733,20883.0,1.852926457905216,43281.9140625,1753236.0,2.4686872766986303,1449.209,83.49810643925885
ADNI,ADNI-1364_S_P7A12D2_AD_M_Sag_IR-SPGR,1.0,1023.7646484375,1593252.0,10916.0,0.6851395761624652,4938.0,0.30993213879536946,13147.0,0.825167644540851,4068.0,0.2553268409517139,28584.0,1.79406647535983,1457287.0,9345.0,0.6412600949572733,4227.0,0.29005954214921287,11401.0,0.7823441779141651,537.0,0.0368492959863088,24603.0,1.6882741697414443,1139209.0,5454.0,0.47875324018683135,3055.0,0.26816852746072056,5785.0,0.5078084881703006,115.0,0.010094723619634325,14076.0,1.2355941710432414,55801.57421875,1715332.625,3.2531051648801936,1457.287,83.96353116669039
ADNI,ADNI-0121_S_PF935B5_AD_M_MPRAGE,1.0,1019.0415649414062,1615936.0,10669.0,0.6602365440215454,5097.0,0.3154209077587231,13538.0,0.8377807041863043,1670.0,0.1033456770565171,28841.0,1.784786031129946,1476896.0,8420.0,0.5701146187680107,4347.0,0.2943335211145538,11677.0,0.7906447034862306,153.0,0.010359564925356965,24033.0,1.62726420817715,1139242.0,4095.0,0.359449528721729,3293.0,0.2890518432431389,5947.0,0.5220137600264035,14.0,0.0012288872776811247,13057.0,1.146112941763032,80262.34375,1722919.125,4.65850907250217,1476.896,85.09332981489601
ADNI,ADNI-0576_S_P2DDA2E_AD_M_MPRAGE_GRAPPA2,1.0,1021.270751953125,1582551.0,10454.0,0.6605790271529954,5083.0,0.3211902807555649,13213.0,0.8349178004373952,5130.0,0.3241601692457305,28285.0,1.78730416902836,1441619.0,8525.0,0.5913490318870659,4389.0,0.3044493725457281,12064.0,0.8368369173824707,832.0,0.05771289085396349,24549.0,1.70287711246869,1151919.0,5551.0,0.4818915218865215,3530.0,0.3064451580362856,7924.0,0.6878955898808857,25.0,0.0021702914875091042,16665.0,1.446716305573569,53355.30078125,1716370.625,3.108611858307118,1441.619,83.06079848169443
ADNI,ADNI-0338_S_P79BF0A_AD_M_Sag_IR-SPGR,1.0,1021.4454345703125,1584900.0,10842.0,0.684081014575052,5222.0,0.3294845100637264,15080.0,0.9514795886175783,7289.0,0.4599028329863083,30671.0,1.9352009590510442,1430921.0,9503.0,0.6641177255767439,4495.0,0.31413334488766326,13204.0,0.9227623327912582,1942.0,0.1357167866010772,26778.0,1.8713821377979636,1151291.0,5849.0,0.508038367363247,3417.0,0.29679724761159426,8603.0,0.7472480893188603,383.0,0.033267002000363075,17609.0,1.5295003608991993,30442.748046875,1795256.75,1.695732270432906,1430.921,82.44441896522221
ADNI,ADNI-1296_S_P2262FD_AD_F_Accelerated_Sag_IR-SPGR,1.0,1020.571044921875,1586625.0,11101.0,0.6996612305995431,5267.0,0.3319624990152052,15237.0,0.960340345072087,9926.0,0.625604663988025,31128.0,1.961900259985819,1445452.0,10074.0,0.6969446235502804,4750.0,0.32861693089773997,13567.0,0.9385991371557132,1264.0,0.0874466948746828,27926.0,1.931990823631639,1117387.0,6041.0,0.5406363238519868,3667.0,0.3281763614575791,8256.0,0.738866659447443,158.0,0.014140132290781976,17588.0,1.5740294096852747,34488.85546875,1765420.375,1.9535775137267237,1445.452,83.28164188108104
ADNI,ADNI-1434_S_P9223E9_AD_F_MPRAGE_GRAPPA2,1.0,1018.241943359375,1586596.0,11074.0,0.6979722626301843,4976.0,0.3136274136579192,13107.0,0.8261082216266775,10932.0,0.6890222841857663,28722.0,1.810290710426599,1438609.0,10150.0,0.7055426457084586,4404.0,0.3061290454876898,11935.0,0.8296208351261531,1280.0,0.088974836109047,26118.0,1.81550372616882,1149181.0,6468.0,0.5628356194542026,3278.0,0.285246623464885,8863.0,0.7712449126812921,111.0,0.009659052838499767,18381.0,1.599486938959137,52995.125,1699823.625,3.1176837538071043,1438.609,82.88737332329272
ADNI,ADNI-0047_S_PA0F90C_AD_M_Accelerated_SAG_IR-SPGR,1.0,1014.3762817382812,1560278.0,11040.0,0.7075662157641138,5278.0,0.3382730513408508,15305.0,0.9809149395171887,11362.0,0.7282035637239005,31147.0,1.996246822681599,1407037.0,9949.0,0.7070887261671157,4695.0,0.33367992455066925,14219.0,1.0105633327339651,1023.0,0.07270597717046531,28426.0,2.02027380943074,1113636.0,6754.0,0.6064818306879447,3515.0,0.3156327561249816,8723.0,0.7832900516865474,125.0,0.011224493461059089,18674.0,1.6768495271345396,48011.19921875,1767771.5,2.71591657738288,1407.037,81.06831049902081
ADNI,ADNI-0125_S_P8BC2C7_AD_M_MPRAGE,1.0,1024.2177734375,1611863.0,11127.0,0.690319214474183,5320.0,0.330052864294298,14780.0,0.9169513786221285,6093.0,0.37800979363630777,30750.0,1.9077303716258764,1483218.0,9459.0,0.6377349789444302,5002.0,0.3372397044803933,14067.0,0.9484108202570358,273.0,0.0184059254944317,28057.0,1.8916302256310267,1127336.0,5333.0,0.47306215715634026,4101.0,0.36377796859144035,9285.0,0.8236231256697205,25.0,0.0022176174627617676,18313.0,1.62444914382225,62538.1796875,1724776.75,3.625870982287997,1483.218,85.45758026387128
ADNI,ADNI-1605_S_PE60639_AD_F_MPRAGE,1.0,1016.8944091796875,1602176.0,11217.0,0.7001103499241033,5317.0,0.33186116881041783,13868.0,0.8655728209634896,6300.0,0.39321522729088443,29925.0,1.867772329631701,1458065.0,10100.0,0.6926988851662992,4551.0,0.31212600261305223,11443.0,0.784807261679006,1615.0,0.11076323757857161,25692.0,1.7620613621477779,1123855.0,7150.0,0.6362030689012372,3797.0,0.33785497239412554,6619.0,0.5889549808471733,154.0,0.013702835330180494,17245.0,1.5344506186296274,31496.904296875,1762024.125,1.7875410359023889,1458.065,84.00835667274903
ADNI,ADNI-0555_S_P2E3180_AD_M_MPRAGE_GRAPPA2,1.0,1021.0402221679688,1587914.0,10147.0,0.6390144554428011,4700.0,0.2959858027575801,11722.0,0.7382011872179475,6272.0,0.39498360742458344,26206.0,1.6503412653330094,1450040.0,7291.0,0.5028137154837108,3686.0,0.25419988414112715,9777.0,0.6742572618686381,1073.0,0.07399795867700201,20501.0,1.4138230669498772,1165245.0,3117.0,0.26749739325206284,2536.0,0.21763663435586506,5773.0,0.4954322910632528,101.0,0.008667705074898412,11260.0,0.9663203875579814,36378.84375,1732896.75,2.099308210370872,1450.04,83.54598561089732
ADNI,ADNI-1095_S_PF45799_AD_F_MPRAGE,1.0,1019.2012939453125,1596374.0,10322.0,0.6465903353474812,4672.0,0.2926632480859748,12280.0,0.7692432976232386,5671.0,0.35524256847079694,26836.0,1.6810597015486346,1446234.0,8689.0,0.6008018066232712,3993.0,0.2760963993378665,10561.0,0.7302414408733303,1961.0,0.13559354848523822,22869.0,1.5812793780259626,1128605.0,5243.0,0.4645558011881925,3034.0,0.26882744627216787,6852.0,0.6071211805724767,303.0,0.02684730264352896,14852.0,1.3159608543290169,26626.830078125,1759755.0,1.513098702837895,1446.234,83.32669785246647
ADNI,ADNI-0342_S_PD2AEE3_AD_M_Accelerated_SAG_IR-SPGR,1.0,1025.54296875,1567610.0,10955.0,0.6988345315480253,4997.0,0.31876550927845576,13569.0,0.8655851901939895,7133.0,0.4550238898705673,29084.0,1.8553083994105677,1414632.0,9814.0,0.693749328447257,4335.0,0.3064401201160443,12175.0,0.8606478575346804,1829.0,0.12929157547687314,25921.0,1.8323493318403654,1132838.0,6112.0,0.5395299239608841,3292.0,0.2905975964789317,7671.0,0.6771488950759067,153.0,0.013505902874020821,16800.0,1.4830010998924825,36406.296875,1758493.125,2.0703121529121704,1414.632,81.50590653824369
ADNI,ADNI-0661_S_P089A2E_AD_M_IR-SPGR_w_acceleration,1.0,1020.2650756835938,1551053.0,10365.0,0.6682556946796788,5097.0,0.32861546317243834,13641.0,0.8794670459358901,11216.0,0.7231216470359169,28641.0,1.846551987585208,1395339.0,6879.0,0.4929984756392533,4203.0,0.3012171235807212,12168.0,0.872046147925343,870.0,0.06235043957059898,22833.0,1.636376536454582,1117541.0,3859.0,0.3453117156328045,2930.0,0.26218277450223304,7437.0,0.6654789399225621,51.0,0.00456359095549962,13958.0,1.2489922069973272,70490.0703125,1731648.125,4.07069249779022,1395.339,80.39431465085367
ADNI,ADNI-1692_S_P8C7371_AD_F_MPRAGE_GRAPPA2,1.0,1015.616943359375,1596734.0,10999.0,0.6888436020025878,5068.0,0.3173978884397777,12983.0,0.8130972347303934,5029.0,0.31495540271579364,28588.0,1.790404663519409,1452829.0,9478.0,0.6523823519491971,4457.0,0.30678077048296803,11900.0,0.8190915792567467,749.0,0.0515545876355717,25412.0,1.749139093451466,1151756.0,6056.0,0.5258058130367891,3683.0,0.3197725907223405,8630.0,0.7492906483664943,151.0,0.013110415747779911,18044.0,1.5666512698870247,46124.82421875,1752743.75,2.6315783022332844,1452.829,83.70667755999445
ADNI,ADNI-1761_S_PD033C6_AD_M_MPRAGE_GRAPPA2,1.0,1021.3431396484375,1569458.0,10871.0,0.6926595041090619,4326.0,0.2756365573338057,13040.0,0.8308600803589519,9766.0,0.6222530325755771,27789.0,1.7706112556054383,1432456.0,9703.0,0.6773681006606835,3939.0,0.27498226821626637,11939.0,0.8334636456547356,1744.0,0.12174894028158631,25147.0,1.7555163998056482,1125338.0,5577.0,0.4955844377422605,2671.0,0.23735091145949042,6613.0,0.5876456673461662,94.0,0.008353045929311905,14561.0,1.293922359326709,38915.8359375,1750700.0,2.2228729044096647,1432.456,82.5328600343739
ADNI,ADNI-1260_S_PF8C0C8_AD_M_Sag_IR-SPGR,1.0,1021.382568359375,1565527.0,10692.0,0.6829649057473938,5033.0,0.32148918543084853,13701.0,0.8751685534647438,9160.0,0.5851064849089156,28957.0,1.849664681605619,1409225.0,7320.0,0.5194344409161064,4307.0,0.3056289804679877,11946.0,0.8476999769376785,610.0,0.04328620340967553,23164.0,1.643740353740531,1115656.0,4192.0,0.3757430605849832,3406.0,0.30529123672529884,7307.0,0.6549509884767347,0.0,0.0,14591.0,1.3078404095886187,39287.77734375,1787483.5,2.1979379022939236,1409.225,81.19437503276929
ADNI,ADNI-1607_S_P4CF6E9_AD_F_MPRAGE_SENSE2,1.0,1022.2823486328125,1608293.0,11134.0,0.692286791026262,5185.0,0.3223915045330671,14203.0,0.8831102292927967,12325.0,0.7663404615949955,30064.0,1.8693111267660805,1474786.0,10421.0,0.7066109930525514,4664.0,0.3162492727758468,12711.0,0.8618877586307437,2268.0,0.15378502372547612,27367.0,1.8556590583311747,1144464.0,6676.0,0.5833298382474241,3678.0,0.32137314935201106,7515.0,0.6566392651931384,181.0,0.015815263739182708,17513.0,1.53023598820059,27000.783203125,1777405.5,1.5191121667579515,1474.786,84.97175935501974
ADNI,ADNI-0420_S_P649EF6_AD_M_MPRAGE,1.0,1017.5687866210938,1581296.0,10818.0,0.6841223907478423,5089.0,0.32182462992380934,13485.0,0.8527815159211178,5857.0,0.37039238700407767,28924.0,1.829132559621981,1447304.0,9079.0,0.6273042843797848,4714.0,0.32570904246792654,11961.0,0.8264331474244527,591.0,0.040834544781193166,25321.0,1.749528779026383,1119850.0,6004.0,0.5361432334687681,3906.0,0.34879671384560434,7136.0,0.6372282002053846,65.0,0.005804348796713846,16727.0,1.4936821895789616,63331.19140625,1735379.375,3.6494147803416186,1447.304,83.38834732738003
ADNI,ADNI-1495_S_PF83886_AD_M_Sag_IR-SPGR,1.0,1021.8945922851562,1585749.0,10796.0,0.6808139245239947,5179.0,0.32659645378934493,14350.0,0.9049351442126087,8744.0,0.5514113519857178,29876.0,1.884030827072885,1432820.0,9262.0,0.6464175541938275,4386.0,0.30610962996049745,12674.0,0.8845493502324088,803.0,0.05604332714507056,25959.0,1.811741879649921,1104857.0,5939.0,0.5375356267824705,3428.0,0.310266396465787,7806.0,0.7065167709486386,72.0,0.006516680439188059,16879.0,1.5277090157368782,35106.4296875,1778215.375,1.9742507111940815,1432.82,82.55383237911086
ADNI,ADNI-1753_S_PDF110D_AD_M_MPRAGE_GRAPPA2,1.0,1019.30517578125,1582865.0,10772.0,0.6805381381229606,4831.0,0.30520606621537527,12829.0,0.8104923666895155,2967.0,0.18744491791782622,27980.0,1.7676807560973298,1439692.0,9051.0,0.6286761335063333,4216.0,0.292840413088355,11242.0,0.7808614620349352,528.0,0.03667451093706154,24127.0,1.675844555641068,1100710.0,4394.0,0.3991968820125192,3061.0,0.2780932307328906,6350.0,0.5769003643103088,95.0,0.00863079285188651,13558.0,1.2317504156408137,39864.984375,1755504.5,2.2708562908839025,1439.692,82.94977181051833
ADNI,ADNI-1493_S_P66EB61_AD_M_Sag_IR-SPGR,1.0,1020.4373779296875,1593912.0,10719.0,0.6724963486064476,5055.0,0.31714423380964574,14402.0,0.9035630574335346,4649.0,0.29167231315154163,29709.0,1.863904657220725,1435960.0,8862.0,0.6171481099752082,4277.0,0.29784952227081535,12153.0,0.8463327669294409,1397.0,0.09728683250229812,24861.0,1.7313156355330235,1095514.0,4998.0,0.4562242016076472,3596.0,0.3282477448941776,7142.0,0.6519314221452214,214.0,0.019534209512612345,15437.0,1.4091102441411063,28403.521484375,1812254.0,1.5673035614419943,1435.96,82.73474766063289
ADNI,ADNI-0393_S_P1B1695_AD_F_MPRAGE_SENSE2,1.0,1024.818603515625,1604633.0,10448.0,0.651114616239352,5098.0,0.31770504532812177,13923.0,0.8676750384667398,7488.0,0.4666487601837928,29020.0,1.808513223896056,1471304.0,8412.0,0.5717377238150647,4606.0,0.3130556295639786,12661.0,0.8605291632456651,578.0,0.03928487926356484,25257.0,1.7166404767471575,1151111.0,4969.0,0.4316699258368654,3606.0,0.31326257850024886,7947.0,0.6903765145151076,4.0,0.00034749038103189006,16162.0,1.4040348845593518,73358.2265625,1725676.25,4.250984306152443,1471.304,84.77113928805804
ADNI,ADNI-1394_S_P6CECDB_AD_F_MPRAGE,1.0,1023.331787109375,1562962.0,10788.0,0.6902279134105628,5116.0,0.32732721588880603,13287.0,0.8501166375126202,7659.0,0.4900311076021042,28728.0,1.838048525811888,1409735.0,9088.0,0.6446601666270612,4316.0,0.3061568308937495,11444.0,0.8117837749647984,1094.0,0.07760323748789666,24463.0,1.735290675197821,1141441.0,4796.0,0.4201706439491836,3358.0,0.294189537610792,7214.0,0.6320081370828629,67.0,0.00586977338294314,15093.0,1.322275965205385,51922.44140625,1748063.875,2.9702828454280596,1409.735,81.2237593619337
ADNI,ADNI-0108_S_P0FCB5B_AD_M_Accelerated_Sag_IR-SPGR,1.0,1015.560302734375,1606672.0,10484.0,0.6525289542607328,5275.0,0.32831841222103825,15506.0,0.9651005307866198,7816.0,0.48647141420277445,30789.0,1.916321439596881,1456718.0,8466.0,0.5811694507790801,4770.0,0.32744841486135273,14612.0,1.003076779445301,571.0,0.03919770333036319,27385.0,1.87991086812959,1139474.0,5409.0,0.4746927090920898,3903.0,0.34252646396495223,9473.0,0.831348499395335,36.0,0.003159352473158668,18418.0,1.6163598291843428,44400.890625,1770748.375,2.507464711071668,1456.718,83.93074747395598
ADNI,ADNI-1155_S_PA9C5EC_AD_F_MPRAGE,1.0,1019.673828125,1583869.0,10606.0,0.6696260865008407,4898.0,0.30924274671705804,12032.0,0.759658784912136,5126.0,0.32363787661732124,27099.0,1.7109369524878637,1442159.0,8691.0,0.6026381279734065,3870.0,0.2683476648552621,10531.0,0.7302246146229369,1081.0,0.07495706090659907,22748.0,1.5773572816866934,1163465.0,4935.0,0.42416402728058,2629.0,0.22596296407713165,7179.0,0.6170361807188012,84.0,0.0072198132303077445,14523.0,1.2482541374257068,46136.78515625,1709719.25,2.698500654785866,1442.159,83.09191130080968
ADNI,ADNI-0394_S_P232B93_AD_M_MPRAGE,1.0,1015.4813232421875,1585482.0,11075.0,0.6985257480059691,5287.0,0.33346326227607753,13766.0,0.8682533135034014,6084.0,0.38373188721158613,29655.0,1.870409124796119,1454056.0,10141.0,0.6974284346682659,4779.0,0.32866684639381155,12611.0,0.8672980958092398,743.0,0.051098444626616855,27088.0,1.8629268748934016,1134658.0,7348.0,0.6475960157157487,3937.0,0.34697679829516914,7999.0,0.7049701319692806,47.0,0.0041422173024823344,18922.0,1.6676390595227815,50690.609375,1745983.25,2.90327008434932,1454.056,83.7773727989841
ADNI,ADNI-0873_S_P2B8FB7_AD_M_MPRAGE,1.0,1017.8140869140625,1587085.0,10667.0,0.6721127097792494,5138.0,0.32373817407385236,12881.0,0.8116137446954638,5612.0,0.353604249299817,28216.0,1.7778505877126933,1443079.0,8498.0,0.5888797494801047,4605.0,0.31910934882982844,12105.0,0.8388314153279205,444.0,0.030767546336687043,24748.0,1.7149442268926371,1137014.0,5565.0,0.4894398837657232,3724.0,0.32752455114888646,8682.0,0.763578988473317,39.0,0.0034300369212692194,17571.0,1.5453635575287552,77757.453125,1717844.75,4.526454042194442,1443.079,83.144918325969
ADNI,ADNI-1517_S_PE35EB3_AD_F_Sag_IR-SPGR,1.0,1017.8428955078125,1582830.0,10925.0,0.6902194171199687,5320.0,0.33610684659754997,15393.0,0.9724986258789637,12000.0,0.758135744205,31161.0,1.9686889937643333,1423589.0,9000.0,0.6322049411733303,4662.0,0.3274821595277851,13853.0,0.9731038944526825,818.0,0.05746040465330935,27092.0,1.9030773629186513,1112081.0,5496.0,0.49420860530842625,3810.0,0.3426009436362999,8635.0,0.7764722174014302,31.0,0.0027875667329987654,17655.0,1.587564215196555,49824.9765625,1771081.5,2.813251482921593,1423.589,82.02197602123508
ADNI,ADNI-1266_S_P6A479D_AD_F_Accelerated_SAG_IR-SPGR,1.0,1019.26611328125,1586747.0,11011.0,0.6939354541083109,5276.0,0.3325041736332257,15066.0,0.9494897422210345,4676.0,0.2946909620752394,30877.0,1.9459308887932354,1434582.0,9257.0,0.6452750696718625,4737.0,0.33020071351794456,13141.0,0.9160159544731497,684.0,0.04767939371886724,26682.0,1.8599145953316016,1132165.0,5344.0,0.4720160047342922,3467.0,0.30622744917922745,7444.0,0.6575013359360165,157.0,0.013867236666033662,15938.0,1.4077453374728948,46712.58203125,1769194.0,2.6403312486505155,1434.582,82.6553523555573
ADNI,ADNI-1554_S_P058441_AD_F_MPRAGE,1.0,1021.2257080078125,1608096.0,10851.0,0.6747731478717689,5104.0,0.31739398642867095,13246.0,0.8237070423656299,3468.0,0.21565876664079758,28738.0,1.7870823632419954,1476692.0,9454.0,0.6402147502661354,4443.0,0.3008751994322445,11575.0,0.7838465976655931,909.0,0.061556506028339016,25063.0,1.6972395055976468,1171327.0,5600.0,0.47809023440934945,3599.0,0.3072583488641515,7080.0,0.6044426535032489,77.0,0.006573740723128554,15985.0,1.3646914994702588,59620.0546875,1721327.25,3.463609530814085,1476.692,85.08157608323025
ADNI,ADNI-1556_S_P9EB3CC_AD_M_MPRAGE_GRAPPA2,1.0,1011.26123046875,1580789.0,9727.0,0.6153256380200014,4889.0,0.30927593752233856,11896.0,0.7525356008929718,6898.0,0.43636437247475784,26078.0,1.649682531950817,1428166.0,7537.0,0.527739772547449,4301.0,0.3011554679217962,10769.0,0.7540439976865434,602.0,0.04215196272702193,22218.0,1.5557015080879955,1169280.0,4419.0,0.37792487684729065,3180.0,0.2719622331691297,7873.0,0.6733203338806787,53.0,0.004532703886152162,15187.0,1.298833470169677,70219.46875,1720008.5,4.082507077726651,1428.166,82.28568597140271
ADNI,ADNI-0161_S_PC1EC1C_AD_F_Sag_IR-SPGR,1.0,1025.048095703125,1573871.0,10752.0,0.6831563705030463,5249.0,0.3335089089258268,14574.0,0.925997111580301,8359.0,0.5311108724920912,30098.0,1.912354951581165,1424328.0,9349.0,0.6563797102914497,4617.0,0.3241528636662342,12830.0,0.9007756640324419,687.0,0.048233272111479944,26336.0,1.8490123061542005,1113975.0,6216.0,0.5580017504881168,3894.0,0.3495590116474786,8206.0,0.7366413070311273,76.0,0.006822415224758185,17931.0,1.60964114993604,42430.2890625,1770722.25,2.3962136954285183,1424.328,82.06455449035762
ADNI,ADNI-1555_S_P4B5270_AD_M_MPRAGE_GRAPPA2,1.0,1022.8748168945312,1583786.0,10783.0,0.6808369312520758,4934.0,0.31153198727605874,12249.0,0.7733999416587847,7297.0,0.4607314372017432,27527.0,1.738050468939617,1441399.0,9122.0,0.6328573836945911,4188.0,0.29055105491262306,10821.0,0.7507289792763836,1919.0,0.13313454498025876,23749.0,1.6476353875644427,1148066.0,6207.0,0.5406483599374949,3364.0,0.29301451310290527,7547.0,0.6573663883435273,407.0,0.035450923553175515,16824.0,1.4654209775396188,33156.265625,1746701.75,1.8982213549050375,1441.399,83.04812288872154
ADNI,ADNI-1435_S_P326BA0_AD_M_MPRAGE_GRAPPA2,1.0,1014.7542724609375,1596976.0,11040.0,0.6913065694161966,5014.0,0.3139684002765226,13457.0,0.8426551181733476,5581.0,0.3494730039775175,29061.0,1.8197518309605154,1462847.0,10028.0,0.6855125655656402,4371.0,0.29880089988905195,12358.0,0.8447910136876926,872.0,0.059609788310055666,26364.0,1.8022390584934722,1155149.0,6609.0,0.5721339844470281,3245.0,0.28091614155403327,8130.0,0.7038053099643423,134.0,0.011600235121183501,17731.0,1.5349534995052587,32650.19140625,1760755.5,1.8543285201295694,1462.847,84.28387797091412
ADNI,ADNI-0815_S_P13EC71_AD_M_MPRAGE,1.0,1024.4505615234375,1574986.0,11079.0,0.7034348241825641,4995.0,0.31714567621553463,12330.0,0.7828641016491574,10546.0,0.6695932535273329,27969.0,1.7758253089233809,1442683.0,9715.0,0.6733981061674671,4140.0,0.28696532779550327,10810.0,0.7492983559104807,1801.0,0.12483684912070081,24316.0,1.6854707513708833,1152635.0,6516.0,0.5653133906223566,3184.0,0.27623662304198643,7303.0,0.633591726782546,114.0,0.009890381603890218,16741.0,1.452411214304615,28128.00390625,1740922.125,1.6156956995563485,1442.683,83.12210225861782
ADNI,ADNI-0941_S_P162666_AD_M_MPRAGE_GRAPPA2,1.0,1024.656005859375,1600129.0,10444.0,0.6526973762740379,4910.0,0.30685026019777156,12854.0,0.8033102331124553,7200.0,0.44996372167494,27781.0,1.736172521090487,1458582.0,8234.0,0.56452088398184,4171.0,0.28596266785137897,11502.0,0.7885741082777656,883.0,0.060538248792320205,23534.0,1.6134848777785549,1172751.0,4380.0,0.37348081562070723,3117.0,0.2657853201574759,7544.0,0.643273806630734,37.0,0.0031549749264762937,14774.0,1.2597729611827233,52833.2890625,1710849.375,3.0881321193164655,1458.582,84.0381443162353
ADNI,ADNI-1210_S_PA26050_AD_F_MPRAGE_GRAPPA2,1.0,1021.8343505859375,1581221.0,11121.0,0.7033172466087916,5126.0,0.32417985847645586,13127.0,0.8301812333633313,8757.0,0.5538125284194936,28904.0,1.827954473157136,1442668.0,10356.0,0.7178366748274725,4592.0,0.31829915129468456,11767.0,0.8156415751926293,1091.0,0.0756237748393948,26280.0,1.8216249338032036,1152345.0,7465.0,0.6478094667829514,3691.0,0.3203033813658236,8506.0,0.7381469959083434,127.0,0.011021004994164073,19333.0,1.6777093665525515,48252.8046875,1748461.25,2.759729715914493,1442.668,83.1212380136424
ADNI,ADNI-0231_S_PEF0BC0_AD_F_MPRAGE_GRAPPA2,1.0,1023.4124755859375,1587251.0,10785.0,0.6794766549209923,5035.0,0.3172151096455444,13179.0,0.8303034617713266,6767.0,0.42633458728329676,28555.0,1.7990223348418113,1448075.0,8704.0,0.6010738394074893,4284.0,0.2958410303333736,11889.0,0.8210210106520726,716.0,0.04944495278214181,24481.0,1.6905892305301866,1155494.0,5602.0,0.48481428722260783,3475.0,0.30073717388407034,8116.0,0.7023835692785942,100.0,0.008654307162131522,16886.0,1.4613663073975287,52119.015625,1743227.0,2.9898008477954963,1448.075,83.43276951911682
ADNI,ADNI-1154_S_P94D1BC_AD_M_MPRAGE,1.0,1011.0341796875,1584390.0,9838.0,0.6209329773603721,4857.0,0.3065533107378865,12216.0,0.7710222861795392,4362.0,0.2753110029727529,26467.0,1.670485170949072,1445844.0,7242.0,0.5008839127872717,3824.0,0.2644821986327709,10482.0,0.7249744785744521,778.0,0.05380940129087232,21189.0,1.4655108019952359,1153879.0,4222.0,0.36589625082006,3020.0,0.26172588286986764,7319.0,0.634295277061113,135.0,0.011699666949480837,14310.0,1.2401646966449689,59336.84375,1736354.625,3.4173228726245943,1445.844,83.30422748310545
ADNI,ADNI-1514_S_P56751D_AD_F_Accelerated_Sag_IR-SPGR,1.0,1024.3624267578125,1609884.0,10827.0,0.672532927838279,5207.0,0.3234394527804488,14745.0,0.9159044999515493,8573.0,0.5325228401549429,30319.0,1.8833033932879637,1466684.0,9650.0,0.6579467697199942,4593.0,0.3131553899817548,13622.0,0.9287617509974881,1111.0,0.07574910478330711,27452.0,1.8717051525754695,1171278.0,6620.0,0.5651945994033868,3836.0,0.3275055110742283,9152.0,0.7813687271510266,111.0,0.009476827875192738,19306.0,1.648285035661901,50501.3359375,1762563.875,2.865220185991841,1466.684,84.50495183562752
ADNI,ADNI-0876_S_P9FAB49_AD_F_MPRAGE,1.0,1014.02392578125,1579592.0,11059.0,0.7001174986958658,5161.0,0.32672994038967024,12819.0,0.811538675809956,8028.0,0.5082325056090434,28577.0,1.8091380559030434,1445003.0,9982.0,0.690794413575612,4698.0,0.32512043227591914,12019.0,0.8317629790387979,1105.0,0.0764704294731568,26252.0,1.8167436330582012,1127226.0,6558.0,0.5817821803258619,3861.0,0.34252226261636975,8544.0,0.7579669028216169,58.0,0.005145374574397681,18610.0,1.6509555315438078,32805.46484375,1748649.5,1.8760457623869162,1445.003,83.25577214815003
ADNI,ADNI-1258_S_PD4EF7C_AD_M_Sag_IR-SPGR,1.0,1022.0133056640625,1580059.0,10925.0,0.6914298769856063,5245.0,0.3319496297290165,15577.0,0.9858492625908273,12148.0,0.7688320499424388,31272.0,1.9791666007408584,1433091.0,9226.0,0.6437832628911911,4656.0,0.32489213874066614,14489.0,1.0110313999599467,1486.0,0.10369194977848581,27922.0,1.9483759230921136,1141321.0,5049.0,0.4423821168628283,3514.0,0.3078888410885281,9356.0,0.8197518489539753,59.0,0.005169448384810232,17602.0,1.542247974058131,38617.72265625,1773730.5,2.1772035073112854,1433.091,82.56944640500018
ADNI,ADNI-1475_S_PF90CE2_AD_M_MPRAGE,1.0,1021.82861328125,1578052.0,10588.0,0.6709538088732184,4918.0,0.3116500596938504,12937.0,0.8198082192475279,5516.0,0.3495448819177061,28024.0,1.7758603645507247,1432273.0,8573.0,0.5985590735844354,3882.0,0.27103771417879136,11413.0,0.7968452941583064,461.0,0.03218660129737837,23542.0,1.6436810580105887,1125885.0,5451.0,0.48415246672617546,3165.0,0.2811121917424959,7211.0,0.6404739382796645,50.0,0.004440950896405938,15621.0,1.3874418790551433,51925.078125,1722435.875,3.0146305519211274,1432.273,82.52231624567374
ADNI,ADNI-1804_S_P316C4D_AD_M_MPRAGE,1.0,1024.22412109375,1569371.0,10947.0,0.6975406070330088,5157.0,0.32860298807611454,12796.0,0.8153585098743381,6351.0,0.40468442452422027,28436.0,1.8119361196300938,1432292.0,9716.0,0.6783532966741419,4662.0,0.32549228788543116,11496.0,0.802629631388013,540.0,0.0377018094075789,25434.0,1.7757552230969662,1142220.0,6969.0,0.6101276461627357,3658.0,0.32025354134930223,8479.0,0.7423263469384181,88.0,0.007704295144543082,18745.0,1.6411024145961375,53017.6640625,1748117.375,3.0328434932751582,1432.292,82.52341095597593
ADNI,ADNI-0470_S_PA20497_AD_M_Sag_IR-SPGR,1.0,1029.936767578125,1574034.0,9864.0,0.6266700719298313,4904.0,0.3115561671475966,14160.0,0.8995993733299281,9281.0,0.5896314819120807,28480.0,1.809363711330251,1427788.0,7363.0,0.5156928059347746,3998.0,0.2800135594359947,12787.0,0.8955811366953637,451.0,0.031587322487652225,23756.0,1.663832445713229,1126644.0,3863.0,0.34287672059674573,2942.0,0.2611295138482076,7239.0,0.6425277194925815,8.0,0.000710073457099137,13826.0,1.2271844522315833,49768.3203125,1762198.25,2.824218007962498,1427.788,82.26390699802202
ADNI,ADNI-0346_S_P0A1187_AD_M_Accelerated_SAG_IR-SPGR,1.0,1017.2185668945312,1601138.0,10213.0,0.6378588229122036,5171.0,0.3229577962674048,15198.0,0.9491998815842232,2114.0,0.1320310928851854,30108.0,1.88041255656914,1444440.0,8192.0,0.567140206585251,4661.0,0.32268560826341003,13865.0,0.9598875688848273,509.0,0.035238569964830664,26287.0,1.8198748303840935,1116458.0,4847.0,0.43414082750985705,3742.0,0.3351671088388457,9410.0,0.8428440657866217,90.0,0.008061207855557487,17683.0,1.5838482056647003,44333.56640625,1764236.125,2.512904354356195,1444.44,83.22333415340579
ADNI,ADNI-0057_S_P65A0D2_AD_F_Accelerated_SAG_IR-SPGR,1.0,1016.6185302734375,1585547.0,11126.0,0.7017136672706643,5280.0,0.3330081038278903,15371.0,0.9694446143822921,7173.0,0.452399077416185,31300.0,1.9740821306463954,1444530.0,9934.0,0.687697728672994,4788.0,0.3314572906066333,13806.0,0.9557433905837884,1077.0,0.07455712238582791,28056.0,1.9422234221511496,1104950.0,6604.0,0.5976741029005838,4141.0,0.3747680890538033,8951.0,0.8100819041585592,66.0,0.005973120955699353,19284.0,1.7452373410561564,39033.5390625,1763225.875,2.213757160437542,1444.53,83.22851962325834
ADNI,ADNI-1111_S_PD40851_AD_M_MPRAGE_GRAPPA2,1.0,1019.9510498046875,1590275.0,10682.0,0.6717077235069406,5038.0,0.31680055336341195,12690.0,0.7979751929697694,9136.0,0.5744918331735077,27965.0,1.7585008882111584,1444058.0,8263.0,0.5722069335165207,4274.0,0.2959714914497894,11181.0,0.7742763794806026,537.0,0.037186871995446166,23340.0,1.6162785705283307,1167932.0,5047.0,0.4321313227139936,3075.0,0.26328587623252037,6766.0,0.5793145491347099,4.0,0.00034248569266018915,14658.0,1.255038820753263,83431.5625,1702050.5,4.901826502797655,1444.058,83.20132471469833
ADNI,ADNI-0164_S_P56B01A_AD_M_Sag_IR-SPGR,1.0,1020.1405029296875,1567504.0,10753.0,0.6859950596617297,5057.0,0.32261480672457615,12830.0,0.8184987087752248,9032.0,0.5762026763568068,28189.0,1.7983367187579744,1411954.0,8650.0,0.612626190371641,4503.0,0.3189197381784392,11677.0,0.8270099450831967,637.0,0.045114784192686164,24419.0,1.7294472766109945,1122951.0,5697.0,0.5073240061231523,3547.0,0.3158641828539268,6938.0,0.6178363971357611,6.0,0.0005343064835420246,15859.0,1.4122610870821612,53419.83984375,1754864.25,3.044100980674146,1411.954,81.35161000196472
ADNI,ADNI-0471_S_P02F5B3_AD_M_Accelerated_Sag_IR-SPGR,1.0,1017.2464599609375,1584262.0,10475.0,0.6611911413642441,5290.0,0.33390941649802874,15573.0,0.9829813503069569,10813.0,0.6825259963314149,30861.0,1.9479732518989914,1438642.0,8405.0,0.5842315183346517,4814.0,0.3346211218635352,14479.0,1.0064352354512103,1393.0,0.09682742475195358,27232.0,1.892896217405025,1142443.0,5128.0,0.44886265660518726,3886.0,0.3401482612261619,9377.0,0.8207849319397116,118.0,0.010328742878200486,18046.0,1.5795974066102205,30546.38671875,1805498.0,1.6918538109014798,1438.642,82.88927466223865
ADNI,ADNI-1762_S_P0F62E3_AD_M_MPRAGE_GRAPPA2,1.0,1020.358154296875,1584114.0,10420.0,0.6577809425331762,4986.0,0.3147500748052224,12463.0,0.7867489334732223,8770.0,0.5536217721704372,27427.0,1.7313779185083902,1450370.0,8128.0,0.5604087232912981,4115.0,0.28372070575094627,11296.0,0.7788357453615284,958.0,0.06605211084068204,23146.0,1.595868640415894,1147187.0,4113.0,0.35852916743303404,3176.0,0.2768511149446429,7640.0,0.6659768634058789,20.0,0.0017433949303818819,14629.0,1.2752062218278275,54111.29296875,1706438.5,3.1710075088407814,1450.37,83.56499900035665
ADNI,ADNI-0120_S_P4792FF_AD_M_MPRAGE_SENSE2,1.0,1017.267822265625,1588765.0,9975.0,0.6278461572353369,4897.0,0.3082268302738291,12617.0,0.7941388436930572,3594.0,0.22621344251667178,27075.0,1.7041538553530573,1435798.0,8180.0,0.5697180244017612,4039.0,0.2813069805084002,10595.0,0.7379171721927458,636.0,0.04429592463563816,22469.0,1.5649137274184808,1092570.0,5067.0,0.46376891183173613,3218.0,0.2945349039420815,6447.0,0.5900766083637662,146.0,0.013362988183823461,14464.0,1.3238511033617983,42006.62890625,1736518.125,2.4190147111911084,1435.798,82.72541381489832
ADNI,ADNI-1436_S_PD1E127_AD_M_MPRAGE,1.0,1022.433349609375,1570351.0,11021.0,0.7018176191182736,5071.0,0.3229214360356379,12705.0,0.809054790935275,5935.0,0.37794098262108283,28344.0,1.8049467921502902,1433381.0,9586.0,0.6687684572350268,4541.0,0.3168034179328455,11721.0,0.8177169922023523,466.0,0.03251054674228276,25443.0,1.7750339930555799,1140166.0,6491.0,0.569303066395595,3497.0,0.30670972472429453,8099.0,0.710335161722065,127.0,0.011138728921928912,17809.0,1.561965538351433,56001.14453125,1735733.125,3.226368369921499,1433.381,82.5861551411917
ADNI,ADNI-0623_S_PFA6A49_AD_M_SAG_IR-SPGR,1.0,1013.971435546875,1573200.0,11154.0,0.7090007627765065,5320.0,0.33816425120772947,15554.0,0.9886854818204933,13286.0,0.8445207220950928,31552.0,2.0055936943808796,1424334.0,10135.0,0.7115606311440996,4938.0,0.3466883469747966,15130.0,1.0622508484667221,1084.0,0.07610574486040493,29727.0,2.0870806987686876,1153858.0,6690.0,0.5797940474477795,3938.0,0.34128982942441793,10829.0,0.9385036980287002,146.0,0.012653203427111482,21054.0,1.824661266810994,54736.0078125,1760614.75,3.1089145318417897,1424.334,82.06490018834779
ADNI,ADNI-0620_S_P93F44D_AD_M_Accelerated_SAG_IR-SPGR,1.0,1020.2747802734375,1574359.0,10193.0,0.6474381002045911,5154.0,0.3273713301731054,14168.0,0.8999218094475274,5779.0,0.3670700265949507,29062.0,1.8459576246586709,1426601.0,8037.0,0.5633670521750651,4386.0,0.30744405758863197,12417.0,0.8703905296575566,704.0,0.049348065787140204,24490.0,1.7166677998963973,1125358.0,4465.0,0.39676263020301095,2988.0,0.2655155070653072,6509.0,0.5783937200428664,112.0,0.009952388484375638,13747.0,1.221566825845642,52289.24609375,1753828.625,2.9814341805346003,1426.601,82.19551641230017
ADNI,ADNI-0874_S_P8FCAA9_AD_F_MPRAGE_GRAPPA2,1.0,1024.568603515625,1590113.0,10951.0,0.6886931935026002,5181.0,0.325825900423429,13049.0,0.8206335021473317,5099.0,0.3206690342132918,28710.0,1.8055320596712308,1439984.0,9748.0,0.676951966132957,4459.0,0.3096562184024267,11515.0,0.7996616629073656,806.0,0.0559728441427127,25294.0,1.7565472949699443,1147698.0,6628.0,0.577503838117693,3683.0,0.32090323412605054,7562.0,0.6588841315398302,123.0,0.010717105022401363,17518.0,1.5263597218083502,44674.72265625,1748101.25,2.5556141359803957,1439.984,82.96659577937324
ADNI,ADNI-0625_S_P915377_AD_M_Accelerated_SAG_IR-SPGR,1.0,1018.4412841796875,1563411.0,10868.0,0.69514670166706,5130.0,0.32812868784983606,14240.0,0.9108289502888236,10607.0,0.6784524350922438,29808.0,1.9066003757169419,1413190.0,8708.0,0.616194566901832,4398.0,0.3112108067563456,13213.0,0.9349768962418358,1134.0,0.08024398700811639,25912.0,1.83358217932479,1127185.0,5542.0,0.49166729507578616,3369.0,0.298886163318355,8458.0,0.7503648469417176,166.0,0.014726952541064688,17035.0,1.511286967090584,47495.48046875,1756155.875,2.704513941209803,1413.19,81.42282378793963
ADNI,ADNI-0349_S_P50A2FC_AD_F_Accelerated_SAG_IR-SPGR,1.0,1012.6156005859375,1629932.0,11165.0,0.6849979017529565,5311.0,0.325841814259736,15545.0,0.9537207687191858,8333.0,0.5112483220158878,31544.0,1.9352954601787067,1499263.0,10489.0,0.6996104085807493,5078.0,0.3386997478094237,14472.0,0.9652742714253603,1824.0,0.12165977550303048,29565.0,1.9719688940499431,1159199.0,7244.0,0.6249142727003733,4405.0,0.38000377847116845,9947.0,0.8580925276850653,150.0,0.01293996975497736,21129.0,1.822724139686111,24993.357421875,1798686.75,1.3895336373537526,1499.263,86.38203430591622
ADNI,ADNI-0297_S_P7CA399_AD_M_MPRAGE_GRAPPA2,1.0,1017.7379150390625,1581714.0,10086.0,0.6376626874390693,5026.0,0.317756560288396,12630.0,0.7985008667812259,5381.0,0.34020056723276143,27288.0,1.7252170746418125,1422535.0,7443.0,0.5232208697852777,4447.0,0.3126109375164759,11293.0,0.7938644743363081,671.0,0.047169313936036725,22771.0,1.6007339010990944,1149625.0,4130.0,0.3592475807328477,3451.0,0.30018484288354896,7838.0,0.6817875394150267,36.0,0.003131455909535718,15153.0,1.3180819832554094,52258.0703125,1740760.375,3.0020254977655956,1422.535,81.96124840762863
ADNI,ADNI-1611_S_P58405F_AD_F_MPRAGE_SENSE2,1.0,1015.5199584960938,1592343.0,10929.0,0.6863470998396702,5181.0,0.3253695968770548,12891.0,0.8095617589928803,8050.0,0.5055443456591954,28542.0,1.792453007926056,1450541.0,9502.0,0.655065937467469,4248.0,0.29285625156407163,11159.0,0.7692991787202154,835.0,0.05756472929755174,24543.0,1.6919894025746256,1142643.0,5754.0,0.5035693563081383,3144.0,0.2751515565229035,6787.0,0.5939737958399955,11.0,0.0009626803822366215,15417.0,1.3492403139038176,44354.81640625,1743014.25,2.5447190925863055,1450.541,83.57485139307647
ADNI,ADNI-1609_S_P4561CB_AD_M_MPRAGE_SENSE2,1.0,1021.8759765625,1585007.0,9270.0,0.584855461206165,5164.0,0.32580297752628223,13423.0,0.8468732314746876,4238.0,0.2673805226096793,27389.0,1.7280049867287655,1443661.0,6455.0,0.44712713026119016,4169.0,0.2887797065931683,11157.0,0.7728268617078385,976.0,0.0676058991688492,21380.0,1.4809570944979467,1131655.0,3354.0,0.2963800805015663,3113.0,0.2750838373886034,6645.0,0.5871930933014037,94.0,0.008306418475595477,12846.0,1.1351516142287181,50494.01953125,1732430.625,2.9146344334134593,1443.661,83.17845103101544
ADNI,ADNI-1734_S_PDB3AF1_AD_F_MPRAGE,1.0,1016.913818359375,1636223.0,10602.0,0.6479556881916463,5030.0,0.3074153095268799,14307.0,0.8743918157855012,2789.0,0.1704535384235523,29471.0,1.8011603552816458,1502326.0,9079.0,0.6043295529731896,4339.0,0.28881880497308837,12100.0,0.8054177322365451,585.0,0.038939617632923876,25122.0,1.6722069644005362,1159239.0,5943.0,0.512663911410848,3602.0,0.310721085125673,6935.0,0.5982372918785513,108.0,0.009316456744467707,16177.0,1.3954844514375377,43130.1953125,1738623.375,2.4807095045814624,1502.326,86.55851312989775
ADNI,ADNI-1211_S_PC0B046_AD_F_MPRAGE,1.0,1015.7919311523438,1602768.0,11105.0,0.6928638455472034,4986.0,0.31108681980174296,13111.0,0.8180223213840057,4406.0,0.2748994239964861,28742.0,1.7932726383356794,1465117.0,10582.0,0.7222631366641709,4653.0,0.31758555801345556,11869.0,0.8101059505827863,1104.0,0.0753523438742435,26667.0,1.8201276758101914,1128987.0,7906.0,0.700273785260592,3537.0,0.3132897012985978,7592.0,0.6724612418034929,157.0,0.013906271728549574,18705.0,1.6567949852389796,28600.38671875,1738381.5,1.645230734378501,1465.117,84.41466704386158
ADNI,ADNI-1612_S_P2EB126_AD_F_MPRAGE,1.0,1019.32275390625,1619783.0,11132.0,0.6872525517306948,5317.0,0.3282538463485541,14834.0,0.9158016845466337,11965.0,0.7386791934475173,30806.0,1.9018596935515435,1491753.0,9759.0,0.6541967738626971,4613.0,0.3092334991114481,13594.0,0.9112768668807771,959.0,0.06428678206110529,27579.0,1.8487645072609205,1165665.0,6487.0,0.5565063718993021,3581.0,0.3072066159659937,7596.0,0.6516451982344842,18.0,0.0015441829342049387,17421.0,1.4945117164880133,52462.91015625,1731805.625,3.029376357190779,1491.753,85.94933565488739
ADNI,ADNI-1021_S_P82DA89_AD_M_MPRAGE_GRAPPA2,1.0,1015.7017211914062,1563511.0,10501.0,0.6716294288943282,5029.0,0.3216478809551068,12863.0,0.8226996803987948,6669.0,0.4265400115509261,27934.0,1.7866199854046436,1414262.0,8002.0,0.5658074670747004,4219.0,0.29831813341516633,11770.0,0.8322361768894306,662.0,0.04680886568401046,23571.0,1.6666643097247893,1123812.0,4694.0,0.4176855203539382,3179.0,0.28287649535687465,8273.0,0.736155157624229,58.0,0.005161005577445338,15833.0,1.4088655397877938,62249.2578125,1736317.25,3.585131565818401,1414.262,81.48458849551659
ADNI,ADNI-1297_S_PE2BDC8_AD_M_Sag_IR-SPGR,1.0,1024.557373046875,1592662.0,10497.0,0.6590852296344109,5266.0,0.33064140413973586,15284.0,0.959651200317456,7859.0,0.49345058775810563,30570.0,1.9194279765574869,1442653.0,8881.0,0.615601950018473,4758.0,0.3298090393185333,13562.0,0.9400736005123892,1226.0,0.08498232076597768,26746.0,1.8539454740675685,1143349.0,5607.0,0.49040144347876286,3937.0,0.34433930497162285,8613.0,0.7533132927916149,85.0,0.007434300462938263,17787.0,1.555692968638622,49193.9375,1788551.25,2.750490795273549,1442.653,83.12037376866697
ADNI,ADNI-1696_S_PF8DF9C_AD_M_MPRAGE_GRAPPA2,1.0,1011.5611572265625,1589274.0,10949.0,0.6889309206593702,4858.0,0.30567416317136004,12561.0,0.790360881761106,7443.0,0.4683270474443048,27921.0,1.756839915584097,1462711.0,9794.0,0.669578611222586,4224.0,0.2887788496839089,11225.0,0.7674106504976034,1319.0,0.09017502432127741,24849.0,1.69883182665612,1139323.0,6178.0,0.5422518460524364,3378.0,0.2964918640280237,7397.0,0.6492452096552076,186.0,0.016325484520193133,16638.0,1.460340921757921,23861.18359375,1793978.625,1.3300706742673705,1462.711,84.27604214980362
ADNI,ADNI-0577_S_P3BE080_AD_M_MPRAGE,1.0,1023.3255004882812,1570128.0,10886.0,0.6933192707855665,5016.0,0.31946440035462076,12005.0,0.7645873457450603,12734.0,0.8110166814425321,27470.0,1.7495388910967766,1415918.0,9321.0,0.6583008338053474,4295.0,0.3033367751522334,10153.0,0.7170612987475263,2922.0,0.20636788288587332,23385.0,1.6515786931164091,1138245.0,5558.0,0.4882955778413259,3341.0,0.2935220449024595,6294.0,0.5529565251769171,316.0,0.027762037171259264,14901.0,1.309120619901691,28133.203125,1745139.875,1.61208872297414,1415.918,81.58000114080338
ADNI,ADNI-1693_S_P15E6CF_AD_M_MPRAGE,1.0,1017.5795288085938,1581628.0,10549.0,0.6669709944436998,4854.0,0.3068989673930912,12748.0,0.8060049518597293,3541.0,0.2238832392952072,27704.0,1.7516128950676138,1445424.0,8748.0,0.6052203367316441,4238.0,0.2932011645025958,11349.0,0.785167535615847,926.0,0.06406424689226137,23929.0,1.6555003929642789,1127916.0,5608.0,0.4972001461101713,3139.0,0.27830086637657414,6940.0,0.6152940467197913,93.0,0.00824529486238337,15383.0,1.3638426975058426,36926.90625,1779324.25,2.0753331636996464,1445.424,83.28002862379358
ADNI,ADNI-0772_S_P119678_AD_F_MPRAGE_P2_NO_ANGLE=,1.0,1015.3350219726562,1605442.0,11017.0,0.6862284654319496,4924.0,0.3067068134507506,13311.0,0.8291174642248054,4735.0,0.29493435452666616,28798.0,1.7937739264327206,1472685.0,9799.0,0.6653832964958561,4187.0,0.28431062990388306,11797.0,0.8010538574101047,948.0,0.06437221809144522,25361.0,1.7220926403134413,1136840.0,5037.0,0.4430702649449351,3071.0,0.27013475950881394,6864.0,0.6037788958868443,145.0,0.012754653249357869,14656.0,1.289187572569579,29573.47265625,1778555.125,1.66278077303058,1472.685,84.85070744212871
ADNI,ADNI-0018_S_PBD6ABC_AD_M_MPRAGE_SENSE2,1.0,1015.1697998046875,1594404.0,11094.0,0.6958085905454326,5148.0,0.3228792702476913,13664.0,0.8569973482254184,7542.0,0.47302942039784146,29450.0,1.8470851804185138,1455779.0,10161.0,0.697976822031366,4636.0,0.3184549303156592,12138.0,0.8337804021077375,1821.0,0.1250876678396927,26499.0,1.8202625535881478,1133001.0,6621.0,0.5843772423854877,3775.0,0.3331859371703996,7402.0,0.6533092203802114,183.0,0.01615179509991606,17431.0,1.5384805485608575,29016.134765625,1767695.625,1.6414666843804062,1455.779,83.87664573849445
ADNI,ADNI-0232_S_PB05672_AD_F_MPRAGE,1.0,1020.441650390625,1604789.0,10626.0,0.6621431228653736,4884.0,0.3043390751058239,12779.0,0.7963040624032194,6347.0,0.39550370796409995,27859.0,1.7359914605596125,1472201.0,8955.0,0.6082729192549114,4078.0,0.2770002193993891,11135.0,0.7563505255056885,553.0,0.03756280562233011,23804.0,1.6168987794465566,1192637.0,5521.0,0.4629237563483273,3165.0,0.2653783171241543,7931.0,0.6649969772864669,89.0,0.007462455047093122,16341.0,1.3701570553320082,51055.76953125,1722803.75,2.963527884777938,1472.201,84.82282113758838
ADNI,ADNI-1613_S_PE89514_AD_F_MPRAGE_SENSE2,1.0,1024.1414794921875,1601095.0,11213.0,0.700333209459776,5291.0,0.3304613405200816,14303.0,0.8933261299298292,6221.0,0.3885465884285442,30334.0,1.894578397908931,1454565.0,10524.0,0.723515277763455,5067.0,0.3483515690257912,12369.0,0.8503573233234678,977.0,0.06716784743205012,27510.0,1.891287085829784,1105791.0,6893.0,0.6233546845651664,4128.0,0.37330743332148664,6928.0,0.6265198396442004,94.0,0.008500702212262535,17602.0,1.5918017057472886,35289.109375,1743027.875,2.0245866334753826,1454.565,83.80669951181682
ADNI,ADNI-1146_S_PAACB09_AD_M_MPRAGE,1.0,1018.56396484375,1604927.0,9618.0,0.5992795934020676,5109.0,0.3183322356717782,13305.0,0.8290096683525169,1495.0,0.09315065420420991,27564.0,1.7174612926320012,1480231.0,7559.0,0.5106635383261126,4613.0,0.31164054799554936,12054.0,0.8143323575847284,67.0,0.004526320554021636,23781.0,1.6065735685849032,1172540.0,4435.0,0.37823869548160405,3741.0,0.3190509492213485,6988.0,0.5959711395773278,0.0,0.0,14788.0,1.261193647977894,63792.71875,1715199.125,3.719260220005068,1480.231,85.28548028109856
ADNI,ADNI-0185_S_PC79931_AD_M_MPRAGE,1.0,1014.0371704101562,1592395.0,9957.0,0.625284555653591,4927.0,0.3094081556397753,12741.0,0.8001155492198857,3033.0,0.1904678173443147,27158.0,1.7054813661183312,1454121.0,8226.0,0.5657025790838589,4327.0,0.2975680840865375,11279.0,0.7756575965824027,456.0,0.031359150992248924,23389.0,1.608463119644101,1147450.0,4800.0,0.4183188809969933,3541.0,0.30859732450215693,7153.0,0.6233822824523945,128.0,0.011155170159919821,15167.0,1.3218005141836247,61810.94921875,1734188.125,3.564258590385054,1454.121,83.78111786054427
ADNI,ADNI-1608_S_PCDBC60_AD_F_MPRAGE_SENSE2,1.0,1012.4732666015625,1611015.0,9460.0,0.5872074437544033,5170.0,0.3209156960053134,13989.0,0.8683345592685356,4901.0,0.30421814818608145,28151.0,1.747407690182897,1481096.0,5718.0,0.386065454231191,3992.0,0.26953013174027884,11746.0,0.7930613545644576,306.0,0.02066037582979091,21075.0,1.4229327471007958,1132504.0,3065.0,0.27063922070032426,3016.0,0.266312525165474,6845.0,0.6044128762459117,19.0,0.001677698268615387,12680.0,1.1196428445285844,55910.29296875,1740166.875,3.2129270917623924,1481.096,85.33531840801466
ADNI,ADNI-0579_S_PEAC7A3_AD_F_MPRAGE_GRAPPA2,1.0,1019.14404296875,1592495.0,10355.0,0.6502375203689807,5013.0,0.31478905742247226,14055.0,0.8825773393323056,2661.0,0.1670962860165966,28956.0,1.8182788642978471,1451580.0,8872.0,0.611196075999945,4476.0,0.30835365601620307,13079.0,0.9010182008569971,379.0,0.02610948070378484,25979.0,1.7897050110913626,1146950.0,5859.0,0.5108330790357034,3597.0,0.3136143685426566,8227.0,0.717293691965648,85.0,0.00741095950128602,17338.0,1.5116613627446707,47009.84375,1769814.625,2.6562015640479864,1451.58,83.6347147617075
ADNI,ADNI-1520_S_PC54B24_AD_F_Sag_IR-FSPGR,1.0,1022.9283447265625,1591081.0,10170.0,0.6391880740201159,5188.0,0.32606762320711513,15451.0,0.9711007799100108,8541.0,0.5368048515443274,30334.0,1.9065025602090655,1443148.0,8199.0,0.5681329981401768,4516.0,0.312927017880356,13693.0,0.9488285331788563,562.0,0.038942644829220566,25965.0,1.799191766887388,1131475.0,4598.0,0.40637221326145073,3547.0,0.3134846107956429,7811.0,0.6903378333591109,52.0,0.004595771006871561,15616.0,1.3801453854481982,52923.0390625,1773788.75,2.9836156680157093,1443.148,83.14889385285595
ADNI,ADNI-1078_S_PF30748_AD_M_MPRAGE_SENSE2,1.0,1022.4547119140625,1575666.0,11025.0,0.6997041251128094,5320.0,0.3376350064036414,15171.0,0.9628309552912863,9579.0,0.6079334072068573,31039.0,1.9698971736395912,1438156.0,9370.0,0.6515287632217923,5103.0,0.3548293787322099,14508.0,1.0087918139617675,887.0,0.061676202025371385,28506.0,1.9821215500960954,1126721.0,6018.0,0.5341162541569741,4268.0,0.37879830055532826,10464.0,0.9287126094214982,31.0,0.0027513466066577262,20344.0,1.8055933988982187,70604.7109375,1751366.125,4.0314078209945965,1438.156,82.86127312503493
ADNI,ADNI-0422_S_PDC863B_AD_M_MPRAGE_SENSE2,1.0,1017.8787841796875,1566100.0,11125.0,0.710363322904029,5249.0,0.3351637826447864,13881.0,0.8863418683353554,8165.0,0.5213587893493391,29783.0,1.9017304131281527,1425657.0,10287.0,0.7215620587560683,4907.0,0.3441921864796371,12344.0,0.8658464132677075,963.0,0.06754780427550246,27103.0,1.901088410466192,1112663.0,7374.0,0.6627343589208952,4009.0,0.36030675954893804,7694.0,0.6914941900647366,73.0,0.006560836479688819,18751.0,1.6852362305567814,52167.765625,1757170.5,2.96885052560352,1425.657,82.14112659518015
ADNI,ADNI-1615_S_P2E59B0_AD_M_MPRAGE,1.0,1027.90087890625,1609157.0,10671.0,0.6631422539876469,5145.0,0.31973263019083903,14601.0,0.907369510868113,4408.0,0.27393225148323,29950.0,1.8612229881857394,1466264.0,8500.0,0.5797046098110572,4565.0,0.3113354757397031,13119.0,0.8947229148366188,793.0,0.05408303006825511,25754.0,1.7564367671851728,1148659.0,5125.0,0.4461724497870996,3616.0,0.3148018689619809,8009.0,0.6972478342136352,146.0,0.01271047369149591,16451.0,1.4321917993068438,48146.78125,1748755.25,2.753202956788836,1466.264,84.48075297631566
ADNI,ADNI-1610_S_PDD0232_AD_F_MPRAGE,1.0,1012.9486083984375,1586920.0,11060.0,0.6969475461901041,5095.0,0.32106218334887704,13073.0,0.8237970408086104,7815.0,0.4924633881985229,28773.0,1.8131348776245808,1438390.0,9704.0,0.674643177441445,4470.0,0.3107641182155048,11867.0,0.8250196400141826,1211.0,0.08419135283198576,25655.0,1.783591376469525,1109786.0,6320.0,0.5694791608472264,3551.0,0.31997159812792736,7463.0,0.6724719900953878,61.0,0.005496555191721647,17047.0,1.536061907430802,39886.88671875,1767377.75,2.256839926764383,1438.39,82.87475534665154
ADNI,ADNI-1213_S_P57DC00_AD_M_MPRAGE_GRAPPA2,1.0,1019.0715942382812,1593316.0,11188.0,0.7021833710324882,5169.0,0.32441775517223204,12866.0,0.8074983242495525,11917.0,0.7479370068460995,28752.0,1.8045384594142029,1464007.0,10562.0,0.7214446379013215,4678.0,0.31953399129922194,11749.0,0.8025234852019151,2237.0,0.15279981584787503,26540.0,1.8128328621379544,1156487.0,7548.0,0.6526662210643094,3841.0,0.33212651763487183,7835.0,0.6774827559669931,156.0,0.013489126985430878,18837.0,1.6288120834907784,31081.89453125,1746035.0,1.7801415510714274,1464.007,84.35071291568022
ADNI,ADNI-0774_S_P936998_AD_F_MPRAGE_GRAPPA2,1.0,1015.77783203125,1588547.0,11032.0,0.6944711110215813,5151.0,0.3242585834728214,12945.0,0.8148956247438697,6324.0,0.3980996470359392,28676.0,1.8051716442761843,1443425.0,9806.0,0.6793563919150631,4621.0,0.32014133051596033,11730.0,0.8126504667717409,731.0,0.050643434885775156,25745.0,1.783604967351958,1143354.0,6746.0,0.5900184894617065,3634.0,0.3178368204423127,7590.0,0.6638363971263492,44.0,0.0038483269398628945,17642.0,1.5430041789332087,55138.1484375,1752796.375,3.145724695916261,1443.425,83.16485357673544
ADNI,ADNI-0419_S_P45AAAC_AD_F_MPRAGE,1.0,1020.0328369140625,1590767.0,10982.0,0.6903588017604086,5304.0,0.33342406524651313,13800.0,0.8675060521119685,10059.0,0.6323364766807459,29611.0,1.8614291093541668,1447386.0,8895.0,0.61455617229958,4435.0,0.30641446027528246,12067.0,0.8337098742146186,1162.0,0.08028266129422283,25005.0,1.727597199364924,1140689.0,4367.0,0.382838793045256,3138.0,0.2750968931934997,6884.0,0.6034949052721644,109.0,0.009555628221189123,14129.0,1.2386373498823957,44178.65234375,1740657.25,2.538044313074846,1447.386,83.39307186657902
ADNI,ADNI-0395_S_P4F663A_AD_F_MPRAGE_SENSE2,1.0,1024.806640625,1606922.0,10581.0,0.6584638208948537,4936.0,0.3071711010241941,13082.0,0.8141029869526959,3598.0,0.22390632526034246,28159.0,1.7523563682618073,1453936.0,8605.0,0.5918417316855763,4177.0,0.2872891241430159,11163.0,0.7677779489606145,886.0,0.06093803303584202,23565.0,1.620772853825753,1108086.0,5455.0,0.4922903095969085,3340.0,0.3014206478558523,6276.0,0.5663820317195597,106.0,0.009566044512790525,14778.0,1.3336509982077205,40686.98046875,1747776.75,2.3279277784619805,1453.936,83.77045883918072
ADNI,ADNI-1147_S_P41F5FE_AD_M_MPRAGE,1.0,1024.25390625,1582333.0,10610.0,0.6705288962563506,5013.0,0.3168106839710731,13538.0,0.8555721204070191,5505.0,0.3479040126193412,28714.0,1.8146622739966871,1427426.0,8229.0,0.5764922314711936,4133.0,0.2895421548997986,12230.0,0.8567869717939843,719.0,0.050370386976277576,24191.0,1.6947288335787636,1139552.0,5180.0,0.45456460082558764,3178.0,0.278881525371374,7634.0,0.6699123866221112,72.0,0.006318272443907781,15700.0,1.377734407907669,59839.09765625,1730337.375,3.4582329735696775,1427.426,82.24304988594847
ADNI,ADNI-1521_S_P7A4CF4_AD_M_Sag_IR-FSPGR,1.0,1013.8831787109375,1616175.0,11101.0,0.6868686868686869,5228.0,0.32347982118273083,15339.0,0.9490927653255371,4515.0,0.27936331152257643,31191.0,1.9299271427908486,1466997.0,10405.0,0.7092720707676975,4777.0,0.3256312044264576,14218.0,0.9691908027078446,1088.0,0.07416511417542095,28936.0,1.9724648380330703,1133165.0,7646.0,0.6747472786399157,3886.0,0.34293328862080985,9093.0,0.8024427157563109,158.0,0.013943247452930508,20243.0,1.7864123936055207,24889.23046875,1816725.0,1.3700053926020723,1466.997,84.52298574744803
ADNI,ADNI-1319_S_PF7B618_AD_M_MPRAGE,1.0,1020.2972412109375,1561040.0,10562.0,0.6766002152411213,5126.0,0.32837082970327475,12727.0,0.8152898067954696,11181.0,0.7162532670527341,27954.0,1.7907292574181315,1412787.0,7929.0,0.5612310985307764,4447.0,0.3147679020262785,11298.0,0.799695920191791,1128.0,0.07984218427830947,23254.0,1.6459664478792626,1129158.0,4975.0,0.44059378758331424,3554.0,0.31474780323037166,7635.0,0.6761675513967045,186.0,0.016472451153868636,15839.0,1.402726633473792,53866.203125,1730250.375,3.1132028002016763,1412.787,81.39960440626658
ADNI,ADNI-1525_S_PF51F8F_AD_M_Sag_IR-FSPGR,1.0,1025.864013671875,1602051.0,10886.0,0.6795039608601724,5187.0,0.3237724641724889,15040.0,0.9387965801338408,4654.0,0.2905026119642883,30637.0,1.9123610921250322,1455555.0,9566.0,0.6572063577123503,4627.0,0.31788561751359445,13722.0,0.9427331842493069,564.0,0.03874810639240702,27459.0,1.886496903243093,1126233.0,5765.0,0.5118834202158878,3572.0,0.31716349991520404,7922.0,0.7034068438768887,133.0,0.011809279252161853,16918.0,1.5021758375043175,54583.6953125,1762581.125,3.0968047109037324,1455.555,83.8637396801948
ADNI,ADNI-0127_S_P57D71F_AD_M_MPRAGE_SENSE2,1.0,1025.7764892578125,1619858.0,10992.0,0.6785779988122416,5272.0,0.3254606267956821,13292.0,0.8205657532944246,7239.0,0.44689102378109685,29081.0,1.7952808209114626,1480617.0,9532.0,0.6437856650301867,4531.0,0.3060210709454234,12375.0,0.8358002103177257,2137.0,0.14433172116759432,25987.0,1.7551466719617566,1158301.0,6168.0,0.5325040727755567,3378.0,0.29163403985665215,8306.0,0.7170847646682511,151.0,0.0130363351149658,17551.0,1.5152365404156605,42489.31640625,1738001.875,2.4447221270258988,1480.617,85.3077201851328
ADNI,ADNI-0578_S_PA0EE2B_AD_F_MPRAGE_GRAPPA2,1.0,1014.411865234375,1601482.0,11135.0,0.6952934844100651,5134.0,0.32057806456769417,14224.0,0.8881773257520221,8630.0,0.5388758662289055,30036.0,1.8755128062631985,1474381.0,9929.0,0.6734351568556567,4449.0,0.301753752930891,13349.0,0.9053969089400907,1536.0,0.10417931321686864,27318.0,1.8528453635796989,1174852.0,6371.0,0.542281070296514,3449.0,0.29356889208172604,8953.0,0.7620534331132772,127.0,0.010809872222203306,18478.0,1.5727938497785254,42022.32421875,1739212.25,2.416169976881775,1474.381,84.9484247406833
ADNI,ADNI-1519_S_PA447E7_AD_M_Sag_IR-FSPGR,1.0,1021.0010375976562,1572786.0,10798.0,0.6865523981012038,5235.0,0.3328488427541954,13868.0,0.8817474214546671,14176.0,0.9013305052308452,29447.0,1.8722826881724532,1413490.0,8170.0,0.5780019667631182,4338.0,0.3068999426950314,11815.0,0.835874325251682,1468.0,0.10385641214299358,23975.0,1.6961563222944627,1121130.0,4717.0,0.4207362214908173,3217.0,0.2869426382310704,6589.0,0.5877106133989815,14.0,0.001248740110424304,14290.0,1.2746068698545217,46266.2265625,1794721.75,2.577905269298709,1413.49,81.44010868744812
ADNI,ADNI-1243_S_P35A748_AD_M_MPRAGE,1.0,1019.95458984375,1570821.0,10965.0,0.6980426159314143,5050.0,0.3214879352898898,12488.0,0.7949982843366621,6810.0,0.43353125531171277,28050.0,1.7856904128478037,1426427.0,9162.0,0.6423041627787472,4341.0,0.304326824997003,11245.0,0.7883333672175302,1363.0,0.09555343526167129,24335.0,1.7060108929514095,1144080.0,5298.0,0.4630795049297252,3446.0,0.3012027130969862,7193.0,0.6287147751905462,174.0,0.015208726662471157,15626.0,1.365813579469967,44095.5546875,1734770.0,2.541867491800066,1426.427,82.18549117058525
ADNI,ADNI-0343_S_PB92975_AD_F_Sag_IR-SPGR,1.0,1018.85400390625,1612561.0,11013.0,0.6829509085237706,5069.0,0.3143446976579491,13729.0,0.8513786455210066,6319.0,0.3918611450977668,29351.0,1.8201481990448731,1470111.0,10038.0,0.6828055840681418,4535.0,0.3084801079646367,12195.0,0.8295291988155996,1638.0,0.11142015806969677,26334.0,1.7912933105051252,1134440.0,6370.0,0.5615105250167484,3601.0,0.31742533761150876,7056.0,0.6219808892493213,171.0,0.015073516448644266,16731.0,1.4748245830541942,23868.6796875,1809344.875,1.3191890621460434,1470.111,84.70240300434601
ADNI,ADNI-0109_S_P3AAFD5_AD_F_Accelerated_Sag_IR-FSPGR,1.0,1021.5352172851562,1573549.0,9991.0,0.6349341520346681,5159.0,0.3278576008754732,14607.0,0.9282837712711838,11369.0,0.7225068936525014,29289.0,1.8613338383488536,1413839.0,7611.0,0.5383215486346041,4125.0,0.2917588211953412,12506.0,0.8845420164530757,900.0,0.06365647007898353,23870.0,1.6883110453170411,1122097.0,4399.0,0.39203384377642936,3180.0,0.28339795935645495,7961.0,0.7094752057977163,96.0,0.008555410093779772,15262.0,1.3601319672006966,58893.59765625,1752614.0,3.3603290659694607,1413.839,81.46021678720963
ADNI,ADNI-0045_S_PB89B54_AD_M_Sag_IR-SPGR,1.0,1012.7003173828125,1559309.0,9936.0,0.6372053262053897,4678.0,0.3000046815608709,12482.0,0.8004827779484374,8523.0,0.5465882644171232,26685.0,1.711334956701975,1408953.0,7480.0,0.5308906684609068,3827.0,0.2716201321122848,11283.0,0.8008074080540656,328.0,0.023279697761387358,22229.0,1.5776963461520719,1121838.0,4582.0,0.4084368687814105,2983.0,0.26590292002945165,7261.0,0.6472414020562683,0.0,0.0,14576.0,1.2992963333386816,56566.3984375,1743495.5,3.244424688076339,1408.953,81.17870339054826
ADNI,ADNI-1606_S_P112A87_AD_F_MPRAGE_SENSE2,1.0,1016.5985107421875,1609471.0,10594.0,0.6582286975037139,5166.0,0.32097502844102194,13970.0,0.8679870591020279,4213.0,0.26176302648509975,29261.0,1.818050775689652,1471159.0,8928.0,0.6068684622124461,4757.0,0.3233505012034729,12396.0,0.8426009697116356,380.0,0.025829974870153396,25635.0,1.742503699464164,1130775.0,6184.0,0.5468815635294378,3944.0,0.3487873361190334,7559.0,0.6684795825871637,80.0,0.007074793836085871,17300.0,1.5299241670535695,61537.53515625,1738629.0,3.539428777286586,1471.159,84.76278491996227
ADNI,ADNI-0879_S_P554A42_AD_M_MPRAGE_GRAPPA2,1.0,1016.9951171875,1589713.0,9637.0,0.6062100517514797,4619.0,0.2905555908519336,11690.0,0.7353528592896957,4489.0,0.2823780141446915,25527.0,1.6057615431213055,1442924.0,6518.0,0.45172164299713635,3599.0,0.2494240860918524,9695.0,0.6718995595055596,546.0,0.03783983078803873,19458.0,1.348511771929776,1144328.0,3184.0,0.2782419026712621,2686.0,0.23472291161275438,6052.0,0.5288693451527884,108.0,0.009437853482567935,11685.0,1.0211233142945029,58376.1015625,1723580.625,3.386908666515093,1442.924,83.1359877945563
ADNI,ADNI-0877_S_PE8F1DF_AD_F_MPRAGE,1.0,1017.4109497070312,1564113.0,11019.0,0.704488742181671,5077.0,0.32459291624070635,13203.0,0.8441205974248663,11759.0,0.7517999019252445,28836.0,1.8436008140076836,1413096.0,9081.0,0.6426314984969174,4183.0,0.2960166895950452,11538.0,0.8165050357512865,1382.0,0.09779944179305583,24434.0,1.72911111488533,1104685.0,5466.0,0.49480168554836895,3352.0,0.30343491583573595,7803.0,0.7063552053300263,141.0,0.012763819550369563,16359.0,1.4808746384716005,43934.4296875,1732594.0,2.535760235086812,1413.096,81.41740785276032
ADNI,ADNI-1351_S_PD2AA8C_AD_M_MPRAGE_SENSE2,1.0,1024.4051513671875,1584159.0,10402.0,0.6566260078691596,5105.0,0.322253006169204,13753.0,0.8681578048668095,5864.0,0.3701648635017066,28797.0,1.8178099546825792,1450746.0,7928.0,0.5464774674546751,4276.0,0.294744910549469,11930.0,0.8223355432308619,431.0,0.029708853238265005,23751.0,1.6371577105847614,1133570.0,4891.0,0.4314687227079051,3206.0,0.28282329278297763,7446.0,0.6568628315851689,46.0,0.004057976128514339,15267.0,1.3468069903049658,65492.6875,1745823.25,3.751392788473862,1450.746,83.58666274107394
ADNI,ADNI-0944_S_P3B69B9_AD_M_MPRAGE_GRAPPA2,1.0,1020.230224609375,1570082.0,10841.0,0.6904734911934536,4897.0,0.3118945379922832,13033.0,0.8300840338275326,4740.0,0.3018950602579993,28324.0,1.8039822123940021,1421626.0,9164.0,0.6446139842687176,4398.0,0.30936406621713447,11705.0,0.8233529775060389,1470.0,0.10340272336043375,24874.0,1.749686626440428,1111107.0,5980.0,0.5382019913473679,3137.0,0.28233104462486514,7022.0,0.6319823383346518,301.0,0.027090100233370863,15855.0,1.426955279734535,29857.125,1767171.875,1.6895427899450925,1421.626,81.90887516211795
ADNI,ADNI-0556_S_PB0BA8B_AD_M_MPRAGE,1.0,1023.775634765625,1577092.0,11083.0,0.7027491103879799,4982.0,0.3158978677210968,12471.0,0.7907591947711358,6642.0,0.421154885066946,28074.0,1.7801117499803436,1442503.0,9934.0,0.6886640790348443,4385.0,0.3039855029764236,11436.0,0.7927886458468372,2204.0,0.15278997686659923,25322.0,1.7554209592631695,1144094.0,6096.0,0.5328233519273766,3301.0,0.28852524355516246,8107.0,0.7085956223876709,152.0,0.013285621635984455,17176.0,1.5012752448662434,26999.13671875,1747491.0,1.5450229339521635,1442.503,83.11173131891273
ADNI,ADNI-1106_S_P54937E_AD_M_MPRAGE,1.0,1015.974365234375,1565724.0,10698.0,0.6832621841397334,5140.0,0.32828263474277714,12810.0,0.8181518581819017,8201.0,0.5237832466002948,28183.0,1.79999795621706,1413179.0,8761.0,0.6199497728171732,4304.0,0.30456155943443824,11046.0,0.7816419576005587,1897.0,0.13423635647005794,23707.0,1.6775652624331383,1138909.0,5469.0,0.4801963984831097,3435.0,0.3016044302046959,7437.0,0.65299334714187,172.0,0.01510217234212742,16020.0,1.4066093076795425,37662.38671875,1746049.125,2.157006133418497,1413.179,81.422190008291
ADNI,ADNI-1148_S_PA72C1E_AD_F_MPRAGE,1.0,1018.1162719726562,1585957.0,10983.0,0.6925156230591372,5043.0,0.31797835628582616,12907.0,0.8138303875830177,5134.0,0.3237162167700638,28473.0,1.7953197974472195,1441885.0,10065.0,0.6980445735963686,4543.0,0.3150736709238254,11807.0,0.8188586468407675,1698.0,0.11776251226692837,25985.0,1.8021548181720457,1129526.0,6061.0,0.5365967671394903,3465.0,0.3067658469127758,7821.0,0.6924143401745511,270.0,0.023903832226969544,17045.0,1.509040075217392,30410.201171875,1744724.125,1.7429804939434195,1441.885,83.07612442592529
ADNI,ADNI-1244_S_P8D4D0D_AD_F_MPRAGE_GRAPPA2,1.0,1018.65966796875,1580710.0,10954.0,0.6929797369536475,4953.0,0.31334020788126854,12795.0,0.809446388015512,8505.0,0.5380493575671692,28273.0,1.7886266298055935,1437459.0,9246.0,0.6432183457058601,4230.0,0.2942692626363604,11589.0,0.8062142989817448,2220.0,0.15443918748291255,24707.0,1.7187968491623067,1138579.0,5818.0,0.5109878190270504,3266.0,0.2868487825614209,8239.0,0.7236212858308471,331.0,0.029071324870738,17052.0,1.4976562891112517,30758.4375,1755246.0,1.7523718897522058,1437.459,82.82111454184357
ADNI,ADNI-1022_S_P467400_AD_M_MPRAGE_GRAPPA2,1.0,902.42578125,1600790.0,8488.0,0.5302381948912724,5044.0,0.31509442212907374,13180.0,0.8233434741596336,1511.0,0.09439089449584268,26245.0,1.6395029953960232,1472630.0,6031.0,0.4095393955032832,4202.0,0.2853398341742325,11427.0,0.7759586589978473,78.0,0.0052966461365040775,21243.0,1.442521203560976,1160004.0,3212.0,0.2768955969117348,2885.0,0.2487060389446933,7189.0,0.619739242278475,14.0,0.0012068923900262411,13004.0,1.121030617135803,55905.859375,1745113.0,3.203566724618979,1472.63,84.84753854388549
ADNI,ADNI-0206_S_PECB8D5_AD_M_MPRAGE_SENSE2,1.0,1017.612548828125,1582109.0,11174.0,0.7062724502546917,5255.0,0.3321515774197606,13592.0,0.8591064206069241,11485.0,0.725929755788002,29548.0,1.8676336459750877,1441160.0,10568.0,0.7332981764689556,4953.0,0.3436814788087374,12384.0,0.8593077798440145,1879.0,0.1303810819062422,27454.0,1.9049931999222849,1101009.0,8136.0,0.7389585371236748,4201.0,0.3815590971554274,8002.0,0.7267878827511856,207.0,0.018800936232128893,19959.0,1.8127917210486018,29028.275390625,1760605.625,1.6487664800358115,1441.16,83.03435258544646
ADNI,ADNI-0110_S_P9BE4AB_AD_M_Sag_IR-FSPGR,1.0,1020.798095703125,1566070.0,10667.0,0.6811317501771951,5140.0,0.3282101055508374,13351.0,0.8525161710523796,6675.0,0.4262261584731206,28702.0,1.8327405543813495,1423452.0,8635.0,0.606623897398718,4070.0,0.28592463953824926,10760.0,0.7559088750446099,461.0,0.03238605867988524,23155.0,1.6266793681838236,1111765.0,5485.0,0.4933596578413604,3044.0,0.2737988693653785,5447.0,0.4899416693276007,52.0,0.00467724743988163,13794.0,1.2407298304947538,59439.46875,1757211.75,3.3826013711779472,1423.452,82.01408258379287
ADNI,ADNI-0165_S_PBE97FB_AD_F_Accelerated_SAG_IR-SPGR,1.0,1020.8900146484375,1614045.0,11185.0,0.692979439854527,5319.0,0.32954471529604196,15375.0,0.9525756716820164,11016.0,0.6825088519836807,31402.0,1.9455467474574748,1494491.0,10537.0,0.7050561027132315,5004.0,0.3348297179441027,13768.0,0.9212501112418878,1923.0,0.1286725714641306,28839.0,1.9296870974800115,1143437.0,8082.0,0.7068163790396848,4221.0,0.3691502024160491,8658.0,0.7571908203075465,299.0,0.026149232533143496,20524.0,1.794939292676378,29161.626953125,1803904.125,1.616584082766871,1494.491,86.10708917106807
ADNI,ADNI-0880_S_P12C834_AD_M_MPRAGE_GRAPPA2,1.0,1019.1124267578125,1563004.0,10776.0,0.6894416137130808,5057.0,0.3235436377642028,13074.0,0.8364661894659259,9059.0,0.5795890477567556,28445.0,1.8198929753218802,1415206.0,8844.0,0.6249266891180507,4270.0,0.3017228587216278,11600.0,0.8196686560119163,1145.0,0.08090694923565898,24315.0,1.7181244285284263,1112874.0,5505.0,0.4946651642504003,3304.0,0.29688895598243825,7166.0,0.6439183591314022,28.0,0.0025160081015460868,15700.0,1.4107616855097702,48313.125,1744095.625,2.7700961063989826,1415.206,81.53897831263659
ADNI,ADNI-1113_S_P44C6DC_AD_F_MPRAGE,1.0,1024.5528564453125,1588767.0,11135.0,0.7008579609218973,5090.0,0.3203742273096055,13296.0,0.8368753882727927,6416.0,0.4038351753277857,29067.0,1.8295319578012381,1442965.0,10482.0,0.7264209457609851,4483.0,0.3106797462169907,12261.0,0.8497087593947186,1270.0,0.08801322277394116,26804.0,1.8575641127816684,1143011.0,7033.0,0.615304664609527,3480.0,0.3044590122054818,8168.0,0.714603796463901,109.0,0.00953621618689584,18377.0,1.607771053821879,34583.7890625,1761088.875,1.9637730698003528,1442.965,83.13835006415579
ADNI,ADNI-1079_S_P80FEF5_AD_M_MPRAGE,1.0,1012.943603515625,1576602.0,11077.0,0.7025869559977724,5312.0,0.3369271382378051,13460.0,0.8537348043450408,11001.0,0.697766462303105,29373.0,1.863057385440333,1433441.0,8848.0,0.6172559596104757,4278.0,0.29844269837405235,11171.0,0.779313553888859,898.0,0.06264645702194928,23953.0,1.671014014528676,1120143.0,4776.0,0.42637413258842843,3274.0,0.29228411015379285,5627.0,0.5023465753926061,114.0,0.010177272009020277,13498.0,1.2050247155943483,39162.96484375,1762748.625,2.22169878837659,1433.441,82.5896121210934
ADNI,ADNI-1558_S_PEDFE44_AD_F_MPRAGE_GRAPPA2,1.0,1011.4620971679688,1591668.0,10731.0,0.6741983881060623,4890.0,0.30722487352890177,13054.0,0.8201459098254158,5536.0,0.34781122696441724,28225.0,1.7732969438350208,1445473.0,9037.0,0.6251932758342771,4245.0,0.2936754958411537,11685.0,0.8083859055132819,1783.0,0.12335062640395221,24571.0,1.6998588005448738,1117516.0,5771.0,0.5164131878201296,3423.0,0.30630433926673084,7701.0,0.6891176502170886,296.0,0.026487316512694228,16567.0,1.4824843671142067,24321.115234375,1759670.0,1.3821406987886933,1445.473,83.28285182404663
ADNI,ADNI-0111_S_P5B70F2_AD_F_Accelerated_Sag_IR-FSPGR,1.0,1020.6170654296875,1606371.0,11046.0,0.6876369157560738,5260.0,0.3274461503600351,14679.0,0.9137988671359232,13361.0,0.8317505731863936,30511.0,1.8993744284477247,1450223.0,10304.0,0.7105114178991783,4761.0,0.32829433818109355,13012.0,0.897241320817557,1935.0,0.1334277555934501,27631.0,1.9052931859445066,1122607.0,7400.0,0.6591799267241341,3591.0,0.3198804211981575,7399.0,0.6590908483556579,141.0,0.012560049955149042,18066.0,1.6092898048916493,41743.50390625,1786916.875,2.3360629971245865,1450.223,83.5565293995975
ADNI,ADNI-0050_S_P7011FC_AD_F_Sag_IR-SPGR,1.0,1023.201904296875,1566392.0,11025.0,0.7038468020776408,5137.0,0.3279511131313234,14339.0,0.9154158090695049,13285.0,0.8481274163810847,30038.0,1.9176553506401974,1403289.0,9485.0,0.6759120893842965,4375.0,0.31176756890419577,12853.0,0.9159196715715723,1779.0,0.12677360116127184,26331.0,1.876377567272315,1111809.0,5611.0,0.5046730148793542,3392.0,0.30508837399229544,7405.0,0.6660316655108925,59.0,0.005306666882531083,16162.0,1.4536669517875822,45530.11328125,1756327.25,2.5923479397845703,1403.289,80.85236448782827
ADNI,ADNI-1149_S_P430AC8_AD_M_MPRAGE_GRAPPA2,1.0,1015.9071655273438,1584774.0,10562.0,0.6664672691500492,5038.0,0.3179002179490577,13162.0,0.8305285169999004,8886.0,0.5607108647668374,28307.0,1.7861852857252831,1446192.0,8509.0,0.5883727748459402,4459.0,0.3083269717990419,11872.0,0.8209145120426611,841.0,0.05815272107714605,24416.0,1.688295883257548,1174152.0,5718.0,0.4869897594178607,3724.0,0.31716506891782326,8034.0,0.6842384972303416,24.0,0.002044028371113791,17122.0,1.4582439070920972,55791.87890625,1724657.5,3.2349541231374923,1446.192,83.32427796653529
ADNI,ADNI-1657_S_PA8C746_AD_M_MPRAGE_SENSE2,1.0,1017.2679443359375,1626297.0,11054.0,0.6797036457670401,5253.0,0.3230037317906877,14737.0,0.9061690453834693,4518.0,0.2778090348810826,30572.0,1.879853433905369,1474401.0,10442.0,0.7082198126561228,4982.0,0.3378999336001535,13642.0,0.9252571044105368,1188.0,0.08057509456382626,28619.0,1.9410594539748682,1115239.0,8280.0,0.7424417546373469,4329.0,0.3881679173701781,9040.0,0.810588582357683,90.0,0.008070019072145074,21277.0,1.907842175533675,25747.560546875,1786064.875,1.4415803651519097,1474.401,84.9495770673172
ADNI,ADNI-0621_S_PA2127C_AD_M_Sag_IR-FSPGR,1.0,1018.4439086914062,1540045.0,11074.0,0.7190698973081955,5226.0,0.33934073354999367,13576.0,0.8815326824865508,13411.0,0.8708187098428941,29408.0,1.9095545909372778,1379390.0,9639.0,0.6987871450423738,4656.0,0.3375405070357187,11724.0,0.8499409159121061,1423.0,0.10316154242092519,25569.0,1.8536454519751486,1108134.0,5768.0,0.5205146669987565,3563.0,0.3215315115319988,6337.0,0.5718622477065048,133.0,0.01200215858370919,15340.0,1.3843091178503681,51377.12109375,1760120.25,2.9189551733042105,1379.39,79.47539177665143
ADNI,ADNI-0187_S_P6DE604_AD_M_MPRAGE_GRAPPA2,1.0,1022.737548828125,1565784.0,10421.0,0.6655451837545919,4874.0,0.3112817604471626,12309.0,0.7861237565334682,6348.0,0.40541990466117933,27171.0,1.7352968225502368,1412104.0,8156.0,0.5775778554554055,3706.0,0.2624452589894229,10476.0,0.741871703500592,823.0,0.058281826267753654,21995.0,1.5576048223077055,1147078.0,4799.0,0.41836736473021013,2622.0,0.22858079398262368,6989.0,0.6092872498644382,74.0,0.006451174200882591,14174.0,1.235661393558241,57426.890625,1715900.125,3.3467501859993165,1412.104,81.36025245171895
ADNI,ADNI-1617_S_P81163B_AD_F_MPRAGE_SENSE2,1.0,1027.4296875,1605269.0,10834.0,0.6749024618303848,5157.0,0.32125456854894724,13000.0,0.809833118312258,7924.0,0.4936244330389486,28561.0,1.7792033609320308,1461228.0,8745.0,0.5984692327275415,3835.0,0.26245048685078576,9594.0,0.6565710484606098,2669.0,0.18265458915378024,21889.0,1.4979866249483311,1133814.0,5032.0,0.4438117715956938,2773.0,0.2445727429719513,5125.0,0.4520141751645332,240.0,0.0211674930808757,12762.0,1.1255814445755652,33694.66015625,1754553.75,1.9204119655068987,1461.228,84.19059712990006
ADNI,ADNI-0396_S_PF8CF05_AD_F_MPRAGE_SENSE2,1.0,1017.44091796875,1645765.0,11032.0,0.6703265654574013,5191.0,0.3154156273830104,14210.0,0.8634282537300283,7272.0,0.44186138361187655,29979.0,1.8215844911029215,1500125.0,10345.0,0.6896091992333973,4901.0,0.326706107824348,13036.0,0.8689942504791267,2173.0,0.14485459545037915,27858.0,1.8570452462294809,1139507.0,7465.0,0.6551078668231086,4061.0,0.35638218984174735,8267.0,0.7254891808475068,331.0,0.029047649553710506,19468.0,1.7084581314550942,21652.279296875,1766440.75,1.2257574615437852,1500.125,86.43169958383724
ADNI,ADNI-0702_S_P53A15A_AD_M_MPRAGE,1.0,1023.6585083007812,1589495.0,10858.0,0.6831100443851663,5039.0,0.31701892739517895,12409.0,0.7806882060025354,5712.0,0.35935941918659703,27853.0,1.7523175599797418,1464705.0,9217.0,0.6292734714498824,4324.0,0.2952130292447967,10778.0,0.73584783284006,696.0,0.04751810091451862,23930.0,1.6337760846040672,1168241.0,5930.0,0.5076007433397732,3490.0,0.2987397292168311,7201.0,0.6163967879915189,91.0,0.007789488641470382,16346.0,1.3991975970711523,40859.19140625,1739474.25,2.348939135273201,1464.705,84.39092911520328
ADNI,ADNI-1701_S_P42D5B7_AD_F_MPRAGE,1.0,1015.4931640625,1593564.0,11079.0,0.6952340790831119,5160.0,0.3238024955383028,13826.0,0.8676149812621268,3184.0,0.1998037104251853,29595.0,1.857157917724045,1463973.0,9992.0,0.6825262487764461,4611.0,0.31496482517095603,12889.0,0.8804124119775433,454.0,0.031011500895166782,27050.0,1.847711672278109,1165123.0,6434.0,0.552216375438473,3562.0,0.3057187953546535,8178.0,0.7019001427317116,159.0,0.013646627866757414,17830.0,1.5303105337376397,60788.88671875,1756425.375,3.4609433218163335,1463.973,84.3487539604026
ADNI,ADNI-0878_S_PFA436B_AD_F_MPRAGE,1.0,1015.9267578125,1594460.0,10123.0,0.6348857920549904,4916.0,0.30831754951519635,13645.0,0.8557756230949664,2201.0,0.13804046511044493,28217.0,1.7696900518043728,1441727.0,7963.0,0.5523237062217743,4209.0,0.29194153955637925,12468.0,0.8647961784720685,437.0,0.03031087022716506,24211.0,1.6793054440958657,1107493.0,3947.0,0.3563905144321454,3039.0,0.2744035402481099,7795.0,0.7038419204455468,39.0,0.003521466952838528,14471.0,1.3066448275519573,45304.9453125,1763839.375,2.568541441734171,1441.727,83.06702104551748
ADNI,ADNI-0557_S_P4760E1_AD_M_MPRAGE_GRAPPA2,1.0,1019.9563598632812,1583924.0,10880.0,0.686901644270811,5005.0,0.3159873832330339,12320.0,0.7778150971890065,10366.0,0.6544505923263995,27788.0,1.7543771039519571,1450942.0,9087.0,0.6262827873202375,4460.0,0.307386511659322,11291.0,0.7781841038442612,1305.0,0.08994156899448771,24467.0,1.6862838073472268,1179453.0,4787.0,0.40586610912007515,3420.0,0.28996492441835325,7616.0,0.6457230597573621,37.0,0.0031370474279178565,15577.0,1.3206969671534179,42211.046875,1713934.375,2.4628158166790954,1450.942,83.59795554208614
ADNI,ADNI-0352_S_PD72BCF_AD_F_Sag_IR-SPGR,1.0,1017.62646484375,1601535.0,10951.0,0.6837814971261945,5061.0,0.3160093285504219,13549.0,0.8460008679173419,2842.0,0.17745475434505023,29105.0,1.8173190095751888,1458814.0,10088.0,0.6915206462235761,4489.0,0.30771571975591133,11738.0,0.8046262237680747,601.0,0.04119784976014763,25914.0,1.7763745069625054,1141224.0,5863.0,0.5137466439542107,3473.0,0.3043223766762704,6822.0,0.5977792265146895,86.0,0.007535768613348475,15860.0,1.3897359326477536,39032.67578125,1792599.875,2.177433811393633,1458.814,84.05151130518853
ADNI,ADNI-0350_S_P73533E_AD_F_Sag_IR-SPGR,1.0,1022.2652587890625,1591154.0,10679.0,0.6711481101137917,5027.0,0.31593422132615695,12171.0,0.7649165322778311,3993.0,0.25094993947788835,27419.0,1.7232147234020088,1433920.0,9246.0,0.6448058469091721,4375.0,0.30510767685784423,10245.0,0.7144750055791118,813.0,0.056697723722383395,23473.0,1.6369811426020977,1118065.0,5373.0,0.48056240021823415,2780.0,0.24864386238724942,6139.0,0.549073622732131,103.0,0.009212344541685858,14049.0,1.2565459074382974,26680.767578125,1745106.125,1.5288908333941582,1433.92,82.61721034397527
ADNI,ADNI-0942_S_PE772E2_AD_F_MPRAGE_GRAPPA2,1.0,1025.62841796875,1592907.0,10541.0,0.6617461031937207,4798.0,0.30121030292415063,12774.0,0.8019300561803043,6577.0,0.41289290586330524,27660.0,1.7364478905548157,1448676.0,8359.0,0.5770096281017978,3941.0,0.2720415054850084,11561.0,0.7980390370241517,2220.0,0.1532433753303016,23491.0,1.6215496080559075,1131829.0,4387.0,0.38760272090571984,2994.0,0.26452759206558585,7285.0,0.6436484663319283,336.0,0.02968646323782126,14410.0,1.2731605215982273,25301.51171875,1760549.75,1.4371369919395915,1448.676,83.46739693446546
ADNI,ADNI-1650_S_PDFF076_AD_M_MP-RAGE,1.0,1012.9356689453125,1604256.0,8436.0,0.5258512357130034,4845.0,0.3020091556459817,13534.0,0.8436309416950911,2995.0,0.1866909022001476,26357.0,1.6429422735523507,1469225.0,6057.0,0.4122581633173953,4168.0,0.28368697782844693,11918.0,0.8111759601150267,204.0,0.013884871275672547,21721.0,1.4783984753866835,1146117.0,3432.0,0.2994458680920011,3267.0,0.2850494321260395,7326.0,0.6392017568886946,0.0,0.0,13706.0,1.1958639475725428,68759.890625,1726870.25,3.981763576331227,1469.225,84.65135493446431
ADNI,ADNI-0060_S_P26B31A_AD_M_Accelerated_SAG_IR-SPGR,1.0,1019.20166015625,1565897.0,10216.0,0.6524056179940315,5159.0,0.3294597281941277,14831.0,0.9471248747522986,7975.0,0.5092927568032891,29737.0,1.8990393365591736,1423374.0,8396.0,0.5898660506655313,4370.0,0.3070169892101443,13433.0,0.9437435277024873,592.0,0.04159131753144289,25814.0,1.8135781600619374,1123751.0,5481.0,0.48774150145361383,3321.0,0.2955281018659828,7865.0,0.6998881424799622,106.0,0.009432694609393007,16354.0,1.4553046003963512,62766.73828125,1745900.875,3.595091747763171,1423.374,82.00958850992068
ADNI,ADNI-0233_S_PED8DC8_AD_F_MPRAGE,1.0,1015.03662109375,1594800.0,10661.0,0.6684850764986205,4790.0,0.30035114120892903,12489.0,0.7831075996990218,2617.0,0.16409581138700777,27504.0,1.724604966139955,1456944.0,8612.0,0.5911002756454606,4149.0,0.2847741574144236,10992.0,0.7544559022172438,468.0,0.0321220307712582,23367.0,1.6038365235726288,1124462.0,5830.0,0.5184701661772474,3460.0,0.30770270582732007,6778.0,0.6027771503172183,77.0,0.00684771917592591,15772.0,1.4026263226325122,39235.26171875,1735843.25,2.260299812137415,1456.944,83.94376876491903
ADNI,ADNI-0061_S_P577928_AD_F_Accelerated_SAG_IR-SPGR,1.0,1014.075927734375,1614767.0,11150.0,0.6905020972065938,5236.0,0.32425730771064804,15035.0,0.931094083542703,4435.0,0.27465262790235373,30947.0,1.9164994082737634,1467683.0,10307.0,0.7022633634102187,4825.0,0.32874946429167606,13431.0,0.9151158663008292,766.0,0.052191106662678524,28140.0,1.9173077565114538,1152330.0,7340.0,0.6369703123237267,4003.0,0.3473831280969861,8756.0,0.7598517785703748,36.0,0.0031241050740673246,19756.0,1.7144394400909462,34940.2109375,1762833.75,1.9820479916214446,1467.683,84.56251055099074
ADNI,ADNI-0624_S_P7A20AD_AD_F_Sag_IR-FSPGR,1.0,1020.5734252929688,1564557.0,10888.0,0.6959158407140168,5290.0,0.3381148785247198,14858.0,0.9496617892476913,10908.0,0.6971941578350933,30559.0,1.9532046451487546,1410433.0,8643.0,0.6127905402099922,4770.0,0.33819401559662887,13884.0,0.984378556088804,1258.0,0.08919246784498093,26826.0,1.9019691116132422,1109943.0,5684.0,0.5120983690153459,3895.0,0.3509189210617122,8014.0,0.7220190586363443,92.0,0.008288713924949299,17179.0,1.5477371360511305,45509.4453125,1778535.0,2.5588164029664866,1410.433,81.26397556145675
ADNI,ADNI-1752_S_P029B32_AD_F_MPRAGE_GRAPPA2,1.0,1019.5715942382812,1587699.0,11017.0,0.6938972689407753,5103.0,0.32140852894660765,13596.0,0.856333599756629,12546.0,0.7902001575865452,29263.0,1.8431075411649185,1456052.0,9453.0,0.6492213190188263,4287.0,0.29442629796188596,12498.0,0.8583484655767788,1494.0,0.1026062256018329,25851.0,1.7754173614678597,1157286.0,5816.0,0.5025551160214502,3197.0,0.2762497774966603,7719.0,0.6669915647471757,92.0,0.007949633884795979,16442.0,1.4207378297153859,41131.80078125,1761617.5,2.334888293358235,1456.052,83.89237499704716
ADNI,ADNI-1697_S_P5D9CE4_AD_M_MPRAGE,1.0,1019.2542724609375,1600358.0,11001.0,0.6874086923050967,5029.0,0.31424218831036554,13312.0,0.8318138816439822,2164.0,0.13521974458214975,28873.0,1.804158819464145,1463308.0,9861.0,0.6738841036883554,4478.0,0.3060189652486011,11610.0,0.7934078129826393,341.0,0.02330336470517485,25522.0,1.7441304223034384,1109668.0,6413.0,0.5779206032795394,3650.0,0.3289272106612068,7226.0,0.6511857600651727,70.0,0.006308193081173829,16938.0,1.526402491556033,43475.54296875,1741136.0,2.496964221562819,1463.308,84.31043909982549
ADNI,ADNI-0234_S_PBB41C3_AD_F_MPRAGE_GRAPPA2,1.0,1010.0376586914062,1591580.0,10875.0,0.6832832782518001,4861.0,0.3054197715477701,12037.0,0.7562924892245442,9068.0,0.5697483004310182,27373.0,1.7198632805137035,1466477.0,9824.0,0.6699048126905501,4159.0,0.28360485708265454,10666.0,0.7273213285990847,2568.0,0.17511355445738325,24295.0,1.6566915130615756,1172136.0,6435.0,0.5489977272261921,3271.0,0.2790631803817987,7525.0,0.64199034924275,211.0,0.018001324078434584,16944.0,1.4455660435307847,22588.830078125,1741882.875,1.2968053364739005,1466.477,84.49302525496667
ADNI,ADNI-0417_S_PB5AE2F_AD_F_MPRAGE_SENSE2,1.0,1015.6503295898438,1629201.0,10263.0,0.6299406887179667,5142.0,0.3156148320557132,13613.0,0.8355629538651155,6973.0,0.4280012104092743,28547.0,1.7522085979569126,1491699.0,7520.0,0.504123150850138,4125.0,0.2765303187841515,11467.0,0.7687207673934219,466.0,0.031239546315979295,22730.0,1.523765853566973,1149622.0,4100.0,0.35663896480756285,3106.0,0.2701757621200708,6074.0,0.5283475785953993,70.0,0.006088957935738878,13013.0,1.1319372802538574,74104.484375,1721435.5,4.304807492061132,1491.699,85.94622437297586
ADNI,ADNI-1614_S_PD2A3C4_AD_F_MPRAGE,1.0,1019.9449462890625,1592718.0,10960.0,0.6881318601284094,5153.0,0.32353498861694285,13084.0,0.8214888009051193,8733.0,0.5483079867245803,28746.0,1.8048392747492024,1451154.0,9529.0,0.656649811115843,4184.0,0.2883222593880457,10699.0,0.7372752995202438,1067.0,0.07352768899785964,24030.0,1.6559234926134647,1125854.0,6301.0,0.5596640416963479,3215.0,0.28556100524579564,6095.0,0.54136682020937,91.0,0.008082753181140715,15337.0,1.3622547861445622,42231.42578125,1751465.125,2.4112056345540993,1451.154,83.61017020440546
ADNI,ADNI-1698_S_PE31E1F_AD_F_MPRAGE_GRAPPA2,1.0,1017.561279296875,1602953.0,10456.0,0.6522961059993648,4909.0,0.3062472823594953,13125.0,0.8188012998509625,2946.0,0.18378580033226177,28045.0,1.7495834250910662,1471756.0,8679.0,0.5897037280636193,4165.0,0.2829952791087653,11419.0,0.7758758924713064,324.0,0.022014518710981985,23883.0,1.6227554023900703,1147272.0,4964.0,0.4326785627122426,3261.0,0.28423948287764367,7332.0,0.6390812292115557,47.0,0.004096674546227921,15269.0,1.3308962477947688,50495.25390625,1767462.25,2.856935354984244,1471.756,84.79718186998414
ADNI,ADNI-0773_S_P752E91_AD_M_MPRAGE_GRAPPA2,1.0,1018.1025390625,1556271.0,9929.0,0.6379994229796739,4881.0,0.3136343220428833,11521.0,0.7402952313575206,6761.0,0.4344359048006421,25925.0,1.6658409749972851,1393222.0,6164.0,0.4424276963757391,4189.0,0.3006699578387364,9369.0,0.6724700011914828,955.0,0.06854614698877853,19366.0,1.3900153744342252,1117841.0,3136.0,0.2805407924740638,3361.0,0.300668878668791,5686.0,0.5086591026809717,112.0,0.010019314016930852,11926.0,1.0668780264814048,45533.51953125,1706433.125,2.6683447985252866,1393.222,80.27234087665553
ADNI,ADNI-1523_S_PD5DC3F_AD_M_Accelerated_Sag_IR-FSPGR,1.0,1014.9559326171875,1592824.0,10886.0,0.683440229428989,5084.0,0.31918152915827486,14540.0,0.9128441058145784,5050.0,0.3170469555958474,30041.0,1.886021305555416,1452341.0,9772.0,0.6728447382536195,4401.0,0.3030280078852005,12966.0,0.892765541976712,695.0,0.047853775387460655,26745.0,1.8415096730037919,1139920.0,6605.0,0.5794266264299249,3452.0,0.3028282686504316,7758.0,0.6805740753737104,69.0,0.006053056354831918,17533.0,1.5380903923082323,42539.765625,1783357.875,2.385374591457141,1452.341,83.67856079012732
ADNI,ADNI-1524_S_PD5A265_AD_M_Accelerated_Sag_IR-FSPGR,1.0,1023.762451171875,1580424.0,10243.0,0.6481172141146933,4753.0,0.3007420793407339,14529.0,0.9193102610438718,6643.0,0.42033024049242484,29074.0,1.839632908637176,1426174.0,7343.0,0.5148740616502614,3969.0,0.2782970380893215,12316.0,0.8635692419017595,895.0,0.06275531597126296,23248.0,1.6300956264803594,1123801.0,4207.0,0.374354534299222,3115.0,0.2771843057623191,6721.0,0.598059620875938,62.0,0.005516990997516465,13823.0,1.2300220412688725,39514.8828125,1783305.375,2.215822559975181,1426.174,82.17091423866644
ADNI,ADNI-0271_S_PF511B1_AD_M_MPRAGE_ND,1.0,1010.8453369140625,1590945.0,10956.0,0.6886473133892121,5049.0,0.3173585510498477,12492.0,0.7851937056277872,4012.0,0.25217716514398675,28051.0,1.7631659171121565,1462152.0,10041.0,0.686727508494329,4591.0,0.3139892432524115,11337.0,0.7753639840454344,700.0,0.04787463957235636,25551.0,1.7474927367332533,1191337.0,7226.0,0.6065454191383294,3637.0,0.30528725289317804,8012.0,0.6725217129997642,11.0,0.0009233323568394166,18532.0,1.5555632033589153,41164.046875,1762766.25,2.3351959952149075,1462.152,84.24383462038617
ADNI,ADNI-0186_S_P8400F6_AD_M_MPRAGE_GRAPPA2,1.0,1021.2307739257812,1584744.0,10695.0,0.6748724084142297,5097.0,0.32162923475337346,12924.0,0.8155260407990186,6925.0,0.4369790956772829,28264.0,1.7835057271079746,1436682.0,8974.0,0.6246337046054729,4277.0,0.29769983893443364,11067.0,0.7703166045095574,381.0,0.026519438539635076,23958.0,1.667592410846659,1155929.0,5680.0,0.4913796608615235,3102.0,0.26835558239303625,6953.0,0.6015075320370022,91.0,0.007872455834225113,15508.0,1.3416048909578357,72354.15625,1743557.375,4.14980070558332,1436.682,82.77634665211662
ADNI,ADNI-0423_S_P7FD945_AD_F_MPRAGE,1.0,1017.3728637695312,1635578.0,11167.0,0.6827555763161403,5318.0,0.325144994613525,14816.0,0.9058571342974777,9331.0,0.5705016819742011,30824.0,1.8845937032657567,1506636.0,10432.0,0.6924034736990222,4869.0,0.3231702946166161,13390.0,0.8887349034537871,1487.0,0.09869669913635411,28253.0,1.875237283590728,1178507.0,7369.0,0.6252826669676124,4001.0,0.3394973470670942,7959.0,0.6753460098242946,183.0,0.01552812159792008,18964.0,1.609154633786647,40271.09375,1741598.5,2.312306409887239,1506.636,86.80683951950284
ADNI,ADNI-0188_S_P494276_AD_M_MPRAGE,1.0,1024.3502197265625,1608104.0,10573.0,0.6574823518876889,4752.0,0.2955032759075284,13183.0,0.8197852875187176,2399.0,0.14918189370836712,28078.0,1.746031351206141,1470053.0,9169.0,0.6237190087704321,4034.0,0.27441187494600533,11950.0,0.8128958615777799,426.0,0.028978547031977758,24796.0,1.6867419065843203,1162646.0,5335.0,0.45886710142210096,2739.0,0.23558331598784152,7602.0,0.6538533655128044,72.0,0.006192770628376996,15396.0,1.3242207860346142,47486.25,1732302.375,2.7412217800601932,1470.053,84.6990612571077
ADNI,ADNI-1066_S_PE4F9A5_AD_M_Accelerated_Sag_IR-FSPGR,1.0,1015.2274169921875,1583465.0,10413.0,0.6576084725585978,5239.0,0.3308566971799187,15021.0,0.9486158519449435,6199.0,0.39148323455207407,30202.0,1.9073361267852462,1442948.0,8837.0,0.6124267818382921,4712.0,0.32655369424262,13753.0,0.9531181996856436,620.0,0.04296759134771315,26875.0,1.8625064797899853,1135442.0,5623.0,0.49522564780939937,3877.0,0.3414529319859579,7623.0,0.6713685067136851,134.0,0.011801571546587144,16783.0,1.4781028004953136,55564.7109375,1776290.25,3.1281324061481506,1442.948,83.13737058651697
ADNI,ADNI-0549_S_PAEADF6_AD_F_MPRAGE,1.0,1016.763671875,1583607.0,10535.0,0.665253437248004,4897.0,0.3092307624303252,12336.0,0.778981148731977,5139.0,0.32451233165804394,27320.0,1.7251755012449428,1440132.0,8753.0,0.6077915080006555,3952.0,0.2744192893429213,10477.0,0.7275027566917477,692.0,0.04805115086672611,22812.0,1.5840214646990691,1112108.0,5128.0,0.46110629543173864,2984.0,0.26831926395637834,6488.0,0.5833965765914821,73.0,0.006564110679897995,14315.0,1.2871951285306822,39511.22265625,1726098.0,2.289048632015679,1440.132,82.9751229964641
ADNI,ADNI-1067_S_PF5E75D_AD_F_Sag_IR-FSPGR,1.0,1021.2203369140625,1595086.0,10656.0,0.6680517539493168,5223.0,0.32744315980454974,15307.0,0.9596347783128935,5903.0,0.37007409004906316,30713.0,1.9254761185290323,1445578.0,9370.0,0.648183633121146,4600.0,0.31821181561977285,13853.0,0.9583018003871115,538.0,0.03721694713118213,27367.0,1.893152773492679,1109523.0,6111.0,0.5507772258889632,3875.0,0.34924918185562626,8219.0,0.7407687808184238,25.0,0.0022532205281008146,17833.0,1.607267267104873,39157.1875,1793823.125,2.182890105176897,1445.578,83.2889015388746
ADNI,ADNI-0263_S_PC748A8_AD_F_MPRAGE_REPEAT,1.0,1017.895751953125,1598929.0,10965.0,0.6857715383234653,5123.0,0.3204019690680449,14381.0,0.8994145456114686,8348.0,0.5220994803396524,30010.0,1.8768813374452524,1446910.0,9805.0,0.6776509941876137,4447.0,0.30734461714964995,12983.0,0.8972914694072196,1100.0,0.07602407889917133,26835.0,1.8546419611447846,1166474.0,7053.0,0.6046427095674658,3652.0,0.31308027439960084,8392.0,0.7194330949511091,152.0,0.013030723359457649,18792.0,1.611008903756106,45292.1328125,1748155.625,2.5908524484197453,1446.91,83.36564649269224
ADNI,ADNI-0155_S_PB5AB41_AD_F_MP-RAGE_REPEAT,1.0,1011.9119873046875,1591079.0,9893.0,0.6217793082555926,4889.0,0.30727575437800386,13449.0,0.845275438868843,2544.0,0.1598914950169036,27779.0,1.7459221069475495,1442142.0,8000.0,0.5547303940943402,4213.0,0.2921348937899319,11748.0,0.8146215837275386,540.0,0.03744430160136797,23569.0,1.6343050823011882,1126957.0,4533.0,0.4022336255952978,3301.0,0.29291268433489476,6656.0,0.5906170333029566,28.0,0.002484566846827341,14197.0,1.2597641258717058,43253.4453125,1762732.625,2.45377232480167,1442.142,83.09093182317086
ADNI,ADNI-1094_S_P7A9F8D_AD_F_MPRAGE_Repeat,1.0,1022.4470825195312,1592028.0,10672.0,0.6703399688950195,5157.0,0.3239264636049115,13223.0,0.8305758441434448,7108.0,0.44647455949267223,28577.0,1.7950061179828496,1449619.0,8251.0,0.5691840407720926,4704.0,0.3244990580283509,11867.0,0.8186288949027296,850.0,0.058636096795088924,24388.0,1.6823730925160336,1154346.0,5073.0,0.43946962175985366,3606.0,0.31238467495880784,7910.0,0.6852364888863477,33.0,0.0028587615844816025,16271.0,1.4095427194272774,57564.15625,1717022.875,3.3525561649841156,1449.619,83.52172913525376
ADNI,ADNI-1509_S_P68EAF9_AD_F_MP-RAGE,1.0,1019.2056884765625,1601938.0,10926.0,0.6820488683082616,4759.0,0.297077664678658,12238.0,0.7639496659670973,3369.0,0.21030776471998294,27524.0,1.7181688679586848,1453494.0,9398.0,0.6465798964426409,4004.0,0.2754741333641556,10591.0,0.7286579786363068,237.0,0.016305536864961258,23705.0,1.6308976851641632,1132745.0,5632.0,0.4971992813916636,2576.0,0.22741217131834615,5775.0,0.5098234818957488,37.0,0.00326640152902904,13829.0,1.2208396417552054,61752.3046875,1754815.125,3.5190205399842336,1453.494,83.74499242057156
ADNI,ADNI-1422_S_P48F232_AD_F_MPRAGE_Repeat,1.0,1010.9728393554688,1598525.0,10944.0,0.6846311443361849,4957.0,0.3100983719366291,12398.0,0.7755899970285107,5598.0,0.3501978386324893,27837.0,1.7414178695985363,1455940.0,10092.0,0.6931604324354026,4588.0,0.31512287594268995,11252.0,0.772834045359012,1650.0,0.11332884596892728,25481.0,1.7501408025055978,1117457.0,6152.0,0.5505357253120254,3336.0,0.29853497718480443,7556.0,0.6761781437675007,359.0,0.03212651583013933,16703.0,1.4947331306707998,21874.212890625,1773590.875,1.2333291289979713,1455.94,83.88592196789733
ADNI,ADNI-1412_S_PF2EC91_AD_F_MPRAGE_Repeat,1.0,1017.8765258789062,1593081.0,9329.0,0.5855948316501169,4836.0,0.3035627190331188,12669.0,0.7952514655563653,3612.0,0.22673046756567936,26395.0,1.6568523508848576,1459950.0,6429.0,0.44035754649131814,3765.0,0.2578855440254803,10480.0,0.717832802493236,171.0,0.011712729888009863,20342.0,1.3933353881982258,1157163.0,3352.0,0.2896739698728701,2956.0,0.25545234336044276,6815.0,0.5889403653590721,7.0,0.0006049277413812921,12891.0,1.1140176448780337,67661.46875,1723469.5,3.925887214714273,1459.95,84.11696345799396
ADNI,ADNI-1413_S_P455CB4_AD_M_MPRAGE,1.0,1020.0479736328125,1574956.0,10641.0,0.6756379225832341,5124.0,0.325342422264495,12728.0,0.808149561003609,4865.0,0.3088975184068634,28024.0,1.7793512961631945,1425329.0,8315.0,0.5833740841588153,4412.0,0.30954256876833347,11195.0,0.7854326965914535,1170.0,0.08208631130075933,23500.0,1.6487421500579869,1116622.0,5156.0,0.46174981327611314,3546.0,0.3175649414036263,7152.0,0.6405032320695813,86.0,0.007701800609337807,15563.0,1.3937572428270266,48973.8671875,1726692.75,2.836281509116199,1425.329,82.12222843838423
ADNI,ADNI-1678_S_P1F9EC1_AD_M_MPRAGE,1.0,1017.2786865234375,1582889.0,10823.0,0.6837497765162307,4979.0,0.31455143095946714,12525.0,0.7912746882440903,9443.0,0.5965674156558041,27890.0,1.7619681481139866,1445130.0,9507.0,0.6578646903738764,4056.0,0.2806667912229349,10849.0,0.7507283081798869,1124.0,0.07777846975704608,24056.0,1.6646253278251781,1149576.0,6700.0,0.5828235801721678,3106.0,0.27018657313653033,7107.0,0.6182279379527756,133.0,0.01156948300938781,16670.0,1.4500998629059758,44148.609375,1733720.0,2.546467098205016,1445.13,83.26308942227529
ADNI,ADNI-0550_S_P2D5241_AD_F_MPRAGE,1.0,1023.03076171875,1577195.0,10444.0,0.662188251928265,4886.0,0.30979048247046176,12182.0,0.7723838840473118,4937.0,0.3130240712150368,27076.0,1.7167186048649659,1425367.0,8652.0,0.6070015652109246,4208.0,0.2952222129458588,10727.0,0.7525781079539515,1322.0,0.09274804313555737,23194.0,1.6272300397020556,1101967.0,4911.0,0.44565762858597396,3153.0,0.2861247206132307,6697.0,0.6077314474934368,114.0,0.01034513737707209,14471.0,1.3131972191544756,33626.66015625,1772496.5,1.897135489759782,1425.367,82.12441785898864
ADNI,ADNI-0722_S_P96C86C_AD_F_MPRAGE_Repeat,1.0,1016.36279296875,1609036.0,10896.0,0.6771756505137237,5047.0,0.3136660708647911,13220.0,0.8216099577635305,5569.0,0.3461078558838957,28701.0,1.7837388349297343,1462988.0,10006.0,0.6839427254358887,4597.0,0.3142199389195263,11959.0,0.8174366433627617,2034.0,0.1390305320344391,26135.0,1.786412465447427,1142445.0,6275.0,0.549260577095615,3793.0,0.3320072301073575,6905.0,0.6044054637203542,413.0,0.03615053678732893,16675.0,1.4595888642341646,25265.08984375,1759413.25,1.4359952014542348,1462.988,84.2920018736831
ADNI,ADNI-0720_S_P8791BE_AD_M_MPRAGE,1.0,1024.976806640625,1548968.0,9851.0,0.6359718212383988,4896.0,0.3160814167884682,12217.0,0.7887186823743292,7971.0,0.5146006889748529,26500.0,1.7108164920127467,1385399.0,7167.0,0.5173238900850946,4255.0,0.30713173605582217,10994.0,0.7935619991063946,931.0,0.06720085693724336,21985.0,1.5869074540980612,1100415.0,4550.0,0.4134803687699641,3450.0,0.3135180818145881,8570.0,0.7787970901887016,35.0,0.0031806182213074156,16195.0,1.4717174884021027,56687.55078125,1742327.25,3.2535535893874123,1385.399,79.82160831380621
ADNI,ADNI-0695_S_PFD559E_AD_F_MPRAGE_Repeat,1.0,1021.742919921875,1578013.0,10254.0,0.6498045326622784,4819.0,0.30538404943432024,12679.0,0.8034788053076876,4728.0,0.2996173035329874,27307.0,1.7304673662384276,1416417.0,8405.0,0.5933986954406788,4009.0,0.2830381165998431,11080.0,0.7822555080883666,2021.0,0.14268396948073908,23103.0,1.6310874551773948,1126838.0,5078.0,0.45064152966087406,3176.0,0.28185062981546594,7129.0,0.6326552707665166,125.0,0.011092987634424826,15065.0,1.3369268697008798,33714.08203125,1740762.375,1.9367423443564489,1416.417,81.60875169031912
ADNI,ADNI-1677_S_PB25A46_AD_M_MPRAGE,1.0,1023.5218505859375,1566654.0,9430.0,0.6019197602023165,4812.0,0.30715141952211533,12115.0,0.7733041245865392,9392.0,0.5994942086765808,25922.0,1.6546091223716277,1394312.0,6521.0,0.46768585510273164,3930.0,0.28185944035481303,10074.0,0.7225068707721084,1467.0,0.10521318040725462,20185.0,1.4476673800411959,1112928.0,4014.0,0.36067023203657383,2946.0,0.26470715086690244,7332.0,0.6588027257828,92.0,0.008266482647574685,14041.0,1.2616269875499584,54886.90234375,1699009.125,3.230524282425499,1394.312,80.335142678203
ADNI,ADNI-1395_S_PBF6271_AD_M_Accelerated_Sagittal_MPRAGE,1.0,1015.593994140625,1571167.0,11212.0,0.7136096926679341,5179.0,0.3296275952842696,13917.0,0.8857747139546592,7639.0,0.4861991118703486,29842.0,1.8993525194966543,1442917.0,10744.0,0.7446027734096972,4850.0,0.336124669679545,13128.0,0.9098236419697043,1761.0,0.12204444191869664,28264.0,1.958809827592301,1174913.0,7375.0,0.6277060514267865,3979.0,0.3386633733731774,9180.0,0.7813344477420883,258.0,0.021959072714320124,20135.0,1.713743911251301,28915.97265625,1778414.375,1.6259412352225282,1442.917,83.13558448023443
ADNI,ADNI-0230_S_PF53F67_AD_M_Accelerated_Sagittal_MPRAGE,1.0,1017.675537109375,1591912.0,10922.0,0.6860932011317209,5001.0,0.31415053093387074,12991.0,0.8160626969329963,10686.0,0.6712682610596565,28479.0,1.7889807979335541,1451266.0,9520.0,0.6559789866227141,4254.0,0.293123383308091,11604.0,0.7995777479800394,1867.0,0.12864629916224868,25014.0,1.7235985684223292,1181961.0,6109.0,0.516852924927303,3144.0,0.2659986243200918,7874.0,0.6661810330459296,64.0,0.005414730266057848,16879.0,1.4280505025123502,41479.41796875,1740447.375,2.3832618305250395,1451.266,83.61662323355529
ADNI,ADNI-0613_S_P510AAA_AD_M_MPRAGE_Repeat,1.0,1019.52294921875,1573173.0,10572.0,0.672017635695502,5000.0,0.31782899909927265,12189.0,0.7748035340042068,5961.0,0.3789157327261528,27323.0,1.7368083484778851,1428089.0,8288.0,0.5803559862165454,4197.0,0.2938892463985088,10784.0,0.7551350090925706,529.0,0.03704250925537554,22889.0,1.6027712558531015,1137230.0,4962.0,0.43632334708018605,3296.0,0.28982703586785435,6768.0,0.5951302726801087,60.0,0.0052759775946818145,14757.0,1.2976266894119923,68093.5,1707570.0,3.987742815814286,1428.089,82.28124951386219
ADNI,ADNI-1233_S_P2EC834_AD_M_MPRAGE_Repeat,1.0,1022.7630615234375,1575061.0,9242.0,0.5867709250625849,4789.0,0.3040517160922656,11447.0,0.726765503050358,2006.0,0.12736014668638232,25059.0,1.5909859999073053,1428908.0,6090.0,0.4261995873772139,3955.0,0.2767847895035929,10191.0,0.7132019696159585,209.0,0.014626553983881397,19854.0,1.3894526449568483,1133832.0,3355.0,0.29589921610961767,3046.0,0.2686465014217274,6868.0,0.6057334772700012,32.0,0.00282228760521841,12984.0,1.14514319581737,64822.7109375,1713878.125,3.7822240678578005,1428.908,82.32843728952034
ADNI,ADNI-0884_S_PF8E592_AD_M_Accelerated_Sagittal_MPRAGE,1.0,1014.3143310546875,1588233.0,9844.0,0.6198083026860668,5109.0,0.32167824242412796,12710.0,0.80026041519097,7529.0,0.4740488328853512,27200.0,1.7125950663410217,1447594.0,7168.0,0.49516646241971163,4607.0,0.31825221712717794,11378.0,0.7859938629201282,586.0,0.04048096358509361,22732.0,1.570329802416976,1141402.0,4276.0,0.3746269938198812,3631.0,0.3181175431618308,7467.0,0.6541954543622668,51.0,0.004468189121799331,15077.0,1.3209193605758534,58152.015625,1686577.875,3.4479294722753315,1447.594,83.40505606357156
ADNI,ADNI-0886_S_P16044C_AD_F_Accelerated_Sagittal_MPRAGE,1.0,1020.9415283203125,1611754.0,10685.0,0.6629423596901264,4810.0,0.29843263922409996,13883.0,0.8613597360391226,2716.0,0.1685120682188473,28944.0,1.7958075487946674,1476055.0,9202.0,0.6234185040530332,4056.0,0.2747865086328084,12291.0,0.8326925487193906,647.0,0.04383305500133803,25156.0,1.7042725372699525,1148975.0,5510.0,0.47955786679431667,3076.0,0.2677168780869906,6964.0,0.6061054418068279,76.0,0.006614591266128506,15271.0,1.329097674013795,49399.71875,1746597.125,2.828340780075428,1476.055,85.04487447994059
ADNI,ADNI-1068_S_P9B1E8E_AD_M_Accelerated_Sagittal_MPRAGE,1.0,1011.215576171875,1593812.0,11016.0,0.6911731120107014,5146.0,0.32287371408924015,12827.0,0.8048000642484809,5816.0,0.36491129443121273,28521.0,1.7894833267662686,1459133.0,10121.0,0.6936310809227123,4690.0,0.3214237495828002,11673.0,0.7999956138336943,1027.0,0.07038426243529548,26046.0,1.7850326186852055,1145062.0,7064.0,0.6169098267168066,3433.0,0.29980909330673794,6823.0,0.5958629314395203,133.0,0.011615091584560488,17088.0,1.492320939826839,27570.587890625,1750743.875,1.5747927657679226,1459.133,84.0698909149992
MIRIAD,miriad_197_HC_F_07_MR_1,0.0,1017.9085083007812,1615551.0,10840.0,0.6709785082612681,5094.0,0.3153103801736992,14056.0,0.8700437188302937,3626.0,0.22444354898112162,29522.0,1.8273641624436492,1477205.0,9928.0,0.6720800430542816,4650.0,0.31478366238944494,12367.0,0.8371891511333903,871.0,0.05896270321316269,26527.0,1.7957561746677002,1126952.0,4574.0,0.4058735420851997,2622.0,0.23266297056130167,5809.0,0.5154611731466824,153.0,0.01357644336227275,12778.0,1.1338548580596157,24097.77734375,1739655.625,1.3852038873354604,1477.205,85.11113326138974
MIRIAD,miriad_199_HC_F_07_MR_1,0.0,1017.63671875,1613795.0,10840.0,0.6717086123082547,5121.0,0.3173265501504218,13976.0,0.8660331702601631,1982.0,0.12281609498108496,29474.0,1.8263781954957103,1467672.0,9859.0,0.6717440954109638,4720.0,0.3215977411846789,12234.0,0.8335649927231699,482.0,0.032841125265045595,26383.0,1.7976087300159709,1135176.0,5411.0,0.4766661733510927,3118.0,0.27467106422264037,6133.0,0.5402686455668548,103.0,0.0090734828784259,14383.0,1.2670281965087353,33517.71484375,1773289.875,1.8901430226544322,1467.672,84.5618767713421
MIRIAD,miriad_200_HC_M_07_MR_1,0.0,1020.5294189453125,1599141.0,10876.0,0.6801151368140771,4877.0,0.30497623411569086,13874.0,0.8675907878042024,2885.0,0.18040935727368632,29210.0,1.8266056589131288,1449296.0,9997.0,0.6897831774875526,4380.0,0.30221569644848256,11663.0,0.8047355405659022,548.0,0.03781146156478732,25683.0,1.7721017652708626,1110944.0,4900.0,0.4410663363769911,2374.0,0.21369213929775038,5467.0,0.4921040124434715,135.0,0.012151827634876286,12555.0,1.1301199700434945,29757.228515625,1749409.125,1.7009873842761054,1449.296,83.5031190601163
MIRIAD,miriad_202_HC_M_10_MR_1,0.0,1020.4513549804688,1576619.0,10922.0,0.6927482162779974,4937.0,0.3131384310350186,12340.0,0.7826875104257909,5641.0,0.3577909437854041,27759.0,1.760666337269816,1435132.0,10120.0,0.7051616157956202,4557.0,0.3175317671127116,10925.0,0.76125401705209,1504.0,0.10479872234749137,25192.0,1.7553785993204805,1126294.0,5492.0,0.48761690997199664,2768.0,0.24576176380234643,5517.0,0.4898365790814832,228.0,0.020243382278516978,13532.0,1.2014624955828586,22082.181640625,1763702.5,1.2520355128274185,1435.132,82.6870413379895
MIRIAD,miriad_218_HC_F_10_MR_1,0.0,1012.1949462890625,1627431.0,11072.0,0.6803360634029954,5162.0,0.3171870266696407,14640.0,0.8995773092684114,4025.0,0.24732231351129477,30400.0,1.867974740557357,1490651.0,10361.0,0.6950654445607993,4898.0,0.32858127086756056,12728.0,0.8538551277260741,955.0,0.06406596849296047,27543.0,1.8477161991639894,1153949.0,4991.0,0.43251478184911124,2666.0,0.23103274061505316,6367.0,0.551757486682687,140.0,0.01213225194527661,13716.0,1.1886140548672428,22420.435546875,1766251.5,1.2693795615672514,1490.651,85.8858424573596
MIRIAD,miriad_219_HC_M_07_MR_1,0.0,1020.5316162109375,1574563.0,10498.0,0.666724672178884,4855.0,0.3083395202351383,12797.0,0.8127334377855951,2950.0,0.18735357048273077,27742.0,1.761885678756582,1423149.0,9200.0,0.6464537444779148,4332.0,0.30439539359547035,10866.0,0.7635180855975024,621.0,0.04363562775225925,24044.0,1.6894928078507592,1110670.0,5051.0,0.45477054390593064,2882.0,0.2594830147568585,5553.0,0.4999684874895333,73.0,0.006572609325902383,13291.0,1.196665076035186,38689.91015625,1736693.5,2.22779149897492,1423.149,81.99662483528931
MIRIAD,miriad_221_HC_F_10_MR_1,0.0,1024.283203125,1654837.0,10954.0,0.6619383057062418,5017.0,0.30317185317949746,13512.0,0.8165154634565217,3789.0,0.22896514883338964,29026.0,1.7540096094056392,1518647.0,10101.0,0.6651315282616698,4472.0,0.29447264571687826,11359.0,0.7479684218913283,1068.0,0.07032575707191994,25526.0,1.6808382724886033,1155046.0,4562.0,0.3949626248651568,2189.0,0.18951626169001062,5553.0,0.4807600736247734,188.0,0.016276408039160344,12078.0,1.045672639877546,23615.953125,1749975.75,1.349501735952627,1518.647,87.49886927949049
MIRIAD,miriad_223_HC_M_10_MR_1,0.0,1017.65283203125,1631879.0,9739.0,0.596796698774848,5127.0,0.3141777055774356,14727.0,0.9024566159623354,1814.0,0.11116020244148005,29123.0,1.7846298653270247,1509417.0,7733.0,0.5123170071623679,4633.0,0.30693969923487013,13480.0,0.893060035762152,112.0,0.007420083383187019,25409.0,1.6833651668160623,1175046.0,4376.0,0.37241095242228817,3451.0,0.29369062998384743,7594.0,0.6462725714567771,27.0,0.002297782384689621,15099.0,1.2849709713492068,85168.890625,1714563.625,4.967380001719096,1509.417,86.9670705379464
MIRIAD,miriad_224_HC_M_10_MR_1,0.0,1017.962890625,1586561.0,10800.0,0.6807176024117573,4992.0,0.3146428028925456,14477.0,0.9124767342699083,2325.0,0.14654337274141996,29810.0,1.8789066414717115,1435509.0,9621.0,0.6702152337602899,4541.0,0.31633378822424657,13222.0,0.9210670222199931,321.0,0.022361406302572814,26969.0,1.8787064379255023,1127509.0,5402.0,0.4791092576644621,3000.0,0.2660732641601974,7287.0,0.6462919586451195,19.0,0.0016851306730145835,15430.0,1.3685034886639487,48283.328125,1749032.25,2.760573918805671,1435.509,82.70876269503849
MIRIAD,miriad_227_HC_M_10_MR_1,0.0,1016.4005126953125,1599775.0,10800.0,0.675094935225266,5045.0,0.3153568470566174,13471.0,0.842055914112922,3559.0,0.22246878467284464,28859.0,1.8039411792283289,1460163.0,9624.0,0.6591044972376372,4608.0,0.3155812056599161,11849.0,0.8114847451962556,1136.0,0.07779953333977097,25698.0,1.759940499793516,1124324.0,4820.0,0.42870204674097506,2898.0,0.2577548820446775,5784.0,0.51444245608917,171.0,0.01520913900263625,13293.0,1.1823104372049338,28703.291015625,1756533.625,1.6340871934987864,1460.163,84.12923573664497
MIRIAD,miriad_230_HC_M_10_MR_1,0.0,1018.0624389648438,1599709.0,10717.0,0.6699343443088711,4958.0,0.30993136876769467,12853.0,0.8034586290381562,1994.0,0.1246476702950349,28082.0,1.7554442714268659,1468585.0,9401.0,0.6401399987062376,4337.0,0.29531828256450937,11497.0,0.7828624151819609,327.0,0.022266331196355675,24856.0,1.6925135419468398,1145588.0,5385.0,0.4700642813995956,3017.0,0.26335820556779577,6261.0,0.5465315628306162,74.0,0.006459564869743747,14432.0,1.259789732434348,57699.3359375,1740756.25,3.314613170999673,1468.585,84.61448048217956
MIRIAD,miriad_231_HC_M_10_MR_1,0.0,1020.525390625,1600005.0,10911.0,0.681935368951972,5009.0,0.3130615216827447,14157.0,0.8848097349695782,2388.0,0.1492495335952075,29623.0,1.851431714275893,1453721.0,9861.0,0.6783282349226571,4539.0,0.3122332276963736,12203.0,0.8394320505791688,400.0,0.027515596183861967,26197.0,1.8020651830715797,1119094.0,5303.0,0.47386546617174247,2722.0,0.24323247198179956,6365.0,0.5687636606040244,76.0,0.006791207887809246,14122.0,1.2619136551531864,43178.4296875,1764025.375,2.4477215747250805,1453.721,83.75807132786632
MIRIAD,miriad_232_HC_M_07_MR_1,0.0,1019.6888427734375,1602938.0,11016.0,0.687238059113952,5035.0,0.31411071420104836,12224.0,0.7625996763443128,2902.0,0.18104256059810173,27807.0,1.734752061527021,1467050.0,10204.0,0.6955454824307283,4663.0,0.31784874407825225,10773.0,0.7343307999045704,538.0,0.03667223339354487,25196.0,1.7174602092634879,1140335.0,4587.0,0.40225021594531435,2413.0,0.21160448464705547,5465.0,0.4792451341053287,116.0,0.010172449324102127,12227.0,1.0722287748775579,35779.05078125,1750810.5,2.0435707223168924,1467.05,84.52603941302786
MIRIAD,miriad_233_HC_M_09_MR_1,0.0,1016.3480224609375,1604427.0,10907.0,0.679806560223681,4998.0,0.3115130822405756,13379.0,0.8338802575623571,2912.0,0.1814978182242009,28821.0,1.7963422455493454,1459609.0,10082.0,0.6907329291611658,4582.0,0.31391968671061904,11282.0,0.7729467275140123,559.0,0.03829792773270102,25534.0,1.7493726059513197,1129672.0,5484.0,0.4854506440807598,2853.0,0.25255118299825086,5159.0,0.4566812313662727,111.0,0.009825860957870958,13265.0,1.1742346451005248,30584.24609375,1748734.875,1.7489355608436643,1459.609,84.09731628888598
MIRIAD,miriad_235_HC_F_09_MR_1,0.0,1020.4336547851562,1618214.0,10982.0,0.6786494246125667,5166.0,0.3192408420641522,14661.0,0.9059988357534912,7344.0,0.45383367094834176,30332.0,1.874412160567144,1481894.0,10252.0,0.6918173634551459,4850.0,0.32728386780700913,12775.0,0.8620724559246477,3536.0,0.23861355805475967,27410.0,1.8496599621835301,1171181.0,5817.0,0.49667813941653766,3236.0,0.27630229657072647,7607.0,0.6495153182983672,910.0,0.07769934792316473,16317.0,1.3932090769915153,16854.9921875,1783720.0,0.9449348657580786,1481.894,85.3812962407072
MIRIAD,miriad_238_HC_F_09_MR_1,0.0,1021.6392211914062,1618710.0,10840.0,0.6696690574593349,5106.0,0.3154363659951443,15072.0,0.9311118112571121,3548.0,0.21918688338244652,30549.0,1.8872435457864596,1472393.0,9779.0,0.6641569200614238,4702.0,0.319344088161245,13408.0,0.9106264428043328,815.0,0.05535206972594952,27447.0,1.864108291740045,1123488.0,3923.0,0.34918040958158875,2546.0,0.2266156825885101,5852.0,0.5208778375915007,99.0,0.00881184311714945,12104.0,1.0773590817169387,27676.5,1775739.5,1.5585900972524405,1472.393,84.8338834732738
MIRIAD,miriad_241_HC_M_09_MR_1,0.0,1013.5855712890625,1578372.0,10688.0,0.6771534213734152,4883.0,0.309369400876346,12298.0,0.7791572582382353,2439.0,0.15452630938714068,27432.0,1.7379933247675454,1426724.0,9676.0,0.6781970444178412,4434.0,0.31078190315716286,10193.0,0.7144339059271451,567.0,0.039741393570164936,23933.0,1.6774793162517767,1100264.0,4823.0,0.4383493416125584,2666.0,0.2423054830477049,4928.0,0.4478925057986084,112.0,0.010179375131786553,12253.0,1.1136418168730413,26368.068359375,1752917.875,1.504238660318014,1426.724,82.20260322109864
MIRIAD,miriad_243_HC_F_09_MR_1,0.0,1024.843994140625,1629571.0,9633.0,0.5911371765943306,4541.0,0.27866229823677524,12815.0,0.786403292645733,1553.0,0.09530115594840606,26589.0,1.6316564298211003,1480617.0,7734.0,0.522349804169478,3963.0,0.26765868553447647,10849.0,0.7327350692312732,223.0,0.015061288638452755,22227.0,1.5011984868470374,1149847.0,3369.0,0.29299550287994836,2259.0,0.196460920452895,5506.0,0.4788463160750952,25.0,0.002174202306915616,10967.0,0.9537790679977423,51973.29296875,1720999.875,3.0199475156121087,1480.617,85.3077201851328
MIRIAD,miriad_245_HC_F_07_MR_1,0.0,1022.0988159179688,1621164.0,11047.0,0.6814239645094512,5025.0,0.3099624714094318,12999.0,0.801831276786309,3962.0,0.24439230084063057,28617.0,1.7652131431489966,1480982.0,10339.0,0.6981178704400188,4541.0,0.3066208772287577,11101.0,0.7495702175988634,827.0,0.055841326903365476,25572.0,1.7266921542598086,1132438.0,4899.0,0.4326064649896948,2273.0,0.20071739026772326,5456.0,0.48179238068662483,122.0,0.010773216723564558,12440.0,1.0985148855831401,26639.76953125,1762523.0,1.511456561488843,1480.982,85.32875014620144
MIRIAD,miriad_247_HC_F_07_MR_1,0.0,1022.17626953125,1627317.0,10951.0,0.6729481717452716,5049.0,0.31026530172056216,13630.0,0.837574977708707,1843.0,0.11325390197484571,29167.0,1.792336711286123,1496578.0,9948.0,0.6647164397712648,4703.0,0.3142502428874405,11700.0,0.7817835087780256,267.0,0.017840700584934432,25922.0,1.73208479611487,1128439.0,4579.0,0.40578179236981354,2561.0,0.2269506814280612,5849.0,0.5183266441517884,34.0,0.00301301177998988,12771.0,1.1317403953603165,37007.3359375,1757709.625,2.105429441310592,1496.578,86.22733445531536
MIRIAD,miriad_248_HC_F_07_MR_1,0.0,1018.9984130859375,1624205.0,11016.0,0.6782395079438863,5214.0,0.3210185906335715,13018.0,0.8014998106766079,3536.0,0.21770650872272898,28776.0,1.7716975381802174,1487237.0,10457.0,0.7031159122587725,4866.0,0.3271838987330197,11089.0,0.7456108206022308,813.0,0.05466512734688553,25963.0,1.7457204198120406,1127596.0,5810.0,0.5152554638363386,3095.0,0.2744777384808034,5460.0,0.48421597806306516,152.0,0.013480005250107306,14053.0,1.2462796959194606,26795.328125,1766980.0,1.5164477314400842,1487.237,85.68914030095314
MIRIAD,miriad_249_HC_F_07_MR_1,0.0,1024.7838134765625,1626367.0,11071.0,0.6807196653645825,5196.0,0.3194850854696388,13983.0,0.8597690435184678,3302.0,0.20302920558520923,29776.0,1.83082908101308,1495994.0,10372.0,0.6933182887097141,4721.0,0.3155761319898342,12208.0,0.8160460536606431,678.0,0.045321037383839774,26859.0,1.795394901316449,1140195.0,5073.0,0.4449238945969768,2528.0,0.22171646078083135,6882.0,0.6035809664136398,87.0,0.007630273768960572,14268.0,1.251364898109534,26613.3125,1775132.125,1.4992299516859906,1495.994,86.19368651760554
MIRIAD,miriad_251_HC_M_07_MR_1,0.0,1011.9053955078125,1578179.0,10632.0,0.6736878389586985,4718.0,0.298952146746345,12479.0,0.7907214580855529,3506.0,0.22215477458513896,27418.0,1.7373187705577122,1419660.0,9247.0,0.6513531408928898,4179.0,0.29436625670935296,10958.0,0.7718749559753744,976.0,0.06874885535973402,24035.0,1.6930110026344334,1125736.0,5792.0,0.5145078419807131,3342.0,0.2968724461152526,6083.0,0.5403575971631004,114.0,0.010126708215780609,15004.0,1.3328169304348445,35149.74609375,1732376.25,2.0289903012552846,1419.66,81.79560145400575
MIRIAD,miriad_188_AD_M_09_MR_1,1.0,1010.5396728515625,1601507.0,9886.0,0.6172935866031182,4627.0,0.2889153778285078,13552.0,0.8462029825657958,1847.0,0.11532887461622085,27646.0,1.726249089139167,1451143.0,8141.0,0.5610060483356912,3989.0,0.2748867616768299,11658.0,0.8033667254019763,493.0,0.033973219730929344,23460.0,1.6166566630580173,1144890.0,4057.0,0.35435718715335096,2370.0,0.20700678667819614,6495.0,0.5673034090611325,93.0,0.008123051122815292,12729.0,1.1118098681969446,45801.6953125,1746387.5,2.622653638582502,1451.143,83.60953642475681
MIRIAD,miriad_189_AD_M_10_MR_1,1.0,1010.1832275390625,1607531.0,9574.0,0.5955717183681061,4923.0,0.306246038179046,13155.0,0.8183356961700894,3354.0,0.20864294374416417,27208.0,1.6925334565865293,1451398.0,7749.0,0.5338990407868828,4063.0,0.27993699867300353,11435.0,0.7878610829007618,951.0,0.06552303365444902,22866.0,1.5754465694454587,1152002.0,4972.0,0.4315964729227901,3228.0,0.28020784686137695,7188.0,0.6239572500742187,103.0,0.00894095669972795,15114.0,1.3119768889290122,57863.98046875,1738879.25,3.3276594949735583,1451.398,83.62422858933903
MIRIAD,miriad_190_AD_M_07_MR_1,1.0,1019.5767822265625,1599375.0,7750.0,0.4845642829230168,4806.0,0.3004923798358734,12682.0,0.7929347401328644,2371.0,0.14824540836264166,24799.0,1.550543180930051,1441849.0,5125.0,0.3554463747590767,3852.0,0.2671569630384319,10477.0,0.7266364230928481,183.0,0.01269203640603142,19105.0,1.325034729711641,1140714.0,2537.0,0.22240456415893906,3014.0,0.2642204794540963,5735.0,0.5027552918610625,2.0,0.00017532878530464253,11050.0,0.96869153880815,69821.53125,1707330.75,4.089514070428358,1441.849,83.07405023798425
MIRIAD,miriad_191_AD_F_10_MR_1,1.0,1017.81689453125,1583507.0,10173.0,0.6424347982042391,4547.0,0.2871474518268628,12904.0,0.8149000920109605,3038.0,0.19185264100506028,27240.0,1.7202323703021205,1417834.0,8648.0,0.6099444645847116,3898.0,0.2749264018213698,11155.0,0.7867634716052795,387.0,0.0272951558504028,23390.0,1.6496994711651718,1112706.0,4812.0,0.4324592479954274,3151.0,0.2831835183777206,6631.0,0.5959345954816456,9.0,0.000808838992510151,14379.0,1.2922550970337179,56086.05078125,1731471.25,3.2392135174782717,1417.834,81.69039403233083
MIRIAD,miriad_192_AD_M_09_MR_1,1.0,1012.615966796875,1592715.0,9062.0,0.568965571367131,4704.0,0.2953447415262618,12745.0,0.8002059376599078,4562.0,0.2864291477131816,26108.0,1.6392135441682911,1439513.0,6922.0,0.48085706763328984,3957.0,0.2748846311217752,10972.0,0.762202216999777,1587.0,0.11024561778879384,21539.0,1.4962699190629054,1143988.0,3544.0,0.30979345937195146,2977.0,0.26023000241261274,7187.0,0.6282408556733112,295.0,0.025786983779550136,13504.0,1.180431962573034,48374.484375,1753973.75,2.7579936344543357,1439.513,82.93945848714493
MIRIAD,miriad_193_AD_M_09_MR_1,1.0,1014.5238037109375,1598879.0,9488.0,0.5934157619181939,4882.0,0.3053389280864906,12445.0,0.7783578369595198,2422.0,0.1514811314677346,26365.0,1.6489678080705295,1446131.0,7598.0,0.5254019172536928,4280.0,0.2959621223803376,10810.0,0.747511809096133,391.0,0.027037661180072895,22314.0,1.5430137380361806,1148427.0,3989.0,0.34734467232135785,3198.0,0.27846785211423974,5941.0,0.5173162943748275,55.0,0.004789159432859032,12890.0,1.1224048198100534,54750.6796875,1736744.25,3.1524894749183714,1446.131,83.32076337030189
MIRIAD,miriad_194_AD_F_07_MR_1,1.0,1024.460205078125,1603654.0,10000.0,0.6235759085189199,4960.0,0.3092936506253843,13743.0,0.8569803710775515,5872.0,0.3661637734823098,28262.0,1.7623502326561715,1428205.0,8207.0,0.5746373944916872,4292.0,0.300517082631695,11935.0,0.8356643479052376,767.0,0.053703775018292196,24043.0,1.6834418028224238,1143526.0,4949.0,0.4327842130393188,3477.0,0.30405954914886063,7001.0,0.6122291928648758,40.0,0.0034979528231102743,15135.0,1.3235378994443503,53520.640625,1739966.75,3.075957665570334,1428.205,82.28793300833881
MIRIAD,miriad_195_AD_F_10_MR_1,1.0,1022.1180419921875,1611358.0,10815.0,0.6711730105910666,4992.0,0.30980080155992645,13045.0,0.8095655962238062,2865.0,0.17780033983757798,28414.0,1.7633573668917772,1472350.0,9902.0,0.6725303086901891,4382.0,0.29761945189662786,11542.0,0.7839168675926241,193.0,0.013108296261079226,25470.0,1.7298875946615955,1155135.0,6364.0,0.5509312764308933,3355.0,0.2904422426815913,6445.0,0.5579434438398976,15.0,0.0012985495201859522,15944.0,1.3802715699896548,71716.421875,1746315.875,4.106726789905634,1472.35,84.83140597101092
MIRIAD,miriad_196_AD_F_07_MR_1,1.0,1011.58154296875,1600557.0,7670.0,0.4792081756538505,4212.0,0.2631583879861823,10973.0,0.6855738346088268,2118.0,0.1323289329902028,22475.0,1.4041986633403245,1438299.0,4951.0,0.3442260614795672,3351.0,0.23298354514603709,8583.0,0.5967465735566805,396.0,0.0275325227925487,16595.0,1.1537934740968325,1132993.0,2253.0,0.19885383228316506,2505.0,0.22109580553454433,4726.0,0.41712526026197866,78.0,0.006884420292093596,9314.0,0.8220703923148687,62582.51171875,1708592.5,3.6628108644249577,1438.299,82.8695122604673
MIRIAD,miriad_198_AD_F_09_MR_1,1.0,1022.0901489257812,1574750.0,9294.0,0.5901889188760121,4196.0,0.26645499285600893,11375.0,0.7223368788696618,2812.0,0.17856802667090013,24508.0,1.556310525480235,1406061.0,7205.0,0.5124244253983291,3561.0,0.253260704905406,9770.0,0.6948489432535289,648.0,0.046086193984471516,20224.0,1.4383444246017776,1100142.0,3898.0,0.3543178971441868,2774.0,0.252149268003585,5873.0,0.5338401769953334,74.0,0.0067264044096125766,12305.0,1.1184919764903076,47300.1796875,1716282.0,2.755967823906561,1406.061,81.01207695928657
MIRIAD,miriad_201_AD_F_07_MR_1,1.0,1019.9754028320312,1599470.0,10965.0,0.6855395849875271,4978.0,0.31122809430623893,13579.0,0.8489687208887944,5197.0,0.3249201297929939,29058.0,1.8167267907494358,1454874.0,10144.0,0.6972425103479751,4591.0,0.3155599728911232,12434.0,0.8546444571832337,1363.0,0.0936850888805491,26745.0,1.838303523191699,1154478.0,6254.0,0.5417166892742867,3454.0,0.29918283414668795,7572.0,0.6558808396522064,97.0,0.008402065695491815,16985.0,1.4712276890508091,33417.99609375,1732813.5,1.9285396895713243,1454.874,83.82450295831056
MIRIAD,miriad_203_AD_F_10_MR_1,1.0,1021.4360961914062,1590053.0,8850.0,0.5565852207442142,4478.0,0.2816258325980329,12381.0,0.7786532901733465,6950.0,0.4370923484940439,25330.0,1.5930286600509542,1416283.0,6464.0,0.45640595841367865,3552.0,0.2507973335837541,10521.0,0.7428600074985013,784.0,0.05535616822344122,20273.0,1.4314229571349792,1133499.0,3991.0,0.3520955907327664,2650.0,0.23378935490900302,6957.0,0.6137632234346921,64.0,0.00564623347704762,13407.0,1.1827976910433975,72884.3828125,1713949.875,4.252422073457661,1416.283,81.60103110187201
MIRIAD,miriad_204_AD_M_10_MR_1,1.0,1023.1904907226562,1574817.0,9015.0,0.5724474653245425,4818.0,0.3059403092549801,13129.0,0.8336841677477447,3440.0,0.21843807883709662,26507.0,1.68317969643457,1425509.0,6323.0,0.4435608614186231,4164.0,0.29210618803529126,11373.0,0.7978202873499922,512.0,0.03591699526274475,21457.0,1.5052167331107695,1119319.0,3246.0,0.2899977575650909,3168.0,0.28302923474005176,6894.0,0.615910209689999,2.0,0.00017868007243690136,13037.0,1.1647260521799416,57885.66796875,1747803.25,3.3119098484769385,1425.509,82.13259937808931
MIRIAD,miriad_205_AD_F_10_MR_1,1.0,1020.0269165039062,1580266.0,9217.0,0.5832562366082672,5004.0,0.31665555039468035,13072.0,0.8272025089446966,4400.0,0.2784341370376886,26839.0,1.6983849554442099,1424120.0,6943.0,0.48752914080274135,4307.0,0.3024323792938797,11663.0,0.8189618852343903,704.0,0.04943403645760189,22516.0,1.581046541021824,1118976.0,4310.0,0.38517358727979867,3377.0,0.30179378288721115,7414.0,0.6625700640585678,0.0,0.0,14814.0,1.3238889842141386,54868.421875,1720374.0,3.189331033542706,1424.12,82.05257029336508
MIRIAD,miriad_206_AD_M_10_MR_1,1.0,1021.2562866210938,1609850.0,9710.0,0.6031617852594962,4971.0,0.3087865329067926,13665.0,0.8488368481535548,2256.0,0.1401372798707954,27894.0,1.732708016274808,1457822.0,8101.0,0.5556919843437677,4165.0,0.28570017464409236,12330.0,0.8457822697146838,627.0,0.043009366026853756,24210.0,1.6606965733813868,1160488.0,4793.0,0.4130159036543247,3224.0,0.2778141609391911,7247.0,0.6244786675950118,48.0,0.004136190981724929,14990.0,1.2916979753345146,68353.515625,1722365.125,3.9685845139833518,1457.822,83.99435590414717
MIRIAD,miriad_207_AD_F_09_MR_1,1.0,1027.4849853515625,1611793.0,9253.0,0.5740811630277586,4602.0,0.28552053520520315,12741.0,0.7904861232180559,3926.0,0.2435796656270377,26180.0,1.6242780555567617,1473459.0,6994.0,0.4746653961867959,3922.0,0.2661763917421523,10730.0,0.7282184302379638,746.0,0.05062916579287242,21323.0,1.4471390109938587,1156010.0,3306.0,0.2859836852622382,3008.0,0.2602053615453154,6169.0,0.5336459027171045,4.0,0.0003460177680123874,12270.0,1.0614095033779984,65348.17578125,1689724.625,3.8673861299293075,1473.459,84.89530248286059
MIRIAD,miriad_208_AD_M_07_MR_1,1.0,1020.8707885742188,1599325.0,10576.0,0.6612789770684507,5001.0,0.31269441795757585,13731.0,0.8585497006549638,3479.0,0.2175292701608491,28851.0,1.803948540790646,1448798.0,9195.0,0.634664045643354,4456.0,0.30756530586044434,12300.0,0.8489796369128064,985.0,0.06798739368773286,25542.0,1.7629786899208861,1136853.0,5457.0,0.48000928879987126,3540.0,0.3113859047739681,6686.0,0.5881147342708336,66.0,0.00580549991951466,15458.0,1.3597184508463276,37457.23046875,1734031.0,2.1601246153471307,1448.798,83.47442612693223
MIRIAD,miriad_209_AD_F_07_MR_1,1.0,898.5574951171875,1581953.0,8886.0,0.5617107461473255,5058.0,0.31973137002173896,13841.0,0.8749311768428013,5900.0,0.37295671868886116,27327.0,1.7274217375611034,1432463.0,5949.0,0.4152986848525931,4323.0,0.30178789958274665,12115.0,0.8457461030407069,401.0,0.027993742246745636,21972.0,1.533861607594751,1151878.0,2715.0,0.23570204483460921,3263.0,0.28327652754892446,7413.0,0.6435577378854358,0.0,0.0,13099.0,1.1371864034211956,48147.1171875,1726555.375,2.7886228200181535,1432.463,82.53326334869577
MIRIAD,miriad_210_AD_F_07_MR_1,1.0,1020.8370971679688,1587708.0,8894.0,0.5601785718784562,4434.0,0.2792704955823111,12385.0,0.7800552746474793,2143.0,0.13497444114408946,25288.0,1.592736195824421,1424778.0,6697.0,0.4700381392750309,3674.0,0.2578647340147026,10613.0,0.744887975530223,571.0,0.040076418922807625,20628.0,1.4478045000694846,1109767.0,3801.0,0.3425043274849585,2667.0,0.24032071597010907,6365.0,0.5735438159541597,37.0,0.003334033179937771,12590.0,1.1344723712274738,48301.43359375,1730422.375,2.7913088903366727,1424.778,82.09048183962034
MIRIAD,miriad_211_AD_F_10_MR_1,1.0,1015.585693359375,1599614.0,10245.0,0.6404670126668058,4490.0,0.2806927171180047,12129.0,0.7582454267091936,2216.0,0.13853342118786158,26474.0,1.655024274606249,1458275.0,8790.0,0.60276696782157,3909.0,0.268056436543176,10078.0,0.6910905007628877,448.0,0.030721228849153966,22445.0,1.5391472801769213,1158326.0,3935.0,0.3397143809255771,3075.0,0.2654693065682718,5461.0,0.47145622216888855,95.0,0.008201490772027909,12208.0,1.0539347299464918,42437.6796875,1725878.5,2.458903085443153,1458.275,84.02045610240496
MIRIAD,miriad_212_AD_M_04_MR_1,1.0,1015.265625,1595597.0,9819.0,0.6153809514557874,4859.0,0.30452551615476836,12564.0,0.7874168728068555,2958.0,0.1853851567783093,26815.0,1.680562197096134,1455203.0,7883.0,0.5417113626071414,4169.0,0.2864892389584134,10623.0,0.7300012438127189,684.0,0.04700375136664781,22321.0,1.5338753424779912,1171467.0,3809.0,0.3251478701491378,3311.0,0.2826370695888147,5910.0,0.5044956452038342,106.0,0.009048483653402101,12786.0,1.091451999928295,52296.7421875,1749184.75,2.989778077330025,1455.203,83.84345873143818
MIRIAD,miriad_213_AD_F_10_MR_1,1.0,1019.337646484375,1598049.0,10365.0,0.6486033907596075,4881.0,0.3054349397296328,13708.0,0.8577959749669752,3607.0,0.22571272845826382,28507.0,1.7838626975768577,1456630.0,8714.0,0.5982301613999437,4007.0,0.2750870159203092,11785.0,0.8090592669380694,824.0,0.05656892965269149,24158.0,1.6584856827059722,1149960.0,3964.0,0.3447076420049393,2939.0,0.2555741069254583,6521.0,0.5670632021983374,66.0,0.005739330063654388,13223.0,1.1498660822985147,37531.4921875,1722262.625,2.179196810213541,1456.63,83.92567723676683
MIRIAD,miriad_214_AD_M_09_MR_1,1.0,1023.1456909179688,1585455.0,9684.0,0.6108025771781602,5006.0,0.31574532232072183,13080.0,0.8249997634748384,3899.0,0.2459230946321403,27312.0,1.7226600565768186,1450912.0,7602.0,0.5239463179021195,4437.0,0.3058076575285062,11732.0,0.8085948699852231,165.0,0.011372157649809223,23347.0,1.6091258463642177,1137042.0,3958.0,0.34809620049215423,3020.0,0.26560144656046125,6993.0,0.6150168595355316,1.0,8.794749886107989e-05,13689.0,1.2039133119093226,51160.7265625,1734792.25,2.9490981737150372,1450.912,83.59622705213529
MIRIAD,miriad_215_AD_M_09_MR_1,1.0,1017.1714477539062,1591561.0,8844.0,0.5556808692849348,4523.0,0.28418640567342374,12609.0,0.7922410765280123,1894.0,0.11900266467951903,25580.0,1.607227118533314,1438965.0,6618.0,0.4599138964464042,3767.0,0.261785380464431,10202.0,0.7089818028930517,485.0,0.03370478086680357,20255.0,1.4076089411486727,1128379.0,3165.0,0.28049086344215907,2871.0,0.25443578797549404,5274.0,0.46739614969792953,89.0,0.007887420804534646,11101.0,0.9838006556307766,50764.08203125,1747675.25,2.904663325251645,1438.965,82.90788473737611
MIRIAD,miriad_216_AD_M_07_MR_1,1.0,1010.8074951171875,1612286.0,10561.0,0.6550326679013525,4991.0,0.30956046259782694,13552.0,0.8405456600131738,2656.0,0.16473504080541543,28649.0,1.7769179909767872,1459612.0,9209.0,0.6309210940989798,4482.0,0.30706790571740983,12175.0,0.8341257813720357,585.0,0.04007914432054546,25451.0,1.7436825676960725,1168151.0,5301.0,0.45379407285530726,3508.0,0.30030364225172945,7109.0,0.6085685840272361,70.0,0.005992375985638843,15591.0,1.3346733427442172,56618.28125,1728750.625,3.275098237491599,1459.612,84.09748913788107
MIRIAD,miriad_217_AD_F_09_MR_1,1.0,1026.158447265625,1605003.0,9689.0,0.6036748840967898,4682.0,0.291712850380965,12744.0,0.794017207444472,2557.0,0.1593143439607278,26703.0,1.663735207971574,1455181.0,7773.0,0.5341603553097518,4126.0,0.2835386113480041,11086.0,0.7618296280668865,663.0,0.04556134254089354,22619.0,1.5543770843627012,1159571.0,4598.0,0.39652595658221873,3164.0,0.27285953167162685,6934.0,0.5979797701046335,84.0,0.007244058362963544,14426.0,1.2440807850489535,59977.19921875,1701764.5,3.5244124095167106,1455.181,83.84219117214089
MIRIAD,miriad_220_AD_M_10_MR_1,1.0,1020.8616943359375,1586975.0,9446.0,0.5952204666110053,4870.0,0.30687313914837977,14003.0,0.8823705477401975,4026.0,0.25369019675798293,27888.0,1.7573055656201264,1423701.0,6987.0,0.49076315883742444,4132.0,0.2902294793639957,11905.0,0.8362008595906023,775.0,0.05443558724760326,22690.0,1.5937335156749908,1135260.0,3878.0,0.34159575779997536,3207.0,0.282490354632419,6767.0,0.5960749079506016,22.0,0.0019378820710674208,13623.0,1.199989429734158,55566.5390625,1737351.625,3.1983473157024274,1423.701,82.02842905038491
MIRIAD,miriad_222_AD_F_10_MR_1,1.0,1025.411376953125,1608548.0,8541.0,0.53097576199156,4541.0,0.28230428933423185,12477.0,0.775668491086371,1930.0,0.11998398555716086,25142.0,1.5630245413876365,1451259.0,6231.0,0.429351342523974,3382.0,0.23303903713947682,10105.0,0.6962919782065089,256.0,0.01763985615248553,19433.0,1.3390442367627007,1135619.0,3521.0,0.3100511703308944,2509.0,0.22093677545021703,6206.0,0.5464861014125336,46.0,0.004050654312758064,12058.0,1.0617997761573204,66883.2578125,1704273.875,3.9244430600979556,1451.259,83.61621991923343
MIRIAD,miriad_225_AD_M_07_MR_1,1.0,1012.716552734375,1601185.0,9975.0,0.6229761083197757,4659.0,0.29097199886334185,12780.0,0.7981588635916523,3390.0,0.2117181962109313,26969.0,1.6843150541630107,1463106.0,8293.0,0.566807873113773,4006.0,0.27380107798067943,10546.0,0.7207953490724528,742.0,0.050714028922032986,22475.0,1.536115633453762,1174234.0,3684.0,0.3137364443543621,2933.0,0.24977985648516393,6001.0,0.5110565696445513,94.0,0.008005218721311085,12358.0,1.0524307761485359,31282.99609375,1754154.125,1.7833664469905117,1463.106,84.29880060082311
MIRIAD,miriad_226_AD_F_10_MR_1,1.0,1027.25634765625,1608855.0,10608.0,0.659350904836048,4822.0,0.2997162578355414,11944.0,0.7423913279941324,6211.0,0.3860509492775918,26978.0,1.6768447125440142,1456938.0,9162.0,0.6288531152320826,4260.0,0.2923940483397372,10557.0,0.7246018704982642,1026.0,0.07042166516351415,23644.0,1.6228556053860907,1159727.0,6022.0,0.5192601362217142,3333.0,0.2873952231861464,7395.0,0.6376500676452304,32.0,0.002759270069593965,16500.0,1.422748629634388,52386.42578125,1728178.5,3.0313087323589545,1456.938,83.94342306692886
MIRIAD,miriad_228_AD_F_07_MR_1,1.0,1022.41845703125,1590235.0,10497.0,0.660091118608256,4758.0,0.299201061478335,12475.0,0.7844752505132888,2702.0,0.169911994139231,27300.0,1.7167274019248728,1432743.0,8989.0,0.6273979352891621,4173.0,0.29125949315404087,10643.0,0.7428408304908836,707.0,0.04934590502274309,23450.0,1.6367206121404885,1124442.0,4977.0,0.44261953929148856,3349.0,0.29783661585035065,5679.0,0.5050505050505051,29.0,0.0025790569900448397,13760.0,1.2237180752764483,33794.9140625,1745358.375,1.936273635636578,1432.743,82.54939592157035
MIRIAD,miriad_234_AD_M_09_MR_1,1.0,1020.798095703125,1589150.0,9292.0,0.5847150992669037,4439.0,0.2793317182141396,12323.0,0.7754459931409873,2503.0,0.15750558474656262,25728.0,1.6189786993046598,1429674.0,7222.0,0.505150125133422,3613.0,0.2527149545980412,9420.0,0.658891467565333,691.0,0.048332696824590786,20016.0,1.4000394495528352,1121316.0,3522.0,0.31409522382628985,2605.0,0.23231631404528252,4801.0,0.4281576290715552,94.0,0.008383007109503477,10745.0,0.9582490573576049,39724.88671875,1754084.5,2.2647076990162103,1429.674,82.37257139959866
MIRIAD,miriad_236_AD_M_07_MR_1,1.0,1021.075927734375,1596902.0,10044.0,0.6289678389782216,4813.0,0.3013960781563302,12652.0,0.7922840600111968,1466.0,0.09180275308065242,27076.0,1.695532975724246,1432264.0,7859.0,0.548711690023627,4089.0,0.28549206012299405,11029.0,0.7700396016376869,240.0,0.01675668731462915,22606.0,1.5783403059771102,1099860.0,3751.0,0.3410434055243394,3104.0,0.2822177368028658,6047.0,0.5497972469223356,65.0,0.005909843070936301,12660.0,1.1510555888931318,47618.1484375,1739180.25,2.737965109568143,1432.264,82.52179769868849
MIRIAD,miriad_237_AD_M_07_MR_1,1.0,1016.114013671875,1588689.0,8145.0,0.5126868757824847,4463.0,0.28092345323722895,11106.0,0.6990669665365594,1569.0,0.09876067625570518,23343.0,1.469324707353044,1434353.0,6069.0,0.4231176007579724,3779.0,0.2634637359143809,9040.0,0.6302493179851822,262.0,0.018266075366384703,18573.0,1.294869533510928,1138221.0,2934.0,0.2577706789806197,2963.0,0.26031851459426597,4874.0,0.428212095893504,42.0,0.003689968819763473,10562.0,0.9279393017700428,59628.53515625,1740796.125,3.4253600579591135,1434.353,82.64215821559915
MIRIAD,miriad_239_AD_F_09_MR_1,1.0,906.313232421875,1587065.0,9679.0,0.6098679008106158,4789.0,0.30175197613204247,12350.0,0.7781659856401597,4518.0,0.2846764310220438,26401.0,1.663510946306547,1413880.0,7498.0,0.530313746569723,3895.0,0.2754830678699748,10258.0,0.7255212606444678,1013.0,0.07164681585424507,21310.0,1.5072000452655105,1143977.0,4430.0,0.38724554776888,3049.0,0.26652633750503724,6375.0,0.5572664485387381,71.0,0.006206418485686338,13620.0,1.1905833771133512,48004.46875,1721199.25,2.789012878665849,1413.88,81.46257905680912
MIRIAD,miriad_240_AD_M_07_MR_1,1.0,1018.5987548828125,1594295.0,9545.0,0.5986972298100415,4787.0,0.3002581078156803,12649.0,0.7933914363402005,3138.0,0.19682681059653323,26560.0,1.6659401177322892,1425417.0,7634.0,0.535562575723455,4211.0,0.2954223220292728,11150.0,0.7822272359597227,1065.0,0.07471497814323809,22634.0,1.5878862115437098,1124503.0,4257.0,0.37856724259517316,3080.0,0.2738987801722183,6540.0,0.5815902669890609,154.0,0.013694939008610914,13701.0,1.2184049308894684,50260.9921875,1724791.375,2.9140331356016898,1425.417,82.12729867557339
MIRIAD,miriad_242_AD_F_07_MR_1,1.0,1013.9561157226562,1600299.0,8536.0,0.5334003208150477,4547.0,0.2841344023835546,12415.0,0.77579252377212,1496.0,0.09348253045212176,25056.0,1.56570740842805,1430689.0,6591.0,0.4606871234768702,3736.0,0.2611329226687281,10845.0,0.7580263775006308,528.0,0.036905295280805266,20787.0,1.4529363125039754,1122483.0,3467.0,0.3088688202850288,2741.0,0.2441907806176129,6797.0,0.6055325559496224,109.0,0.009710614771003212,12725.0,1.133647458357944,51559.5859375,1740655.375,2.962078920274497,1430.689,82.43105197626899
MIRIAD,miriad_244_AD_F_09_MR_1,1.0,1011.2556762695312,1610501.0,10445.0,0.6485559462552336,4662.0,0.28947513848175194,13103.0,0.813597756226168,3730.0,0.2316049477771203,27801.0,1.7262330169307565,1455100.0,8698.0,0.5977596041509174,4122.0,0.2832794996907429,10488.0,0.7207752044533022,1231.0,0.08459899663253384,22960.0,1.5778984262250015,1134197.0,3627.0,0.31978571623800806,2840.0,0.2503974177325456,5305.0,0.4677317961518149,104.0,0.009169482902881951,11537.0,1.0171954254860487,30932.787109375,1731010.5,1.7869785948366574,1455.1,83.8375242492736
MIRIAD,miriad_246_AD_F_07_MR_1,1.0,1011.2498168945312,1589086.0,9945.0,0.6258314527973943,4648.0,0.29249518276543873,12742.0,0.8018445823574055,2647.0,0.16657374113169457,26913.0,1.693615071808574,1424263.0,8207.0,0.5762278455594226,3954.0,0.27761726591226477,10381.0,0.7288681935850331,650.0,0.04563763855411536,22195.0,1.558349827243985,1092751.0,3542.0,0.3241360566130802,2746.0,0.25129238042335356,5303.0,0.4852889633594479,48.0,0.004392583488827739,11341.0,1.0378393613915704,31687.20703125,1748181.5,1.8125810753202687,1424.263,82.06080942879746
MIRIAD,miriad_250_AD_F_05_MR_1,1.0,1025.8057861328125,1624259.0,10405.0,0.6405998058191458,4832.0,0.29748950136646923,13059.0,0.8039973920415402,4239.0,0.2609805455903277,27871.0,1.7159209214786557,1465993.0,8949.0,0.6104394768597121,4254.0,0.2901787389162159,11060.0,0.7544374359222725,1364.0,0.09304273622043216,23891.0,1.6296803600017191,1140464.0,4852.0,0.42544087318845664,3151.0,0.27629105346595767,5520.0,0.4840135243199259,137.0,0.012012654498519902,13260.0,1.1626846616815611,29437.21875,1723010.0,1.7084763727430488,1465.993,84.46513895042634
MIRIAD,miriad_252_AD_M_10_MR_1,1.0,1023.8436279296875,1592887.0,10161.0,0.6378983568828172,5059.0,0.31759942795691093,13145.0,0.8252311683126299,6894.0,0.43279906233147736,27921.0,1.7528550361701742,1403193.0,8600.0,0.6128878921146271,4405.0,0.31392687962382937,11183.0,0.7969680578509157,812.0,0.057868019581055495,23813.0,1.6970580668518156,1121523.0,6255.0,0.5577237381667608,3647.0,0.3251828094475102,7311.0,0.6518814148260892,23.0,0.002050782730269464,16961.0,1.5123185168739295,67850.96875,1705679.375,3.9779439057824098,1403.193,80.84683331998555
MIRIAD,miriad_253_AD_F_07_MR_1,1.0,1010.393310546875,1582431.0,9490.0,0.5997101927351018,4581.0,0.28949129535505813,11991.0,0.7577581581756172,3575.0,0.22591822329062058,25718.0,1.6252209417029873,1432906.0,7399.0,0.5163632506249538,3777.0,0.26359021457094883,10041.0,0.7007438031524748,759.0,0.05296928060877685,20970.0,1.4634595709697635,1130411.0,2954.0,0.2613208824047183,2797.0,0.24743212866824546,5990.0,0.5298957635762568,29.0,0.0025654385882656837,11573.0,1.0237869235171986,37052.0078125,1722211.375,2.151420455720774,1432.906,82.55878738363661
MIRIAD,miriad_254_AD_F_09_MR_1,1.0,1018.4747314453125,1581770.0,10834.0,0.6849289087541172,5122.0,0.32381446101519185,13376.0,0.8456349532485758,4763.0,0.3011183673985472,28867.0,1.8249808758542645,1407953.0,9943.0,0.7062025507953745,4733.0,0.3361617894915526,11685.0,0.8299282717533895,897.0,0.06370951303061964,25935.0,1.842035920233133,1128941.0,6802.0,0.6025115572913022,3791.0,0.3358014280639998,7643.0,0.6770061500113823,76.0,0.006731972707165388,17893.0,1.584936679596188,48554.73828125,1738458.0,2.7929773558665207,1407.953,81.12108705885336
MIRIAD,miriad_255_AD_F_09_MR_1,1.0,1024.70166015625,1601245.0,10043.0,0.6271994604198609,4902.0,0.30613678731237254,13323.0,0.8320400688214482,3420.0,0.21358380510165526,27826.0,1.7377727955434679,1440105.0,8385.0,0.5822492109950317,4212.0,0.2924786734300624,11682.0,0.8111908506671388,724.0,0.05027411195711424,23917.0,1.6607816791136758,1141200.0,4951.0,0.4338415702769015,3216.0,0.2818086225026288,7417.0,0.6499298983526113,40.0,0.003505082369435682,15306.0,1.3412197686645637,53976.625,1713799.25,3.1495302031436876,1440.105,82.97356735550832
MIRIAD,miriad_256_AD_F_07_MR_1,1.0,930.0958251953125,1612390.0,9111.0,0.5650618026656082,4727.0,0.29316728583035123,12434.0,0.771153381005836,8026.0,0.4977703905382692,25851.0,1.6032721612016945,1473179.0,7018.0,0.4763847434697345,4146.0,0.2814321952729437,10123.0,0.6871534280627134,2090.0,0.14187006466967017,20941.0,1.4214837436591208,1200112.0,3987.0,0.33221899289399653,3242.0,0.2701414534643433,6158.0,0.5131187755809458,128.0,0.010665671204020958,13151.0,1.095814390656872,52288.20703125,1723907.625,3.033121164554858,1473.179,84.879169909986
MIRIAD,miriad_257_AD_F_10_MR_1,1.0,1020.3521728515625,1607411.0,7955.0,0.494895207261864,4039.0,0.25127363194603003,12041.0,0.7490927958064242,2917.0,0.1814719446364371,23685.0,1.4734874901316464,1444490.0,5762.0,0.39889511176955195,3246.0,0.22471598972647783,9992.0,0.6917320299898234,337.0,0.023330033437406975,18718.0,1.2958206702711683,1134658.0,2897.0,0.25531922394236856,2450.0,0.2159240934272706,6048.0,0.533024047774748,30.0,0.0026439684909461704,11198.0,0.9869053053871739,62082.5546875,1717024.875,3.615705025094642,1444.49,83.22621496999054
OASIS2,OAS2_0001_MR2_mpr-1.nifti_0233,0.0,1019.5701904296875,1599221.0,9974.0,0.6236786535444444,4905.0,0.3067118303223882,12784.0,0.7993892026180246,2924.0,0.1828390197477397,27212.0,1.7015784560107703,1446697.0,8302.0,0.5738589352158745,4374.0,0.3023438909460654,11246.0,0.7773569724690104,471.0,0.032556921041517334,23496.0,1.624113411446903,1163109.0,5168.0,0.44432637009944903,3227.0,0.277446051917748,6680.0,0.5743227848808667,78.0,0.0067061642545969465,14748.0,1.267980902907638,59112.98046875,1740319.25,3.3966745163997927,1446.697,83.35337421404122
OASIS2,OAS2_0004_MR2_mpr-1.nifti_0235,0.0,906.240478515625,1618127.0,10801.0,0.6675001405946505,5154.0,0.3185164081682093,13522.0,0.8356575225553988,3583.0,0.22142884952788006,29032.0,1.794173139685575,1469464.0,9597.0,0.6530952782783382,4725.0,0.3215458153449149,12110.0,0.8241100156247448,910.0,0.0619273422145762,26028.0,1.7712580913857028,1167292.0,5494.0,0.470662010876456,3295.0,0.2822772708114165,7425.0,0.636087628459717,33.0,0.0028270561264876312,15968.0,1.3679524917501362,33372.3203125,1766714.375,1.8889482524587484,1469.464,84.66512523773939
OASIS2,OAS2_0005_MR3_mpr-1.nifti_0236,0.0,1024.447509765625,1585850.0,10356.0,0.6530251915376613,5019.0,0.31648642683734274,13111.0,0.8267490620172147,3923.0,0.24737522464293596,28044.0,1.768389191916007,1433059.0,8559.0,0.5972538464920146,4460.0,0.3112223572092984,11725.0,0.8181798516320681,817.0,0.057010911623317666,24358.0,1.699720667467285,1155046.0,5241.0,0.4537481624108477,3048.0,0.2638855941668124,7327.0,0.6343470303347226,61.0,0.005281174948876495,15394.0,1.3327607731640125,62177.11328125,1762550.875,3.5276776496593323,1433.059,82.56760268238594
OASIS2,OAS2_0008_MR2_mpr-1.nifti_0238,0.0,1014.4301147460938,1599901.0,10216.0,0.6385395096321584,4730.0,0.29564329292874997,12623.0,0.788986318528459,3611.0,0.22570146527816407,27125.0,1.6954174039518697,1454761.0,8573.0,0.589306422154567,4079.0,0.28038969975136807,10847.0,0.7456207583238759,927.0,0.0637218072246919,23095.0,1.5875459955277875,1167240.0,4908.0,0.4204790788526781,2978.0,0.2551317638189233,6517.0,0.5583256228367773,152.0,0.013022171961207637,14108.0,1.2086631712415614,39568.2734375,1752042.875,2.2584078279191657,1454.761,83.81799231282902
OASIS2,OAS2_0012_MR3_mpr-1.nifti_0241,0.0,1010.2960205078125,1594826.0,10653.0,0.6679725562537857,4888.0,0.3064911156452177,12658.0,0.7936916002121862,4038.0,0.25319376533866395,27753.0,1.7401898388915156,1450576.0,8971.0,0.6184439836313299,4269.0,0.2942968862024465,11155.0,0.7690048642746053,1070.0,0.07376380141405896,24025.0,1.656238625208193,1154791.0,5380.0,0.46588516883141623,3153.0,0.2730364195772222,6789.0,0.5878985894417258,103.0,0.008919362897701835,15105.0,1.3080288987357886,34540.0,1752075.5,1.971376233501353,1450.576,83.5768679646858
OASIS2,OAS2_0013_MR3_mpr-1.nifti_0242,0.0,1013.6971435546875,1596125.0,9948.0,0.6232594564962017,4603.0,0.2883859346855666,11426.0,0.7158587203383194,2337.0,0.14641710392356488,25623.0,1.605325397446942,1444870.0,8175.0,0.5657948465951954,3993.0,0.27635704250209364,9796.0,0.6779848706111968,386.0,0.0267152062123236,21655.0,1.4987507526628692,1140897.0,5448.0,0.47751900478307857,3020.0,0.2647040004487697,6645.0,0.5824364513185677,12.0,0.0010518039752931245,14867.0,1.3030974750569069,41323.890625,1766364.875,2.339487792690624,1444.87,83.2481091760346
OASIS2,OAS2_0017_MR5_mpr-1.nifti_0245,0.0,999.3839721679688,1612378.0,10020.0,0.6214423664922245,4623.0,0.2867193672947659,12329.0,0.7646469996489657,2094.0,0.12987029096154873,26540.0,1.646016008653058,1473838.0,8198.0,0.5562348100673209,3998.0,0.2712645487495912,10343.0,0.7017731935260184,357.0,0.024222472212007018,22150.0,1.5028788781399314,1160698.0,4409.0,0.3798576373871584,2669.0,0.2299478417297178,6091.0,0.5247704398560177,113.0,0.009735521212236087,12925.0,1.113554085558862,69325.7890625,1721474.125,4.0271176926635475,1473.838,84.91713907257295
OASIS2,OAS2_0022_MR2_mpr-1.nifti_0249,0.0,1018.0172119140625,1617242.0,11036.0,0.6823963265856315,4997.0,0.30898282384454523,12771.0,0.7896777353049204,4175.0,0.2581555512409398,28363.0,1.7537882394842577,1481363.0,10445.0,0.7050938898838435,4646.0,0.3136300825658532,11098.0,0.7491749152638483,1177.0,0.0794538543219994,25795.0,1.7413017606083048,1152256.0,5294.0,0.4594465118862475,2531.0,0.21965604865585422,6062.0,0.5260983670295489,314.0,0.02725088869140191,13661.0,1.185587230615419,24368.86328125,1791488.125,1.360258153050833,1481.363,85.3507019685772
OASIS2,OAS2_0027_MR4_mpr-1.nifti_0252,0.0,1013.4784545898438,1587171.0,10760.0,0.6779357737761086,4823.0,0.3038739997139565,12251.0,0.7718765022798425,3768.0,0.2374035311885109,27422.0,1.7277281401940938,1452530.0,9548.0,0.6573358209468996,4407.0,0.30340165091254573,10691.0,0.7360261061733665,787.0,0.05418132499845098,24292.0,1.6723923085925936,1154390.0,4887.0,0.4233404655272482,2488.0,0.21552508251110974,6340.0,0.5492078067204325,153.0,0.013253753064388984,13575.0,1.1759457375756894,33747.92578125,1783328.0,1.8924127127062436,1452.53,83.68945027681767
OASIS2,OAS2_0029_MR2_mpr-1.nifti_0254,0.0,1015.0971069335938,1604435.0,10543.0,0.6571160564310801,4497.0,0.2802855833985173,11661.0,0.7267979070513919,2810.0,0.17513953510114152,26364.0,1.6431952681161905,1459757.0,9377.0,0.6423671885115125,3971.0,0.27203157785850657,10045.0,0.6881282295614956,497.0,0.034046762577607095,23118.0,1.5836882440022553,1141986.0,4510.0,0.3949260323681726,2276.0,0.19930191788690932,5598.0,0.49019865392395356,42.0,0.0036778034056459538,12272.0,1.0746191284306463,35275.0625,1793589.0,1.9667305330262397,1459.757,84.10584350597684
OASIS2,OAS2_0030_MR2_mpr-1.nifti_0255,0.0,1009.3271484375,1619598.0,11024.0,0.6806627323570417,5043.0,0.31137356306935426,12919.0,0.7976670754100709,5699.0,0.35187744119219705,28568.0,1.7638944972764847,1489501.0,10350.0,0.6948635818304251,4657.0,0.312655043534714,11425.0,0.7670354031316529,1871.0,0.12561253735311356,26063.0,1.7497806312315332,1159121.0,5638.0,0.48640305886960894,2857.0,0.24647987569891322,6112.0,0.5272961149008601,414.0,0.035716719824763765,14359.0,1.2387835264825673,16672.525390625,1786174.0,0.9334211219413675,1489.501,85.81958367591044
OASIS2,OAS2_0034_MR4_mpr-1.nifti_0258,0.0,1018.2171630859375,1591757.0,10062.0,0.6321316633129302,4793.0,0.30111380066178445,12503.0,0.78548421649787,6325.0,0.3973596472325864,26940.0,1.692469390742431,1429423.0,7558.0,0.52874481521565,3998.0,0.2796932748388685,10810.0,0.7562491998519683,342.0,0.023925737867657088,22003.0,1.539292427783798,1159763.0,3755.0,0.3237730467345483,3081.0,0.26565772489724193,6603.0,0.569340460076757,74.0,0.006380613970268063,13230.0,1.1407503084681958,82624.265625,1727877.75,4.781835151531988,1429.423,82.35810970034322
OASIS2,OAS2_0035_MR2_mpr-1.nifti_0259,0.0,1027.600830078125,1596105.0,10905.0,0.683225727630701,4815.0,0.301671882488934,12831.0,0.8038944806262746,6478.0,0.4058630227961193,28115.0,1.761475592144627,1451852.0,9876.0,0.6802346244658547,4319.0,0.29748211250182527,10981.0,0.7563443105771112,2002.0,0.13789284307215888,24805.0,1.7085074787237267,1152483.0,6326.0,0.5489018059268553,3184.0,0.276273055654617,6651.0,0.5771017880524051,307.0,0.026638136961673185,15926.0,1.3818858933277107,21726.025390625,1781246.375,1.2197091708116459,1451.852,83.65038640392851
OASIS2,OAS2_0036_MR5_mpr-1.nifti_0260,0.0,1026.875,1589756.0,10727.0,0.6747576357629724,4949.0,0.31130563432375785,12207.0,0.7678536832067311,5282.0,0.33225224499860356,27457.0,1.727120388286001,1448781.0,9649.0,0.6660081820509793,4502.0,0.3107439978851186,10743.0,0.7415199398666878,1826.0,0.12603699247850433,24501.0,1.6911458667666128,1147362.0,5252.0,0.45774568096206775,2646.0,0.23061596950221466,6476.0,0.5644251770583303,312.0,0.027192812730419864,14168.0,1.2348325986044508,23710.6484375,1772244.125,1.3378883926332665,1448.781,83.47344664929342
OASIS2,OAS2_0042_MR2_mpr-1.nifti_0265,0.0,1019.6502685546875,1576982.0,10387.0,0.6586631933655552,4403.0,0.2792042014430095,13109.0,0.8312713778597346,5072.0,0.3216270065225855,27503.0,1.7440275158498955,1423689.0,9418.0,0.6615208799112727,3832.0,0.269159907816946,11943.0,0.8388770300255182,2454.0,0.17236910589321122,24839.0,1.7446928367080168,1130247.0,7704.0,0.6816209200289848,2835.0,0.2508301282816942,9434.0,0.8346848078340399,1434.0,0.12687492203031725,19685.0,1.7416547002557847,31425.736328125,1793096.75,1.752595688332211,1423.689,82.02773765440456
OASIS2,OAS2_0045_MR2_mpr-1.nifti_0268,0.0,1017.8251953125,1613819.0,10270.0,0.6363786769148213,4490.0,0.2782220310951848,11545.0,0.7153838193750353,2279.0,0.14121781934653144,25950.0,1.6079870171314132,1468080.0,8841.0,0.6022151381396109,3799.0,0.25877336384938154,9771.0,0.6655631845675986,354.0,0.024113127350008173,22105.0,1.5057081357964144,1140455.0,4797.0,0.4206215940129159,2533.0,0.22210433555028475,5856.0,0.5134792692390318,52.0,0.004559583674936757,12978.0,1.1379668641024854,40618.953125,1753855.125,2.3159810947896853,1468.08,84.58538423467363
OASIS2,OAS2_0047_MR2_mpr-1.nifti_0270,0.0,1022.8804931640625,1625183.0,10941.0,0.6732164931580013,5189.0,0.3192871202812237,13462.0,0.8283374856862273,1169.0,0.07193036107318376,29141.0,1.7930903781297243,1480693.0,9876.0,0.6669849860842186,4956.0,0.3347081400398327,12241.0,0.8267074943962051,207.0,0.013979940473818678,26644.0,1.7994277004078494,1156068.0,6743.0,0.5832701882588222,3528.0,0.3051723601033849,7199.0,0.6227142348027971,27.0,0.002335502755893252,17171.0,1.485293252646038,54697.484375,1749004.625,3.1273493273352546,1480.693,85.31209902634161
OASIS2,OAS2_0049_MR3_mpr-1.nifti_0272,0.0,1011.8973388671875,1604483.0,11112.0,0.6925595347535624,5122.0,0.3192305558862263,13120.0,0.8177088819264523,4859.0,0.3028389830244384,28896.0,1.8009539521453326,1480614.0,10517.0,0.7103134240254381,4812.0,0.32500030392796503,11741.0,0.7929818305108557,1158.0,0.07821079633179209,26660.0,1.800604343873555,1169748.0,5908.0,0.5050660484138464,3273.0,0.2798038551893228,6701.0,0.572858427627147,174.0,0.014874998717672522,15605.0,1.3340480171797686,21363.9921875,1792425.0,1.1919043858180955,1480.614,85.30754733613772
OASIS2,OAS2_0051_MR3_mpr-1.nifti_0274,0.0,1019.016845703125,1561595.0,10347.0,0.6625917731550114,4973.0,0.318456449975826,11599.0,0.7427662101889414,4755.0,0.3044963642941992,26479.0,1.6956381135953946,1393950.0,8417.0,0.6038236665590587,4442.0,0.3186627927830984,9812.0,0.7038989920728864,876.0,0.06284300010760788,22291.0,1.5991247892679077,1108316.0,4783.0,0.4315556213209951,3206.0,0.2892676817802865,6273.0,0.5659938140385955,49.0,0.0044211217739345094,14013.0,1.2643506003702916,40937.8515625,1757887.75,2.32880919515481,1393.95,80.31428556612943
OASIS2,OAS2_0052_MR2_mpr-1.nifti_0275,0.0,1013.2293701171875,1597609.0,10925.0,0.6838344050390301,5106.0,0.31960260614455727,12819.0,0.8023865664252016,4005.0,0.2506871205657955,28403.0,1.777844266025041,1447526.0,9877.0,0.6823366212420364,4786.0,0.3306330939824224,11602.0,0.8015054651868084,844.0,0.058306379298195675,25852.0,1.785943741252316,1182525.0,6858.0,0.579945455698611,3714.0,0.31407369823048137,7601.0,0.6427771083063782,116.0,0.009809517769180357,17877.0,1.5117650789623898,39610.92578125,1762076.375,2.2479687227660605,1447.526,83.40113815301629
OASIS2,OAS2_0053_MR2_mpr-1.nifti_0276,0.0,1014.9112548828125,1618007.0,9843.0,0.608341002232994,4739.0,0.2928911926833444,12407.0,0.7668075601650672,1712.0,0.10580918376743734,26625.0,1.645542942644871,1477641.0,8257.0,0.55879608105081,4162.0,0.2816651676557432,10580.0,0.7160061205664975,293.0,0.019828902960868033,22690.0,1.5355556593245585,1167651.0,4455.0,0.3815352361279184,2589.0,0.22172721129858153,6014.0,0.5150511582656119,100.0,0.008564202831154171,12868.0,1.1020416203129189,58792.34765625,1755599.5,3.348847368448783,1477.641,85.13625398200872
OASIS2,OAS2_0055_MR2_mpr-1.nifti_0278,0.0,1014.411865234375,1603217.0,10746.0,0.6702773236561239,4867.0,0.30357712025259215,12224.0,0.7624669648587808,3528.0,0.22005754679497533,27417.0,1.7101240817680952,1475223.0,9869.0,0.6689836045126737,4349.0,0.2948028874278668,10557.0,0.7156206214246931,699.0,0.047382666891717384,24411.0,1.6547328776734094,1155905.0,4590.0,0.39709145647782473,2305.0,0.19941085123777474,5856.0,0.5066160281337999,123.0,0.010641012886007068,12539.0,1.0847777282735174,25805.33984375,1794946.125,1.4376665396433557,1475.223,84.99693769197042
OASIS2,OAS2_0056_MR2_mpr-1.nifti_0279,0.0,1018.3449096679688,1607075.0,10584.0,0.6585878070407417,5069.0,0.315417762083288,13185.0,0.8204346405737131,2748.0,0.17099388640853724,28367.0,1.765132305586236,1461875.0,9237.0,0.6318597691321077,4671.0,0.319521162890124,11329.0,0.7749636596836255,631.0,0.04316374519025225,24785.0,1.6954253954681489,1140363.0,3975.0,0.3485732174754881,2526.0,0.2215084144259328,5132.0,0.45003213888910815,76.0,0.0066645445353804,11345.0,0.9948586546564558,33284.06640625,1776164.0,1.8739297951230856,1461.875,84.22787489650666
OASIS2,OAS2_0057_MR3_mpr-1.nifti_0280,0.0,1020.28955078125,1615875.0,10721.0,0.6634795389494855,5013.0,0.31023439313065676,13378.0,0.8279105747659936,1558.0,0.09641834919161445,28671.0,1.7743327918310514,1476504.0,9379.0,0.6352167010722626,4424.0,0.29962668573874507,11620.0,0.7869941429213873,247.0,0.016728705103406426,25044.0,1.696168787893565,1161866.0,4594.0,0.3953984366527637,2432.0,0.20931845841086666,6164.0,0.5305258954130683,70.0,0.006024791154918037,12965.0,1.1158773903358907,63888.29296875,1742449.875,3.6665785274741403,1476.504,85.0707442128716
OASIS2,OAS2_0061_MR3_mpr-1.nifti_0283,0.0,1013.8365478515625,1613471.0,10803.0,0.6695503049016684,5006.0,0.31026278129572826,13623.0,0.8443287793830816,3048.0,0.18890950007778262,28970.0,1.795507945293098,1476342.0,9551.0,0.6469368208721286,4541.0,0.3075845569657979,12428.0,0.84181036643271,624.0,0.04226662927695615,26096.0,1.767612111556807,1183675.0,5957.0,0.5032631423321435,3353.0,0.2832703233573405,7750.0,0.6547405326631044,105.0,0.008870678184467864,16753.0,1.415337824994192,51155.75390625,1768037.125,2.893364238957935,1476.342,85.06141036713703
OASIS2,OAS2_0062_MR3_mpr-1.nifti_0284,0.0,1025.750244140625,1605583.0,10366.0,0.6456221820983407,5004.0,0.3116624926895713,12886.0,0.8025745165463262,2810.0,0.1750143094439839,27823.0,1.7328907941850404,1471709.0,9107.0,0.618804396793116,4527.0,0.307601570690945,10916.0,0.741722718281943,525.0,0.03567281303572921,24153.0,1.641153244289462,1175279.0,5690.0,0.4841403615652113,3618.0,0.3078417975646634,6243.0,0.5311930188491414,84.0,0.007147239081103296,15318.0,1.3033500981469082,68428.421875,1742281.875,3.9275172896463726,1471.709,84.79447390239447
OASIS2,OAS2_0067_MR4_mpr-1.nifti_0288,0.0,1016.3997802734375,1601153.0,10634.0,0.6641463995008596,5075.0,0.3169590913547925,13009.0,0.8124770087555655,3631.0,0.2267740809279313,28276.0,1.7659773925414999,1460386.0,8978.0,0.6147689720388992,4729.0,0.3238184973013984,11251.0,0.7704127538883556,505.0,0.03457989873910049,24546.0,1.680788503861308,1171601.0,5476.0,0.46739461642658203,3637.0,0.31042991598675657,6781.0,0.5787806599687094,48.0,0.004096957923388594,15626.0,1.3337305106431285,51035.8359375,1752879.5,2.911542746520796,1460.386,84.14208417861293
OASIS2,OAS2_0068_MR2_mpr-1.nifti_0289,0.0,1027.7491455078125,1593723.0,10354.0,0.6496737513357089,4965.0,0.31153468952885793,12476.0,0.7828211050477404,2951.0,0.18516392120839067,27340.0,1.715480042642291,1445350.0,8625.0,0.5967412737399246,4399.0,0.30435534645587575,10847.0,0.7504756633341405,486.0,0.033625073511606186,23457.0,1.6229287023904244,1148207.0,4708.0,0.4100305955285067,2927.0,0.25491919140015695,6024.0,0.5246440755020654,60.0,0.005225538600618181,13408.0,1.1677336926181427,61760.2890625,1726240.125,3.577734532297469,1445.35,83.27576501524815
OASIS2,OAS2_0069_MR2_mpr-1.nifti_0290,0.0,1017.2306518554688,1580959.0,10750.0,0.6799670326681464,5049.0,0.31936312073874146,12860.0,0.8134303293127778,3944.0,0.24946883505517853,28214.0,1.7846130102045659,1432709.0,9686.0,0.6760619218557293,4647.0,0.3243505834052833,11274.0,0.7869008989264393,816.0,0.056955041114420304,25212.0,1.7597432556087804,1143541.0,6134.0,0.5364040292390041,3116.0,0.2724869506209222,6465.0,0.5653492091669647,93.0,0.008132633635348448,15458.0,1.3517661369378098,37688.0234375,1760594.5,2.1406418932638944,1432.709,82.54743696629272
OASIS2,OAS2_0070_MR5_mpr-1.nifti_0291,0.0,1011.7659912109375,1590860.0,10100.0,0.6348767333392001,4855.0,0.3051808455803779,12465.0,0.7835384634725872,3395.0,0.21340658511748364,27006.0,1.6975723822335091,1465895.0,8252.0,0.5629325429174669,3999.0,0.2728026222887724,10673.0,0.7280876188267237,433.0,0.02953826842986708,22572.0,1.539810150113071,1203656.0,5483.0,0.4555288221883993,2855.0,0.2371940155659092,6481.0,0.5384428773669553,36.0,0.0029908877619519198,14582.0,1.211475704021747,56923.42578125,1707847.75,3.333050371805683,1465.895,84.45949254992023
OASIS2,OAS2_0073_MR5_mpr-1.nifti_0293,0.0,1017.5929565429688,1583046.0,10663.0,0.673574867691779,4621.0,0.2919056047644857,11881.0,0.7505151461170427,4244.0,0.2680907566804755,26785.0,1.6919912624143583,1447664.0,9705.0,0.6703903668254513,4053.0,0.27996827993236,10589.0,0.7314542601045546,1380.0,0.09532598724565922,24014.0,1.6588103316791742,1165842.0,4808.0,0.41240579769814434,2199.0,0.1886190410021255,6489.0,0.5565934320431071,143.0,0.012265813034699384,13339.0,1.1441516088801056,25913.3984375,1788594.875,1.4488131884812652,1447.664,83.4090892067902
OASIS2,OAS2_0076_MR3_mpr-1.nifti_0295,0.0,1019.239013671875,1611991.0,10889.0,0.6755000493178932,5022.0,0.3115402009068289,13593.0,0.8432429213314466,2255.0,0.13988911848763422,29042.0,1.8016229619147999,1462317.0,9681.0,0.6620315567691547,4582.0,0.3133383527648246,11925.0,0.8154866557661573,437.0,0.029884081221787068,25758.0,1.7614511764549,1151211.0,5068.0,0.44023206866508396,2682.0,0.232972061594269,6709.0,0.5827776141819354,39.0,0.0033877369135631953,14173.0,1.2311383404084915,42962.58984375,1762557.0,2.4375149197302557,1462.317,84.25334131511582
OASIS2,OAS2_0077_MR2_mpr-1.nifti_0296,0.0,1019.3125,1598148.0,9728.0,0.6087045755461947,4925.0,0.30816920585577806,12666.0,0.7925423677907177,2433.0,0.1522387163141336,26878.0,1.6818217086277367,1475318.0,8109.0,0.5496442122986367,4529.0,0.3069846636453971,11639.0,0.7889146611103505,193.0,0.01308192538828917,23861.0,1.6173462263728904,1178306.0,5237.0,0.44445161104161396,3117.0,0.2645323031538497,7522.0,0.6383740726093222,5.0,0.0004243379903013309,15555.0,1.3201154878274404,57815.01171875,1731332.125,3.3393368542012123,1475.318,85.00241124348143
OASIS2,OAS2_0078_MR3_mpr-1.nifti_0297,0.0,1021.9127197265625,1614219.0,9105.0,0.5640498594056941,4629.0,0.2867640636121865,11931.0,0.739119041468351,2805.0,0.1737682433424461,25336.0,1.5695515912029285,1467109.0,6792.0,0.4629512871913402,3990.0,0.2719634328465029,9983.0,0.6804538722071776,430.0,0.029309342386966475,20508.0,1.3978511480742057,1170131.0,3926.0,0.3355179890114868,2780.0,0.2375802367427237,5309.0,0.45370988376515103,82.0,0.007007762378742209,11909.0,1.017749294737085,63679.6328125,1724404.375,3.6928480196241678,1467.109,84.52943877659786
OASIS2,OAS2_0085_MR2_mpr-1.nifti_0301,0.0,1023.3997192382812,1600134.0,10522.0,0.6575699285184866,4783.0,0.2989124660809657,11710.0,0.731813710601737,6355.0,0.39715423833253966,26646.0,1.665235536523816,1464822.0,9122.0,0.6227377797438869,4281.0,0.292253939386492,9895.0,0.6755086966197941,2509.0,0.17128360988570623,22999.0,1.570088379338923,1167386.0,4342.0,0.3719420996996709,2859.0,0.24490614072808825,5549.0,0.4753354931445126,460.0,0.039404275877901566,12622.0,1.0812190655018992,23182.3984375,1792832.25,1.2930600973682842,1464.822,84.39767022601158
OASIS2,OAS2_0086_MR2_mpr-1.nifti_0302,0.0,1014.0914916992188,1621912.0,10928.0,0.6737726831048787,5078.0,0.31308726983954743,12900.0,0.795357577969705,4356.0,0.26857190772372364,28445.0,1.7537942872362988,1486069.0,9948.0,0.6694170997443591,4680.0,0.31492481170120634,11287.0,0.7595205875366486,1062.0,0.07146370727065837,25496.0,1.7156673075072557,1172458.0,5622.0,0.4795054492357082,2830.0,0.24137325174974286,6562.0,0.5596788968133614,215.0,0.018337543860846187,14727.0,1.2560791090171248,19799.345703125,1774246.0,1.1159301304962783,1486.069,85.62184442553348
OASIS2,OAS2_0090_MR3_mpr-1.nifti_0305,0.0,1012.1605224609375,1615134.0,11003.0,0.6812437853453646,5077.0,0.31433924367885263,12882.0,0.797580881833953,3048.0,0.18871499206876952,28494.0,1.7641879868791073,1493090.0,10061.0,0.6738374779819033,4719.0,0.3160559644763544,11391.0,0.7629144927633298,597.0,0.03998419385301623,25719.0,1.7225351452357194,1189777.0,6455.0,0.5425386437962744,3252.0,0.27332853131301077,6843.0,0.5751497969787616,150.0,0.01260740458085843,16228.0,1.3639530769211374,40763.00390625,1728339.125,2.3585072695875007,1493.09,86.0263686903635
OASIS2,OAS2_0091_MR2_mpr-1.nifti_0306,0.0,1017.9854125976562,1612722.0,10852.0,0.6728996069998425,5040.0,0.3125151141982313,12601.0,0.7813497924626812,2753.0,0.17070518043407357,28027.0,1.737869266990839,1466299.0,9672.0,0.659619900170429,4589.0,0.31296481822602346,11169.0,0.7617136750417207,488.0,0.033281070231924045,25009.0,1.7055866504716979,1158491.0,5480.0,0.47302913876758645,3089.0,0.2666399652651596,6288.0,0.5427750409800336,68.0,0.005869704641641584,14604.0,1.2606053909784367,46179.12890625,1731683.75,2.6667183835530013,1466.299,84.48276954792497
OASIS2,OAS2_0094_MR2_mpr-1.nifti_0308,0.0,1014.2274169921875,1595135.0,10682.0,0.6696611885514393,4920.0,0.30843784381886175,12540.0,0.7861403580261233,5026.0,0.315083049397073,27720.0,1.737783949320904,1459778.0,9380.0,0.6425634582792726,4415.0,0.30244324821993485,10885.0,0.7456613265852753,1075.0,0.07364133450428764,24308.0,1.6651847061676501,1146450.0,4944.0,0.43124427580792885,2525.0,0.2202451044528763,5841.0,0.5094858040036634,145.0,0.01264773867155131,13159.0,1.1478040908892668,21729.203125,1774816.25,1.2243071994072625,1459.778,84.10705344894242
OASIS2,OAS2_0095_MR3_mpr-1.nifti_0309,0.0,1016.3191528320312,1602203.0,10296.0,0.6426151991976048,4984.0,0.3110716931624769,12765.0,0.7967155223152121,4876.0,0.3043309742897748,27597.0,1.7224409141663073,1448842.0,8927.0,0.6161472403478088,4631.0,0.31963457713125376,11533.0,0.7960150244125999,733.0,0.050592128058131944,24664.0,1.7023250292302405,1157219.0,6086.0,0.5259160107118876,3658.0,0.3161026564548283,7624.0,0.6588208454925126,93.0,0.008036508214953263,17023.0,1.471026659603757,58530.63671875,1767044.0,3.3123474411927494,1448.842,83.47696124552681
OASIS2,OAS2_0096_MR2_mpr-1.nifti_0310,0.0,1016.4330444335938,1567147.0,10175.0,0.6492690219870886,4569.0,0.29154891021710155,11999.0,0.7656588692700812,4768.0,0.3042471446520333,26378.0,1.6831860699730146,1411822.0,8452.0,0.5986590377540512,3988.0,0.2824718696832887,10763.0,0.7623482280344123,1214.0,0.08598817697981757,22879.0,1.6205300668214548,1103310.0,4635.0,0.4200995187209397,2816.0,0.2552319837579647,7476.0,0.6775974114256192,141.0,0.012779726459471953,14687.0,1.3311761880160609,29733.4453125,1777830.25,1.6724569352163967,1411.822,81.34400464618099
OASIS2,OAS2_0097_MR2_mpr-1.nifti_0311,0.0,1017.296630859375,1568560.0,9914.0,0.6320446779211506,4289.0,0.2734355077268322,11818.0,0.7534298974855919,3992.0,0.25450094354057223,25682.0,1.6372979038098638,1415284.0,8613.0,0.6085704353331205,3489.0,0.24652295934950158,10695.0,0.7556787189002349,538.0,0.038013571834345616,22493.0,1.5892923257805498,1118262.0,5478.0,0.48986731195372823,2597.0,0.2322353795443286,7569.0,0.6768539036469092,80.0,0.007153958553541119,15395.0,1.3766898991470693,42245.59375,1759234.5,2.401362282856549,1415.284,81.54347238650878
OASIS2,OAS2_0100_MR3_mpr-1.nifti_0314,0.0,1015.27783203125,1608306.0,10999.0,0.68388727020853,5161.0,0.32089664529013756,13272.0,0.825216096936777,2846.0,0.17695637521715396,28965.0,1.800963249530873,1471050.0,10057.0,0.6836613303422725,4848.0,0.32956051799734887,12095.0,0.8222018286258116,596.0,0.04051527820264437,26549.0,1.8047653036946398,1167685.0,5804.0,0.4970518590201981,3202.0,0.2742177899005297,6929.0,0.593396335484313,142.0,0.012160813918137168,15601.0,1.336062379837028,42174.82421875,1762096.375,2.3934459441101796,1471.05,84.75650473980753
OASIS2,OAS2_0101_MR3_mpr-1.nifti_0315,0.0,1014.7001953125,1611372.0,10731.0,0.6659542303080853,5017.0,0.31134958283996494,13073.0,0.8112962121719877,3866.0,0.23991977023306846,28360.0,1.7599908649275278,1471042.0,9584.0,0.6515109697751662,4605.0,0.3130434073262354,11591.0,0.7879448717303789,1017.0,0.0691346678069015,25356.0,1.7236761424894733,1164605.0,4748.0,0.40769187836219145,3090.0,0.26532601182375143,6291.0,0.5401831522275793,119.0,0.010218056766027966,13885.0,1.1922497327420025,25683.615234375,1774233.0,1.4475897604415542,1471.042,84.75604380915397
OASIS2,OAS2_0105_MR2_mpr-1.nifti_0319,0.0,1018.5260009765625,1601338.0,9850.0,0.6151106137492521,4958.0,0.3096160835501312,13300.0,0.8305554480066044,2450.0,0.15299705621174292,27644.0,1.726306376292825,1475674.0,7890.0,0.5346709368058257,4431.0,0.30026957173467855,11790.0,0.798956951196538,302.0,0.020465224704101313,23668.0,1.6038772791280458,1188281.0,5080.0,0.42750830822002545,3364.0,0.2830980214275916,7230.0,0.6084419426044849,46.0,0.0038711382240396003,15332.0,1.2902672011081555,57193.8046875,1728210.375,3.3094237550506547,1475.674,85.02292265756482
OASIS2,OAS2_0109_MR2_mpr-1.nifti_0322,0.0,1017.9359130859375,1600462.0,11007.0,0.6877389153881817,5158.0,0.3222819410895104,13325.0,0.8325720948076243,3762.0,0.23505712725450525,29028.0,1.8137262865347632,1445592.0,10101.0,0.6987448740723523,4807.0,0.33252812688504085,11644.0,0.8054831515393001,726.0,0.050221639300715555,26118.0,1.8067338502149983,1160502.0,6267.0,0.5400249202500297,3593.0,0.3096073940415441,7149.0,0.6160265126643469,112.0,0.009650995862135523,16681.0,1.4373951962168097,50525.98046875,1762861.5,2.8661344336324777,1445.592,83.28970816751833
OASIS2,OAS2_0117_MR4_mpr-1.nifti_0328,0.0,1016.7476806640625,1610984.0,10301.0,0.6394228620520129,5001.0,0.31043138851782515,13062.0,0.8108087976044456,2135.0,0.1325276973576398,27914.0,1.732729809855343,1473866.0,8616.0,0.5845850301180704,4561.0,0.30945825468529703,11365.0,0.7711013077172552,420.0,0.028496484755059143,24127.0,1.636987351631695,1170542.0,5096.0,0.43535387880144416,2991.0,0.25552265531693863,6812.0,0.5819526339080529,75.0,0.006407288247666465,14612.0,1.2483106116653653,61773.96875,1745766.0,3.5385022248113436,1473.866,84.91875232986041
OASIS2,OAS2_0119_MR3_mpr-1.nifti_0330,0.0,1019.8775634765625,1604997.0,10177.0,0.6340821820850755,4917.0,0.3063557128144165,12690.0,0.7906556834685672,2973.0,0.18523399109157213,27316.0,1.7019346453607076,1456509.0,8592.0,0.589903666918639,4461.0,0.3062802907500057,11339.0,0.7785053164793352,783.0,0.05375867914307429,23945.0,1.6439994534877571,1138772.0,4885.0,0.428970856325937,2926.0,0.2569434443417998,7277.0,0.6390216830059047,109.0,0.009571714092021932,14758.0,1.2959573997253182,37764.5234375,1766986.125,2.1372280689244234,1456.509,83.91870566063174
OASIS2,OAS2_0121_MR2_mpr-1.nifti_0331,0.0,1017.8056640625,1615159.0,10689.0,0.6617924303427712,5050.0,0.31266271617840724,13116.0,0.8120562743358394,2092.0,0.1295228519297481,28398.0,1.7582169928781006,1471741.0,9451.0,0.6421646199976763,4626.0,0.314321609576685,11877.0,0.8070034061699715,192.0,0.013045773678928561,25538.0,1.735223792773321,1169072.0,4466.0,0.38201239957846905,3081.0,0.26354236522643604,6318.0,0.540428647679527,16.0,0.0013686068950415373,13601.0,1.1634013987162466,37802.671875,1758453.125,2.1497685288028365,1471.741,84.79631762500871
OASIS2,OAS2_0122_MR2_mpr-1.nifti_0332,0.0,1016.9650268554688,1598234.0,10482.0,0.655848893215887,4865.0,0.30439847982210366,12572.0,0.7866182298712203,4882.0,0.3054621538523145,27489.0,1.7199609068509365,1453760.0,9165.0,0.6304341844596082,4315.0,0.2968165309267004,11047.0,0.7598915914593881,1852.0,0.12739379264802994,24160.0,1.661897424609289,1170805.0,5707.0,0.4874424007413703,3131.0,0.2674228415491905,6859.0,0.5858362408770034,309.0,0.02639209774471411,15485.0,1.3225942834203817,27633.333984375,1782509.5,1.5502489038277216,1453.76,83.76031836480242
OASIS2,OAS2_0126_MR3_mpr-1.nifti_0334,0.0,1014.9229736328125,1589201.0,9864.0,0.6206892646052954,4722.0,0.29713044479584394,11887.0,0.7479859375875046,3159.0,0.19877913492377616,26107.0,1.6427752059053575,1448884.0,8156.0,0.562916009839297,4214.0,0.29084453965948964,10108.0,0.6976403908111346,2031.0,0.14017685335748065,22193.0,1.5317306285389307,1145622.0,4585.0,0.40021926953218423,2560.0,0.22345939585657398,5761.0,0.502870929503798,1708.0,0.14908931567305794,12754.0,1.113281693263572,40946.30859375,1782093.25,2.2976524148638124,1448.884,83.479381131458
OASIS2,OAS2_0128_MR2_mpr-1.nifti_0336,0.0,1016.791748046875,1597826.0,10898.0,0.682051737798734,4954.0,0.31004627537666807,12354.0,0.7731755522816627,3410.0,0.2134149776008151,27745.0,1.736421863206632,1455212.0,9868.0,0.6781142541430389,4473.0,0.30737789408003785,10667.0,0.7330203434276243,674.0,0.046316275566721556,24581.0,1.6891696879904783,1143117.0,4767.0,0.41701768060487243,2657.0,0.2324346501714173,5487.0,0.4800033592361937,100.0,0.008748010921016834,12641.0,1.105836060525738,32704.283203125,1768282.25,1.8494945138495282,1455.212,83.84397727842344
OASIS2,OAS2_0129_MR3_mpr-1.nifti_0337,0.0,1016.3724365234375,1604980.0,10117.0,0.63035053396304,5058.0,0.3151441139453451,13271.0,0.8268638861543446,4493.0,0.27994118306770177,28012.0,1.7453176986629115,1449750.0,8430.0,0.5814795654423176,4572.0,0.315364718054837,11881.0,0.8195206070012071,611.0,0.04214519744783583,24496.0,1.6896706328677358,1150946.0,4933.0,0.4286039484041823,3476.0,0.30201243151285984,7109.0,0.6176658157724167,58.0,0.005039332861837133,15233.0,1.3235199566269835,68542.203125,1729593.625,3.9629079417426736,1449.75,83.5292768747058
OASIS2,OAS2_0131_MR2_mpr-1.nifti_0338,0.0,1015.961181640625,1578697.0,10925.0,0.6920263989859992,5115.0,0.3240013758181589,12367.0,0.7833675493144029,5999.0,0.3799969215118544,27976.0,1.7720943284240103,1432800.0,9943.0,0.6939558905639308,4714.0,0.32900614182021215,10817.0,0.7549553322166388,3832.0,0.2674483528754885,25087.0,1.7509073143495253,1111100.0,5324.0,0.4791647916479165,3000.0,0.2700027000270003,5767.0,0.5190351903519035,2720.0,0.24480244802448023,13931.0,1.25380253802538,24516.94921875,1767117.875,1.3873974999404042,1432.8,82.55268005247696
OASIS2,OAS2_0135_MR2_mpr-1.nifti_0341,0.0,1016.7850341796875,1590403.0,10706.0,0.6731627141045382,4933.0,0.31017295616268326,12245.0,0.7699306402213778,5975.0,0.3756909412268463,27460.0,1.7266064010191127,1428935.0,9325.0,0.6525839173930235,4317.0,0.3021131122129418,10031.0,0.7019913432031548,975.0,0.06823263479444482,23330.0,1.6326844817993822,1164136.0,5913.0,0.5079303449081551,3473.0,0.29833284083646583,5196.0,0.44633960293299063,99.0,0.008504161025859523,14389.0,1.2360239697080067,52377.7109375,1753496.625,2.9870437268449264,1428.935,82.32999293047611
OASIS2,OAS2_0138_MR2_mpr-1.nifti_0343,0.0,1020.1072998046875,1559812.0,10129.0,0.649373129582283,4062.0,0.2604159988511436,12202.0,0.7822737611968621,13150.0,0.8430503163201718,25954.0,1.6639184722261402,1411869.0,9196.0,0.6513352159442555,3199.0,0.22657909480270477,11189.0,0.7924956210526614,11565.0,0.8191269869938358,23185.0,1.6421495195375775,1123942.0,8246.0,0.7336677515387805,1901.0,0.1691368415807933,9667.0,0.86009776305183,9591.0,0.8533358482911041,19499.0,1.734875998939447,18049.5859375,1778503.875,1.014874704026158,1411.869,81.34671261377065
OASIS2,OAS2_0141_MR2_mpr-1.nifti_0346,0.0,1016.2286376953125,1636277.0,11067.0,0.6763524757727452,5182.0,0.3166945449945211,13865.0,0.8473504180526892,7786.0,0.4758363039998729,29640.0,1.8114292384480133,1503792.0,10507.0,0.6987003521763648,4815.0,0.32019055826869675,12564.0,0.8354878866226181,2745.0,0.1825385425643972,27427.0,1.8238559588028131,1179508.0,6513.0,0.552179383268278,2966.0,0.25146077856190885,6443.0,0.5462447054195478,651.0,0.05519250399319038,15640.0,1.3259765936305645,15526.220703125,1778690.375,0.8729018226752927,1503.792,86.6429786721625
OASIS2,OAS2_0142_MR2_mpr-1.nifti_0347,0.0,1012.413818359375,1617049.0,11000.0,0.6802514951618659,5080.0,0.3141525086747526,13973.0,0.8641049219906138,2039.0,0.12609389078500405,29577.0,1.829072588400228,1478730.0,9926.0,0.6712516821867414,4613.0,0.31195688191894394,12268.0,0.8296308318624765,446.0,0.03016101654798374,26362.0,1.7827460050178194,1136640.0,4677.0,0.41147592905405406,2207.0,0.19416877815315314,6207.0,0.5460831925675677,128.0,0.01126126126126126,12821.0,1.1279736768018018,37905.76171875,1791048.625,2.116400481240424,1478.73,85.19899816722449
OASIS2,OAS2_0143_MR3_mpr-1.nifti_0348,0.0,1020.3038940429688,1597034.0,10776.0,0.6747508193313355,4898.0,0.30669353313705283,12759.0,0.7989184951604037,2736.0,0.17131757996385802,27983.0,1.7521856140821048,1459545.0,9535.0,0.653285784268385,4459.0,0.30550616801811525,11236.0,0.7698289535437414,596.0,0.04083464367319953,24838.0,1.701763220729748,1143766.0,4745.0,0.4148575845059217,2766.0,0.2418326825591948,5974.0,0.5223096332641466,65.0,0.00568298060967016,13277.0,1.1608143623783187,49550.5625,1746224.0,2.837583408543234,1459.545,84.09362884365751
OASIS2,OAS2_0147_MR4_mpr-1.nifti_0352,0.0,1019.88671875,1612208.0,10994.0,0.6819219356311345,5018.0,0.3112501612695136,13237.0,0.8210479044887509,4086.0,0.25344124331351786,28797.0,1.786183916715461,1467302.0,10155.0,0.6920865643200922,4587.0,0.31261458104739176,11628.0,0.792474896101825,1311.0,0.08934765985461753,25964.0,1.7695062093556746,1143041.0,5482.0,0.47959784469673444,3091.0,0.27041899634396316,6276.0,0.5490616697038864,386.0,0.03376956732085726,14628.0,1.2797441211645075,26745.048828125,1784894.0,1.4984110444723888,1467.302,84.54055872861498
OASIS2,OAS2_0149_MR2_mpr-1.nifti_0353,0.0,1027.5711669921875,1598909.0,10439.0,0.652882684380412,5046.0,0.31559019306289476,12967.0,0.8109904941431939,2896.0,0.18112350358900975,28008.0,1.7516944366439868,1455706.0,8889.0,0.610631542358141,4559.0,0.3131813704140809,11330.0,0.7783165007219864,663.0,0.04554491085425216,24376.0,1.6745139471843904,1162688.0,4690.0,0.4033756261353003,3144.0,0.2704078824241757,6590.0,0.5667900588980018,54.0,0.004644410194308361,14189.0,1.2203617823526174,42027.203125,1762969.625,2.3838869671393232,1455.706,83.87243974628072
OASIS2,OAS2_0152_MR3_mpr-1.nifti_0355,0.0,1027.2874755859375,1617303.0,10805.0,0.668087550693964,4959.0,0.3066215792588031,12159.0,0.7518071752788439,3997.0,0.24713983712390317,27465.0,1.6981975548181139,1478845.0,9607.0,0.649628595288891,4466.0,0.3019924332840832,10113.0,0.6838444867447231,901.0,0.060925925299811674,23767.0,1.6071325933414253,1181056.0,4791.0,0.405653923268668,3062.0,0.25925951013330445,5592.0,0.47347458545572774,132.0,0.01117643871247426,13174.0,1.1154424515010297,25004.75,1798127.125,1.3905996774282574,1478.845,85.2056240453694
OASIS2,OAS2_0154_MR2_mpr-1.nifti_0356,0.0,980.0533447265625,1694338.0,11208.0,0.6614972927479641,5276.0,0.3113900532243271,13485.0,0.7958860628752941,8634.0,0.5095795526040259,29497.0,1.7409159211444234,1589674.0,10768.0,0.6773715868788192,5057.0,0.3181155381543637,12498.0,0.7861989313532208,1948.0,0.12254084799776559,27884.0,1.754070331401281,1410857.0,9639.0,0.6832017702715442,4518.0,0.3202308951226099,10050.0,0.7123330004387405,248.0,0.01757796856804056,23823.0,1.6885481661146382,33384.12890625,1719104.625,1.9419486412148999,1589.674,91.59118447078535
OASIS2,OAS2_0156_MR2_mpr-1.nifti_0357,0.0,1020.2530517578125,1605859.0,10503.0,0.6540424782001408,4917.0,0.306191265858335,12259.0,0.7633920537232721,3425.0,0.21328148984437614,27263.0,1.6977206591612342,1465839.0,9188.0,0.6268082647548605,4339.0,0.29600795176005007,11002.0,0.7505599182447731,647.0,0.044138544546843135,24147.0,1.6473159739916865,1167430.0,5136.0,0.4399407244974003,2858.0,0.24481125206650506,6935.0,0.5940398996085419,150.0,0.012848736112657718,14675.0,1.25703468302168,33769.52734375,1756967.5,1.9220348323887606,1465.839,84.45626603534532
OASIS2,OAS2_0158_MR2_mpr-1.nifti_0359,0.0,1015.0808715820312,1594584.0,10778.0,0.6759129653878378,5076.0,0.31832753871856234,13126.0,0.8231614013435479,6634.0,0.41603327262784523,28519.0,1.7884915438760203,1436446.0,9728.0,0.6772269893890894,4664.0,0.3246902424455914,11609.0,0.8081751767904954,1640.0,0.11417066844141721,25582.0,1.780923195163619,1150423.0,6244.0,0.5427568815992031,3721.0,0.32344624542450906,7202.0,0.6260305991796061,154.0,0.013386380487872721,16854.0,1.46502634248446,26293.474609375,1769561.875,1.4858748360734773,1436.446,82.76274919783663
OASIS2,OAS2_0161_MR3_mpr-1.nifti_0362,0.0,1014.66259765625,1593590.0,10736.0,0.6736990066453731,4992.0,0.31325497775462946,12860.0,0.8069829755457802,2648.0,0.16616570134099737,28128.0,1.7650713169635852,1455460.0,9594.0,0.659173044947989,4511.0,0.30993637750264524,11459.0,0.7873112280653538,414.0,0.028444615448037048,25140.0,1.7272889670619598,1172431.0,6313.0,0.538453862103612,3461.0,0.2951986087027723,6983.0,0.5956000822223226,80.0,0.006823429267905745,16425.0,1.400935321566898,50335.109375,1767368.75,2.848025313053657,1455.46,83.85826612868377
OASIS2,OAS2_0169_MR2_mpr-1.nifti_0365,0.0,1019.0621337890625,1602482.0,10710.0,0.6683382403047272,5092.0,0.31775707933068825,13216.0,0.8247206520884478,3037.0,0.18951850941227422,28579.0,1.783420968223044,1460060.0,9072.0,0.6213443283152746,4542.0,0.31108310617371887,11641.0,0.7972960015341835,516.0,0.035341013383011655,24876.0,1.7037655986740272,1142502.0,4885.0,0.427570367491698,2677.0,0.23431031192943205,6316.0,0.5528217893710471,64.0,0.005601740740935246,13645.0,1.1943086314072098,36593.97265625,1777095.375,2.0592013895849566,1460.06,84.12330125448038
OASIS2,OAS2_0171_MR3_mpr-1.nifti_0366,0.0,1015.6031494140625,1586212.0,10629.0,0.6700869745027778,4904.0,0.30916422268902266,13031.0,0.8215169220759898,3568.0,0.2249384067199088,28122.0,1.7729029915295056,1442128.0,9244.0,0.6409971930369565,4377.0,0.3035098132759367,11635.0,0.8067938490896785,966.0,0.06698434535630679,24872.0,1.7246735379938534,1148714.0,5812.0,0.5059570963703759,3337.0,0.2904987664466525,7209.0,0.6275713537050998,182.0,0.01584380446307784,16088.0,1.4005226714395402,34055.52734375,1761909.875,1.932875672414856,1442.128,83.09012519452715
OASIS2,OAS2_0174_MR3_mpr-1.nifti_0368,0.0,1020.2136840820312,1631307.0,11139.0,0.6828267150205326,5204.0,0.3190080101415613,13611.0,0.8343616498917739,4807.0,0.294671695762968,29494.0,1.8079981266554979,1501549.0,10615.0,0.7069366367664326,4936.0,0.32872720104372216,12360.0,0.8231499604741503,1249.0,0.08318076865956422,27464.0,1.8290445400050215,1195902.0,6823.0,0.570531699085711,3661.0,0.3061287630591804,7555.0,0.6317407279191773,144.0,0.012041120426255663,17732.0,1.4827301902664265,18841.294921875,1790712.75,1.0521673519035926,1501.549,86.5137452401708
OASIS2,OAS2_0177_MR2_mpr-1.nifti_0371,0.0,1021.1591796875,1608702.0,11023.0,0.6852108097086969,5113.0,0.317833880979821,12395.0,0.7704969596606457,4282.0,0.2661773280570298,28115.0,1.7476822929293305,1476694.0,10397.0,0.7040727462832517,4840.0,0.32775917014628625,10937.0,0.740640918159077,1155.0,0.07821525651218193,25791.0,1.7465365200915017,1173162.0,5881.0,0.5012947913416902,3285.0,0.28001247909495874,6005.0,0.5118645165799779,217.0,0.018497019167003366,14933.0,1.2728847337366878,24349.3515625,1793500.125,1.3576442634761456,1476.694,85.08169131589364
OASIS2,OAS2_0178_MR3_mpr-1.nifti_0372,0.0,1020.8709716796875,1584072.0,10730.0,0.6773682004353337,4852.0,0.30629920862183035,11923.0,0.7526804337176592,2769.0,0.17480266048512946,27119.0,1.7119802635233752,1436080.0,9311.0,0.6483622082335246,4271.0,0.29740682970308063,10095.0,0.7029552671160382,537.0,0.03739345997437469,23358.0,1.626511057879784,1128091.0,4434.0,0.3930533972879848,2551.0,0.22613423917042155,5147.0,0.4562575182321284,6.0,0.0005318719855047155,11990.0,1.0628575177002564,46314.703125,1755275.75,2.6385998396548236,1436.08,82.74166162043628
OASIS2,OAS2_0183_MR4_mpr-1.nifti_0376,0.0,1019.43603515625,1624255.0,10798.0,0.6647970915896827,5006.0,0.3082028376086267,13403.0,0.8251783125186624,2245.0,0.13821721343015722,28749.0,1.7699806988434696,1485285.0,9617.0,0.6474851627802072,4414.0,0.29718202230548346,12238.0,0.8239496123639571,631.0,0.04248342910619848,25845.0,1.7400700875589532,1171915.0,5393.0,0.4601869589518011,2903.0,0.24771421135491908,7151.0,0.6101978385804431,93.0,0.007935729127112462,15180.0,1.2953157865544855,53946.75,1754450.875,3.0748509843571425,1485.285,85.57667322148467
OASIS2,OAS2_0186_MR3_mpr-1.nifti_0379,0.0,1017.036376953125,1639937.0,10896.0,0.6644157671910568,5115.0,0.3119022255123215,13338.0,0.8133239264679071,3131.0,0.1909219683439059,28898.0,1.7621408627282633,1498855.0,10156.0,0.677583889035297,4821.0,0.3216455227490318,11817.0,0.7884018133842166,673.0,0.04490094105166944,26370.0,1.7593429651300494,1158866.0,5749.0,0.496088417470182,3032.0,0.2616350811914406,6346.0,0.5476042959237737,124.0,0.010700115457697439,14826.0,1.2793541272243727,25149.30078125,1775116.125,1.416769327203875,1498.855,86.3585268425847
OASIS2,OAS2_0002_MR3_mpr-1.nifti_0234,0.5,1020.7886962890625,1586791.0,9766.0,0.6154559737230675,4749.0,0.2992832704496055,12199.0,0.7687842948441225,4444.0,0.2800620875717092,26307.0,1.657874288422357,1436288.0,8024.0,0.5586623295606452,4050.0,0.2819768737189199,10678.0,0.7434442117458336,744.0,0.05180019606095713,22385.0,1.5585314365921041,1165327.0,4288.0,0.3679653865395721,2904.0,0.24920043901840425,6850.0,0.5878178399710983,98.0,0.00840965668863761,13825.0,1.1863622828613771,49029.98046875,1764057.0,2.7793875406945467,1436.288,82.75364581742882
OASIS2,OAS2_0009_MR2_mpr-1.nifti_0239,0.5,1023.435791015625,1602390.0,10872.0,0.6784865107745305,4919.0,0.30697895019314897,12634.0,0.7884472569099907,3789.0,0.23645928893715012,27975.0,1.7458296669350157,1471678.0,9853.0,0.6695078678895792,4471.0,0.30380286992127353,10833.0,0.7360985215515894,960.0,0.06523166073013255,24738.0,1.6809383574396028,1173920.0,5408.0,0.46067875153332427,3145.0,0.26790581981736405,6002.0,0.5112784516832493,153.0,0.013033256099223118,14242.0,1.2132002180727817,23801.8125,1794989.5,1.3260140240374665,1471.678,84.79268779611193
OASIS2,OAS2_0010_MR2_mpr-1.nifti_0240,0.5,1025.3857421875,1620861.0,10988.0,0.6779113076321782,5072.0,0.31292010851023006,12861.0,0.7934671757787991,3564.0,0.21988313618502758,28458.0,1.7557335268107506,1483404.0,10002.0,0.6742600127814136,4693.0,0.31636695060819575,11318.0,0.7629748874885062,1084.0,0.07307517035143495,25582.0,1.7245470552863549,1177495.0,5731.0,0.4867111962258863,3026.0,0.2569862292408885,6151.0,0.522380137495276,172.0,0.014607280710321488,14625.0,1.2420434906305333,31735.2578125,1759960.875,1.8031797333278785,1483.404,85.46829690156653
OASIS2,OAS2_0016_MR2_mpr-1.nifti_0244,0.5,1022.536865234375,1584306.0,10312.0,0.6508843619856266,4982.0,0.31445945417110077,12216.0,0.7710631658278135,7294.0,0.4603908588366136,27091.0,1.7099600708449,1411725.0,8168.0,0.5785829393118348,4333.0,0.30692946572455687,10507.0,0.7442667658361225,1477.0,0.10462377587702988,22674.0,1.606120172129841,1154340.0,5132.0,0.44458305178716845,3445.0,0.29843893480257117,6696.0,0.5800717292998596,72.0,0.006237330422579136,15036.0,1.3025625032486097,39474.64453125,1740779.0,2.2676425055248255,1411.725,81.33841586200658
OASIS2,OAS2_0018_MR4_mpr-1.nifti_0246,0.5,1021.8628540039062,1587342.0,10486.0,0.6606011810939293,4673.0,0.294391504792288,11092.0,0.6987782091067961,4812.0,0.30314828184474424,25885.0,1.6307134820347475,1437357.0,8932.0,0.6214183393548018,3934.0,0.2736967920982748,9457.0,0.6579437119657816,515.0,0.035829651227913456,22024.0,1.5322567740651767,1168966.0,5627.0,0.48136558291686843,3047.0,0.26065770946289285,5302.0,0.4535632345166583,13.0,0.001112093936008404,13830.0,1.1830968565381712,62157.75390625,1737154.375,3.5781364512437186,1437.357,82.8152376760107
OASIS2,OAS2_0020_MR3_mpr-1.nifti_0247,0.5,1023.562744140625,1580916.0,10165.0,0.6429816637949138,4919.0,0.3111487264345481,11853.0,0.7497552052101439,3479.0,0.22006229299975458,26517.0,1.6773187190211245,1400753.0,8429.0,0.6017477742328591,4192.0,0.29926760820787107,10128.0,0.7230396793724518,392.0,0.027984948095774204,22396.0,1.5988543304922425,1126070.0,4969.0,0.44126919285657196,3024.0,0.2685445842620796,5944.0,0.5278535082188497,79.0,0.007015549654994804,13755.0,1.2215048798032095,46649.9375,1766333.875,2.6410600034492346,1400.753,80.70624947064995
OASIS2,OAS2_0021_MR2_mpr-1.nifti_0248,0.5,1016.19140625,1548065.0,8431.0,0.5446153746774198,4607.0,0.29759732310981774,11906.0,0.7690891532332299,6922.0,0.44713884752901206,24528.0,1.5844295943645776,1391388.0,5474.0,0.393420095616751,3862.0,0.277564561430744,10458.0,0.7516235586335371,943.0,0.06777405008523862,19433.0,1.3966629006430988,1115201.0,3115.0,0.27932184422359735,2937.0,0.2633605959822489,6874.0,0.6163911259046575,60.0,0.00538019603640958,12681.0,1.1371044322951647,27452.80859375,1761569.125,1.5584292551534131,1391.388,80.16667252432705
OASIS2,OAS2_0023_MR2_mpr-1.nifti_0250,0.5,1027.0147705078125,1598960.0,9171.0,0.5735603142042327,4350.0,0.2720518336918997,10884.0,0.6806924500925602,6328.0,0.3957572422074348,24055.0,1.5044153699904939,1435452.0,6828.0,0.4756689878867423,3592.0,0.25023476925734894,8606.0,0.5995324120904078,2187.0,0.15235619163859188,18747.0,1.3059997826468597,1149857.0,3886.0,0.3379550674562141,2781.0,0.24185616124439824,4983.0,0.43335823498052367,169.0,0.014697479773571843,11471.0,0.9976023105481812,40818.77734375,1754689.0,2.326268492237086,1435.452,82.70547856413188
OASIS2,OAS2_0026_MR2_mpr-1.nifti_0251,0.5,1024.6846923828125,1593574.0,10211.0,0.6407609561902993,5066.0,0.31790177299579436,13912.0,0.8730062111957149,3495.0,0.21931833727206895,28724.0,1.8024892474400311,1440453.0,8405.0,0.58349699712521,4546.0,0.31559516346593747,12193.0,0.8464698258117412,476.0,0.033045160098941095,24720.0,1.716126801776941,1162192.0,5223.0,0.4494093919077054,3478.0,0.29926208406184174,7378.0,0.6348348637746604,77.0,0.006625411291765905,15757.0,1.3558000743422773,37352.8671875,1783075.5,2.094856173364504,1440.453,82.99361783893815
OASIS2,OAS2_0031_MR3_mpr-1.nifti_0256,0.5,1016.6795654296875,1597022.0,9316.0,0.5833357336342267,4654.0,0.2914174006369355,12672.0,0.7934768588034479,2121.0,0.13280969203930815,26220.0,1.6418058110658464,1449395.0,7145.0,0.4929643057965565,3955.0,0.27287247437724016,11247.0,0.7759789429382604,319.0,0.022009183141931635,21966.0,1.5155288930898756,1144054.0,3903.0,0.3411552251904193,2889.0,0.2525230452408715,6998.0,0.6116844134979643,20.0,0.0017481692297741192,13560.0,1.1852587377868529,61080.4296875,1740393.75,3.5095753295769994,1449.395,83.5088230769541
OASIS2,OAS2_0032_MR2_mpr-1.nifti_0257,0.5,1024.21630859375,1616324.0,9875.0,0.610954239372799,4977.0,0.3079209366438907,13137.0,0.812770211912958,3237.0,0.20026925294681017,27540.0,1.7038663040331021,1460103.0,7734.0,0.5296886589507727,4427.0,0.30319778810125037,11741.0,0.804121353082625,657.0,0.044996825566415516,23500.0,1.6094754959067956,1175406.0,5180.0,0.4406987883335631,3540.0,0.301172531023323,7529.0,0.6405446288346325,14.0,0.001191077806306927,15969.0,1.35859439206538,52336.09765625,1738487.625,3.0104383202756475,1460.103,84.12577875674327
OASIS2,OAS2_0037_MR4_mpr-1.nifti_0261,0.5,1015.6119384765625,1619943.0,9629.0,0.5944036302511878,4894.0,0.3021093952071153,13405.0,0.8274982514816879,2137.0,0.1319182218139774,27471.0,1.6958004077921258,1485859.0,7533.0,0.5069794644040923,4271.0,0.28744315577723056,11926.0,0.8026333588853317,308.0,0.020728750170776637,23315.0,1.5691260072456403,1203996.0,4620.0,0.3837222050571597,3213.0,0.26686135169884284,7800.0,0.647842683862737,41.0,0.003405326927996438,15341.0,1.2741736683510576,54854.5546875,1731235.875,3.168519985036701,1485.859,85.60974499587756
OASIS2,OAS2_0039_MR2_mpr-1.nifti_0262,0.5,1019.3604736328125,1635401.0,9181.0,0.5613913651758804,4899.0,0.2995595575641693,12270.0,0.750274703268495,2587.0,0.15818750263696793,25908.0,1.584198615507756,1499644.0,7313.0,0.4876490687123077,4494.0,0.29967112194627527,10942.0,0.7296398345207263,601.0,0.04007617807959756,22335.0,1.4893534732243119,1207438.0,3615.0,0.299394254611831,3337.0,0.2763702981022628,7146.0,0.5918316302783249,96.0,0.00795071879467103,13782.0,1.14142506695996,35400.78125,1741180.75,2.033147980185285,1499.644,86.40398612829198
OASIS2,OAS2_0040_MR3_mpr-1.nifti_0263,0.5,1019.6546020507812,1561423.0,10182.0,0.6520974777494631,4635.0,0.29684460905212745,11283.0,0.7226100806764086,4787.0,0.3065793189929955,25684.0,1.6449098034293077,1391541.0,8459.0,0.6078872271819515,4097.0,0.2944217956926889,9691.0,0.6964221679418716,1352.0,0.09715847395082143,21885.0,1.5727168656906265,1104807.0,6341.0,0.5739463996879093,3073.0,0.27814812903973274,7529.0,0.6814764931793517,253.0,0.02289992731762199,16663.0,1.5082272288282026,26500.705078125,1794454.25,1.4768114081551535,1391.541,80.17548782307638
OASIS2,OAS2_0041_MR3_mpr-1.nifti_0264,0.5,1021.087890625,1584824.0,10595.0,0.6685284927537695,4845.0,0.30571218002756145,12009.0,0.7577497564398318,4563.0,0.2879184060816848,27063.0,1.7076344124016294,1436443.0,9714.0,0.6762537740794449,4521.0,0.3147357744094266,10490.0,0.7302761056303662,1650.0,0.11486707095234548,24376.0,1.6969695282026507,1136275.0,6581.0,0.5791731755076895,3406.0,0.2997513806076874,6583.0,0.5793491892367605,351.0,0.030890409451937252,16314.0,1.4357439880310665,24980.3125,1781421.875,1.4022682021910167,1436.443,82.76257634884153
OASIS2,OAS2_0043_MR2_mpr-1.nifti_0266,0.5,1012.4483642578125,1613831.0,10520.0,0.6518650341950303,4751.0,0.2943926594544286,12941.0,0.8018807421594951,2443.0,0.15137892381544288,27750.0,1.7195109029384117,1469081.0,8949.0,0.6091563365124183,4222.0,0.2873905523248888,11392.0,0.7754507750083215,476.0,0.032401208646766246,24129.0,1.642455385373577,1155028.0,4634.0,0.4012023950934523,2664.0,0.23064375928548916,6405.0,0.5545320113451795,89.0,0.007705440907060261,13393.0,1.1595389895309898,33971.94921875,1784338.375,1.903896127255011,1469.081,84.64305818270023
OASIS2,OAS2_0054_MR2_mpr-1.nifti_0277,0.5,1017.730712890625,1595580.0,9373.0,0.5874352899885935,4343.0,0.272189423281816,11944.0,0.7485679188758946,2653.0,0.1662718259191015,25282.0,1.5845021872923952,1439287.0,7288.0,0.506361830545263,3558.0,0.2472057345060436,9892.0,0.6872847458498549,428.0,0.029736946140693277,20451.0,1.4209118820638273,1133366.0,3840.0,0.3388137636032844,2499.0,0.22049364459494988,5259.0,0.46401603718481055,55.0,0.0048528013016095415,11475.0,1.0124708170176273,52081.3125,1757740.125,2.9629699953512754,1439.287,82.92643719618188
OASIS2,OAS2_0058_MR3_mpr-1.nifti_0281,0.5,1019.8281860351562,1607664.0,10574.0,0.6577244996466923,4903.0,0.30497666179002575,12889.0,0.801722250420486,2883.0,0.17932851640641329,27904.0,1.7356860637546152,1454992.0,8999.0,0.6184913731484434,4225.0,0.29037960346173725,10892.0,0.7485951812793472,451.0,0.030996734002661182,23690.0,1.6281876463925575,1156183.0,4955.0,0.4285653741665463,2841.0,0.245722346721929,5699.0,0.4929150489152669,75.0,0.006486862373862961,13229.0,1.1441960312511081,41087.09765625,1759532.625,2.3351142838996806,1454.992,83.83130168545055
OASIS2,OAS2_0060_MR2_mpr-1.nifti_0282,0.5,1009.7625122070312,1616358.0,10988.0,0.6797998958151598,5183.0,0.32065916090371066,14383.0,0.8898399983172045,4046.0,0.25031583349728215,30079.0,1.860912000930487,1486360.0,10237.0,0.6887295137113485,4860.0,0.3269732769988428,12719.0,0.8557146317177534,861.0,0.05792674722139993,27367.0,1.8412093974541834,1197971.0,6263.0,0.5228006354077019,3576.0,0.29850472173366466,8035.0,0.6707174046784105,130.0,0.010851681718505706,17518.0,1.462305848806023,25799.05859375,1788674.0,1.4423566616247567,1486.36,85.6386107780567
OASIS2,OAS2_0063_MR2_mpr-1.nifti_0285,0.5,1014.9210205078125,1579238.0,10205.0,0.6461977232057486,4566.0,0.2891267813971042,12805.0,0.8108340858059393,7621.0,0.48257450745232827,27186.0,1.7214631360187633,1425539.0,8654.0,0.6070686245693734,3797.0,0.26635539259185476,11393.0,0.7992064755857259,5292.0,0.3712280056876732,23532.0,1.6507440343617397,1139286.0,5620.0,0.4932914123407116,2988.0,0.26226952670356696,7879.0,0.6915734942762397,4154.0,0.36461432862336585,16285.0,1.4294040302435034,16643.47265625,1794957.5,0.9272349153810049,1425.539,82.13432786804016
OASIS2,OAS2_0064_MR3_mpr-1.nifti_0286,0.5,1019.2476806640625,1605153.0,9606.0,0.5984476246189615,4675.0,0.29124949459646526,12797.0,0.7972448732301531,2912.0,0.18141572797110306,26628.0,1.6589072817357597,1453276.0,7748.0,0.5331402981952499,4088.0,0.2812955006481907,10378.0,0.7141107401484645,882.0,0.06069046760560279,21836.0,1.502536338589504,1157887.0,4847.0,0.4186073425126977,3219.0,0.27800640304278396,6367.0,0.5498809469317818,62.0,0.005354581232883692,14182.0,1.2248172749154278,41910.0625,1758461.75,2.383336600867207,1453.276,83.73243206026207
OASIS2,OAS2_0066_MR2_mpr-1.nifti_0287,0.5,1017.6243896484375,1599658.0,10662.0,0.6665174681088083,5099.0,0.31875563401677104,12885.0,0.8054846723487146,2591.0,0.1619721215409794,28183.0,1.7618140877612591,1467530.0,9448.0,0.6438028524118757,4664.0,0.3178129237562435,11750.0,0.8006650630651502,507.0,0.03454784569991755,25426.0,1.7325710547654902,1179242.0,6151.0,0.521606252151806,3404.0,0.2886600036294501,7774.0,0.6592370353159063,65.0,0.005512015345450722,17056.0,1.4463528266462693,61136.66015625,1727929.75,3.538145005967401,1467.53,84.55369525224143
OASIS2,OAS2_0075_MR2_mpr-1.nifti_0294,0.5,1016.5867919921875,1617695.0,9954.0,0.6153199459725103,4830.0,0.2985729695647202,12488.0,0.7719625763818272,2469.0,0.15262456767190355,26848.0,1.6596453596011609,1479812.0,8095.0,0.5470289469202845,4316.0,0.29165867015539815,10968.0,0.7411752303671006,511.0,0.0345314134498166,22996.0,1.5539811813933122,1171356.0,4448.0,0.3797308418619105,3119.0,0.2662725934728639,6237.0,0.532459815803223,111.0,0.009476196818046775,13522.0,1.1543885889516083,41723.83984375,1762345.375,2.367517765565674,1479.812,85.2613390381184
OASIS2,OAS2_0080_MR3_mpr-1.nifti_0299,0.5,1018.7366333007812,1600133.0,10743.0,0.6713816913969026,5014.0,0.31334895286829284,13038.0,0.8148072691457522,3480.0,0.2174819218152491,28351.0,1.7717902199379676,1459823.0,9377.0,0.6423381464739218,4567.0,0.31284614641638064,11825.0,0.8100297090811694,757.0,0.05185560167225752,25361.0,1.7372654082035972,1172211.0,6050.0,0.5161186851172698,3053.0,0.2604479910186818,7804.0,0.6657504493644916,163.0,0.0139053463924157,16670.0,1.422098922463618,46981.06640625,1767308.125,2.6583404298132787,1459.823,84.10964618386869
OASIS2,OAS2_0081_MR2_mpr-1.nifti_0300,0.5,1024.7711181640625,1593410.0,9467.0,0.5941345918501829,4699.0,0.2949021281402778,12242.0,0.7682893919330241,2034.0,0.12765076157423388,26049.0,1.634795815264119,1455356.0,7673.0,0.5272249538944423,4154.0,0.2854284449990243,10618.0,0.7295809410206163,401.0,0.02755339587015136,22140.0,1.521277268242272,1140449.0,4642.0,0.4070326687120599,2929.0,0.2568286701115087,6393.0,0.5605686882973285,188.0,0.01648473539807567,13767.0,1.20715612885802,54523.62890625,1765957.0,3.087483381885856,1455.356,83.8522740301875
OASIS2,OAS2_0092_MR2_mpr-1.nifti_0307,0.5,1022.0322875976562,1584319.0,10752.0,0.6786512059755643,4769.0,0.3010126117278149,12054.0,0.7608316254491677,3154.0,0.19907606990763857,27202.0,1.7169522047011998,1440995.0,9472.0,0.6573235854392278,4250.0,0.2949350969295521,10438.0,0.72436059805898,574.0,0.03983358720883834,23843.0,1.654620592021485,1131739.0,5342.0,0.4720169579735257,2894.0,0.25571266873369214,6593.0,0.5825548116659407,76.0,0.006715329241105943,14659.0,1.2952633071759478,39814.51171875,1787786.75,2.2270280120797405,1440.995,83.0248458907168
OASIS2,OAS2_0098_MR2_mpr-1.nifti_0312,0.5,1019.6436767578125,1593993.0,10426.0,0.6540806640932552,4709.0,0.2954216235579453,12227.0,0.7670673585141214,5596.0,0.3510680410767174,26952.0,1.6908480777519097,1455710.0,9463.0,0.6500607950759423,4140.0,0.28439730440815825,10759.0,0.7390895164558875,1673.0,0.11492673678136442,23993.0,1.648199160547087,1147204.0,5530.0,0.4820415549457638,2352.0,0.2050202056478185,6314.0,0.5503816234950366,247.0,0.021530608331212234,14026.0,1.2226247467756388,17375.248046875,1764456.125,0.9847367582957043,1455.71,83.8726702116075
OASIS2,OAS2_0099_MR2_mpr-1.nifti_0313,0.5,1016.4800415039062,1565797.0,9549.0,0.6098491694644963,3127.0,0.19970660309094984,12708.0,0.8115994602109979,7339.0,0.46870699075295197,25002.0,1.596758711378295,1419512.0,8312.0,0.5855533450932433,2117.0,0.14913575933137585,11257.0,0.793019009349692,5141.0,0.3621667164490332,21366.0,1.5051651553491623,1124517.0,7055.0,0.6273804664580438,1279.0,0.11373772028346392,9264.0,0.8238203602079827,3872.0,0.344325608238915,17370.0,1.5446631753899673,24706.310546875,1786747.875,1.3827530393383005,1419.512,81.7870742369149
OASIS2,OAS2_0102_MR3_mpr-1.nifti_0316,0.5,1017.1149291992188,1600539.0,10231.0,0.6392221620341647,4548.0,0.28415427552843137,12147.0,0.7589318348381389,2765.0,0.17275430339404413,26535.0,1.6578790020111973,1442725.0,8327.0,0.5771716716629989,3902.0,0.2704604134537074,10369.0,0.7187093867507668,523.0,0.03625084475558405,22304.0,1.5459633679322116,1159891.0,4394.0,0.37882870028304383,2684.0,0.23140105406456293,6013.0,0.5184107817027634,58.0,0.005000469871737948,12929.0,1.1146737064086194,43616.578125,1746552.75,2.4972952076597745,1442.725,83.124522144549
OASIS2,OAS2_0103_MR3_mpr-1.nifti_0317,0.5,1021.2492065429688,1612544.0,10734.0,0.665656254961105,5118.0,0.31738668836323225,12661.0,0.7851568701381172,1658.0,0.10281889982536911,28051.0,1.7395494324495953,1467824.0,9514.0,0.648170352848843,4712.0,0.3210194137716783,11665.0,0.7947138076499635,198.0,0.013489355672069676,25442.0,1.7333140758020036,1160562.0,5712.0,0.492175342635723,3493.0,0.30097487251865906,7484.0,0.6448599902461049,15.0,0.0012924772653249029,16337.0,1.4076800722408627,45095.80078125,1764018.625,2.5564242997292617,1467.824,84.57063445375972
OASIS2,OAS2_0108_MR2_mpr-1.nifti_0321,0.5,1019.248779296875,1590380.0,10396.0,0.6536802525182661,5033.0,0.3164652472993876,13375.0,0.8409939762823979,3264.0,0.20523396924005582,28356.0,1.782970107772985,1457688.0,8649.0,0.5933368457447684,4413.0,0.3027396809193737,12137.0,0.8326198747605799,786.0,0.05392100367156758,24812.0,1.7021475103039883,1181400.0,6373.0,0.5394447265955645,3480.0,0.29456576942610463,8434.0,0.7138987641780937,103.0,0.008718469612324361,17978.0,1.52175385136279,35833.55859375,1758645.25,2.0375660522638093,1457.688,83.98663531570004
OASIS2,OAS2_0111_MR2_mpr-1.nifti_0323,0.5,1011.565673828125,1598941.0,9223.0,0.5768192822624475,4336.0,0.2711794869229071,10039.0,0.6278530602442491,3973.0,0.2484769606883556,23199.0,1.4508978129899728,1446698.0,6602.0,0.4563495629357336,3466.0,0.23958006439491866,7758.0,0.5362556663519269,678.0,0.046865344391158345,17502.0,1.2097894653894592,1168102.0,3282.0,0.28096861404226686,2117.0,0.18123417304310752,4364.0,0.37359751117625,173.0,0.01481035046596958,9624.0,0.8239006525115101,49227.515625,1749261.875,2.8141878771010203,1446.698,83.35343183037291
OASIS2,OAS2_0112_MR2_mpr-1.nifti_0324,0.5,1020.8627319335938,1608398.0,8665.0,0.5387348156364282,4600.0,0.28599886346538606,11371.0,0.7069767557532401,3298.0,0.20504875037148765,24257.0,1.5081466154521457,1456237.0,6194.0,0.4253428528460683,3874.0,0.2660281259163172,9321.0,0.6400743834966424,556.0,0.038180598350405874,19091.0,1.310981660265465,1166261.0,3098.0,0.2656352223044413,2809.0,0.24085517735738396,5630.0,0.4827392839167219,41.0,0.00351550810667595,11391.0,0.9767110449547743,54714.9296875,1751603.5,3.1237052042599824,1456.237,83.90303401841072
OASIS2,OAS2_0113_MR2_mpr-1.nifti_0325,0.5,1009.086669921875,1598878.0,10562.0,0.660588237501548,4950.0,0.3095921014611496,12180.0,0.7617842011710712,3830.0,0.23954297951438447,27232.0,1.7031943650484902,1453778.0,9332.0,0.6419136897105335,4439.0,0.3053423562607221,10551.0,0.7257641813261723,782.0,0.05379088141380596,23891.0,1.6433733348558033,1187467.0,5708.0,0.4806870422504373,3706.0,0.3120928834232867,6932.0,0.5837635909039999,81.0,0.006821242190309288,15988.0,1.3463953103538877,31551.2265625,1788514.875,1.7641019934206585,1453.778,83.76135545877293
OASIS2,OAS2_0116_MR2_mpr-1.nifti_0327,0.5,1006.5343017578125,1612341.0,10617.0,0.6584835341903481,4675.0,0.2899510711443795,11498.0,0.7131245809664333,3265.0,0.20250058765484474,26467.0,1.6415262032039128,1477532.0,9425.0,0.6378880457411413,4170.0,0.2822273899989983,9655.0,0.6534545444701029,850.0,0.05752836486790134,22979.0,1.5552285838817703,1197834.0,5071.0,0.42334747552665897,2745.0,0.22916364037086942,5982.0,0.49940141956231,142.0,0.011854731123010368,13640.0,1.1387220599849395,29994.23046875,1772567.25,1.6921349792934512,1477.532,85.12997380185398
OASIS2,OAS2_0118_MR2_mpr-1.nifti_0329,0.5,1016.1400756835938,1632934.0,10990.0,0.6730216897927289,5118.0,0.31342356763959844,12629.0,0.7733931683705526,8216.0,0.5031434215957289,28283.0,1.7320357099552093,1509691.0,10166.0,0.6733828313211114,4833.0,0.32013173556707963,10721.0,0.7101453211286284,3248.0,0.21514336377444127,25297.0,1.6756409092986577,1203758.0,4758.0,0.3952621706356261,2455.0,0.20394464668147586,5370.0,0.4461029542482791,563.0,0.04677019799660729,12392.0,1.0294427949803864,15213.412109375,1768315.25,0.8603337051679557,1509.691,86.98285741283081
OASIS2,OAS2_0124_MR2_mpr-1.nifti_0333,0.5,1017.8373413085938,1624262.0,9925.0,0.6110467399963798,5005.0,0.30813994294023994,12724.0,0.783371155638684,1138.0,0.07006258842477384,27216.0,1.6755917456666474,1501658.0,8253.0,0.5495925170711308,4523.0,0.30120040648403296,10940.0,0.7285280669766352,104.0,0.006925678150417738,23320.0,1.5529501391129006,1187615.0,4224.0,0.3556708192469782,2733.0,0.2301250826235775,5234.0,0.44071521494760507,15.0,0.0012630355797122806,11933.0,1.0047869048471096,64998.828125,1723096.0,3.772211654196864,1501.658,86.52002542032554
OASIS2,OAS2_0127_MR5_mpr-1.nifti_0335,0.5,1020.603515625,1593891.0,9498.0,0.595900221533342,4915.0,0.30836487564080606,12427.0,0.7796643559691346,3997.0,0.2507699710958905,26380.0,1.6550692613233904,1439900.0,7573.0,0.5259393013403709,4298.0,0.298492950899368,10648.0,0.7394957983193278,510.0,0.03541912632821724,22086.0,1.533856517813737,1162448.0,4700.0,0.4043191609431131,3408.0,0.2931744043604531,6605.0,0.5681974591551622,22.0,0.0018925577746273382,14400.0,1.238765088846985,50561.68359375,1753239.625,2.883900344982792,1439.9,82.96175600751087
OASIS2,OAS2_0133_MR3_mpr-1.nifti_0339,0.5,1016.8875732421875,1602999.0,10320.0,0.6437932899521459,5019.0,0.31310063200288957,12538.0,0.7821589408352718,2399.0,0.1496569866855812,27424.0,1.7107933317488035,1451038.0,8612.0,0.5935061659308716,4448.0,0.30653918091738463,10884.0,0.7500837331620537,496.0,0.034182426649060876,23542.0,1.622424774540708,1145883.0,4351.0,0.37970717778342117,2923.0,0.2550871249508021,5847.0,0.510261518846165,59.0,0.005148867729078798,12874.0,1.1235003922739057,52961.99609375,1748782.375,3.0285069686701296,1451.038,83.60348670992886
OASIS2,OAS2_0134_MR2_mpr-1.nifti_0340,0.5,1022.286376953125,1630404.0,10735.0,0.6584257644117655,5134.0,0.31489127848067106,13884.0,0.8515680776053051,3520.0,0.21589740947642427,29300.0,1.7971005959259176,1485128.0,9495.0,0.639338831400391,4788.0,0.3223964533696759,12342.0,0.8310394794253424,900.0,0.06060083709956313,26184.0,1.7630803540166236,1167205.0,5818.0,0.49845571257833887,3373.0,0.2889809416512095,7491.0,0.6417895742393153,152.0,0.013022562446185547,16325.0,1.3986403416709148,33906.1171875,1767944.75,1.9178267413334043,1485.128,85.56762745740856
OASIS2,OAS2_0137_MR2_mpr-1.nifti_0342,0.5,1013.406494140625,1585781.0,10324.0,0.6510356726433221,4528.0,0.2855375363937391,11679.0,0.7364825281675086,6500.0,0.4098926648761715,26189.0,1.651489076991085,1441687.0,9047.0,0.6275287215602278,3847.0,0.2668401671097818,9935.0,0.6891232285509962,1700.0,0.11791741203187654,22556.0,1.5645559681123573,1170009.0,5599.0,0.4785433274444898,2702.0,0.23093839449098258,6354.0,0.5430727455942647,268.0,0.02290580670746977,14496.0,1.2389648284756785,23830.732421875,1808045.5,1.3180383138518914,1441.687,83.06471639224968
OASIS2,OAS2_0139_MR2_mpr-1.nifti_0344,0.5,1014.5136108398438,1617233.0,10373.0,0.641404176145305,4997.0,0.3089845433527513,12902.0,0.7977823850984984,1556.0,0.09621371812224955,27811.0,1.7196656264125205,1469099.0,8765.0,0.5966241893841054,4551.0,0.30978170974182134,11287.0,0.768294036004381,381.0,0.025934263109565796,24180.0,1.6459067768748055,1135878.0,4696.0,0.4134246811717456,2800.0,0.2465053465248909,6767.0,0.5957505999764059,144.0,0.012677417821280103,14038.0,1.2358721623272921,41789.86328125,1757982.875,2.3771484850926092,1469.099,84.64409527667074
OASIS2,OAS2_0140_MR3_mpr-1.nifti_0345,0.5,1011.8248901367188,1597273.0,9962.0,0.6236879982319867,4772.0,0.2987591977075929,12231.0,0.765742612565291,4271.0,0.26739323835061385,26539.0,1.6615193520456428,1443489.0,8152.0,0.564742786401559,4127.0,0.2859044994454409,10195.0,0.7062748659671116,757.0,0.052442380925659976,22106.0,1.5314283655781236,1170053.0,5165.0,0.44143299491561494,3257.0,0.2783634587493045,6405.0,0.547411100180932,68.0,0.005811702546807709,14563.0,1.2446444733700097,46154.4609375,1754561.25,2.63054144946493,1443.489,83.16854102196393
OASIS2,OAS2_0144_MR2_mpr-1.nifti_0349,0.5,1018.5242919921875,1607426.0,10588.0,0.658692841847774,4896.0,0.30458633865571416,12999.0,0.8086841944823588,3289.0,0.20461284065331778,28090.0,1.7475143490275755,1466882.0,9313.0,0.6348840602038883,4387.0,0.29906972749000943,11615.0,0.7918155652601913,460.0,0.03135903228753233,24963.0,1.7017728760731945,1182411.0,5814.0,0.4917071982584736,3114.0,0.2633602021632072,6855.0,0.5797476511974262,51.0,0.004313221037355031,15581.0,1.3177313133927204,51627.6953125,1755863.25,2.9403027435365483,1466.882,84.51635986930312
OASIS2,OAS2_0145_MR2_mpr-1.nifti_0350,0.5,1017.2669677734375,1612604.0,10689.0,0.662840970256802,4806.0,0.29802729002284506,11467.0,0.7110859206600009,3994.0,0.24767394847092034,26594.0,1.6491339473299087,1475195.0,9767.0,0.6620819620456957,4364.0,0.2958252976725111,9600.0,0.6507614247607942,864.0,0.058568528228471486,23424.0,1.5878578764163382,1158079.0,4479.0,0.38676117950502514,2585.0,0.22321447845958697,5335.0,0.46067668958680713,88.0,0.007598790756071045,12252.0,1.0579589129929825,22288.302734375,1787493.625,1.2469025020648676,1475.195,84.99532443468296
OASIS2,OAS2_0159_MR2_mpr-1.nifti_0360,0.5,1019.988037109375,1631061.0,10764.0,0.6599385308090868,4983.0,0.3055066610016425,12993.0,0.796598042623789,8388.0,0.514266480530158,28278.0,1.733718113546949,1492612.0,9701.0,0.649934477278757,4522.0,0.30295883993964945,11510.0,0.7711314125841142,3807.0,0.2550562369859012,25319.0,1.6962881177425881,1172399.0,3760.0,0.320709928957633,2307.0,0.19677601226203706,6143.0,0.5239683759539201,716.0,0.06107135881214501,12022.0,1.0254188207257087,18109.291015625,1782359.125,1.0160293041743202,1492.612,85.99882808381332
OASIS2,OAS2_0162_MR2_mpr-1.nifti_0363,0.5,1018.7536010742188,1617082.0,8054.0,0.49805761241544955,4001.0,0.24742097184929399,12158.0,0.7518480819154503,2235.0,0.1382119150420325,23852.0,1.4750025045112123,1472046.0,5126.0,0.3482228136892461,2869.0,0.19489880071682542,9930.0,0.6745713109508806,220.0,0.014945185136877516,17696.0,1.2021363462826569,1165495.0,2578.0,0.2211935701139859,1632.0,0.1400263407393425,5601.0,0.4805683422065303,24.0,0.0020592108932256255,9694.0,0.8317495999553839,69577.0078125,1700434.375,4.091719670892916,1472.046,84.81389060617566
OASIS2,OAS2_0172_MR2_mpr-1.nifti_0367,0.5,1021.14599609375,1578104.0,9511.0,0.602685247613592,4937.0,0.31284376695072064,12883.0,0.81635937808915,4675.0,0.29624156582836114,26881.0,1.7033731617181123,1430824.0,7350.0,0.5136900135865767,4472.0,0.3125471756134926,11679.0,0.8162429481194053,323.0,0.02257440467870262,23075.0,1.6127070834707835,1159831.0,4648.0,0.40074804001617476,3530.0,0.3043546861568625,7526.0,0.6488876396647443,2.0,0.0001724389156696105,15378.0,1.325882822583635,62595.4453125,1745913.0,3.5852556978784165,1430.824,82.43883018104779
OASIS2,OAS2_0175_MR3_mpr-1.nifti_0369,0.5,1008.19873046875,1603232.0,10399.0,0.6486272729087245,5038.0,0.3142402347258538,12724.0,0.7936468333965391,2918.0,0.1820073451627712,27718.0,1.7288826570327938,1468207.0,8934.0,0.6084973031731902,4661.0,0.31746204724538163,11691.0,0.7962773641591412,604.0,0.041138613288180755,24878.0,1.6944477175221204,1196024.0,6068.0,0.5073476786419001,3474.0,0.2904623987478512,7756.0,0.6484819702614664,18.0,0.0015049865220095918,16999.0,1.4212925493133917,57154.32421875,1737416.25,3.2896160732207953,1468.207,84.59270150879887
OASIS2,OAS2_0176_MR3_mpr-1.nifti_0370,0.5,1015.469482421875,1584681.0,10577.0,0.6674529447882571,4663.0,0.29425480585682545,12575.0,0.7935351026484195,5089.0,0.32113718786304624,27390.0,1.7284235754703943,1417858.0,8940.0,0.6305285860784366,3752.0,0.264624525164015,10779.0,0.7602312784496049,2302.0,0.16235758446896656,23126.0,1.6310519106990968,1111666.0,5306.0,0.47730163556319977,2324.0,0.2090555976345413,6261.0,0.5632087335584609,1365.0,0.12278867933354083,13686.0,1.231125176087062,28579.9609375,1764306.875,1.6198973853400644,1417.858,81.69177682429151
OASIS2,OAS2_0179_MR2_mpr-1.nifti_0373,0.5,1015.108642578125,1587402.0,8639.0,0.5442225724800649,4452.0,0.2804582582105856,11695.0,0.7367383939292,3824.0,0.24089676087090728,24406.0,1.5374807389684528,1437874.0,5946.0,0.41352719362058155,3828.0,0.26622638701304846,9826.0,0.6833700310319263,972.0,0.06759980359892452,19276.0,1.3405903437992481,1159504.0,3317.0,0.28607059570299026,3245.0,0.27986104403262085,6132.0,0.5288468172597939,97.0,0.008365646000358775,12462.0,1.0747699016131036,40769.90234375,1772275.5,2.300426899979715,1437.874,82.84502531949697
OASIS2,OAS2_0182_MR2_mpr-1.nifti_0375,0.5,1014.6617431640625,1630172.0,10422.0,0.6393190411809306,4977.0,0.30530520705790554,12507.0,0.7672196553492515,2704.0,0.16587206748735717,27472.0,1.6852209460106051,1496908.0,8886.0,0.5936236562300422,4434.0,0.2962105887602979,11168.0,0.7460712348387476,426.0,0.0284586627902316,24076.0,1.6083820782573144,1207434.0,5201.0,0.430748181681152,3414.0,0.28274837382415935,6649.0,0.550671920784076,74.0,0.006128699374044461,14964.0,1.2393223977459638,73906.9296875,1712998.25,4.314477827837828,1496.908,86.24634784477469
OASIS2,OAS2_0185_MR3_mpr-1.nifti_0378,0.5,1025.368408203125,1583932.0,10370.0,0.6546998229721983,4932.0,0.31137700355823356,12368.0,0.7808416017859352,5732.0,0.3618842223024726,27226.0,1.7188869219133145,1414743.0,8710.0,0.615659522612941,4181.0,0.29553070769744044,10942.0,0.7734266930460161,1528.0,0.10800548226780411,23455.0,1.657898289654022,1148843.0,6140.0,0.5344507474041275,3227.0,0.28089129672200636,7576.0,0.6594460687839853,619.0,0.05388029521875486,16664.0,1.4505028102186286,46681.60546875,1741510.875,2.6805233397551995,1414.743,81.51230195106184
OASIS2,OAS2_0007_MR4_mpr-1.nifti_0237,1.0,1006.2884521484375,1600637.0,9536.0,0.5957628119305002,4499.0,0.28107559677803273,11070.0,0.691599656886602,4159.0,0.25983405356742345,24733.0,1.5451973183176446,1453283.0,7615.0,0.5239860371311025,3877.0,0.2667752942819809,9344.0,0.6429580474002655,624.0,0.042937266864058826,20517.0,1.4117690773235496,1170789.0,4039.0,0.3449810341573076,2890.0,0.2468420868320423,5907.0,0.5045315594868076,26.0,0.0022207246566204497,12660.0,1.081322082800573,48419.984375,1747236.25,2.7712328184010606,1453.283,83.73283537458394
OASIS2,OAS2_0014_MR2_mpr-1.nifti_0243,1.0,1016.7793579101562,1574344.0,8321.0,0.5285376004227793,3751.0,0.2382579664927106,10600.0,0.6732963062710564,3847.0,0.24435574436082586,22396.0,1.422560761815715,1422606.0,5993.0,0.4212691356566751,3045.0,0.21404380411723273,8913.0,0.6265262483076832,572.0,0.040207900149444045,17737.0,1.2467963722914146,1133084.0,3383.0,0.2985656844505791,2101.0,0.1854231460333038,5360.0,0.4730452464248017,86.0,0.0075899050732337586,10723.0,0.946355256980065,56149.5,1760559.25,3.1892990820956464,1422.606,81.96533916717897
OASIS2,OAS2_0028_MR2_mpr-1.nifti_0253,1.0,1020.957763671875,1574835.0,10493.0,0.6662920242438096,4883.0,0.31006422895096947,11864.0,0.7533487635212578,4534.0,0.287903177158242,26846.0,1.7046865227150783,1431401.0,9106.0,0.6361599579712464,4537.0,0.3169621929843559,10825.0,0.7562520914824008,1218.0,0.08509145934647244,24095.0,1.6833158562834591,1159211.0,5341.0,0.4607444201271382,2912.0,0.25120534570496655,6347.0,0.5475275855732908,124.0,0.010696930929744455,14363.0,1.2390324108380615,29560.314453125,1741629.625,1.6972790327406724,1431.401,82.47207480443576
OASIS2,OAS2_0044_MR3_mpr-1.nifti_0267,1.0,1024.51953125,1531401.0,9272.0,0.6054586617091147,4743.0,0.30971639694632563,12055.0,0.7871876797781902,6628.0,0.4328062995910281,25690.0,1.6775488588553882,1367171.0,6534.0,0.4779211963975245,3925.0,0.2870891790419779,10032.0,0.7337779985093306,2843.0,0.2079476524882403,20191.0,1.476845251983841,1067331.0,4021.0,0.37673411528382483,3064.0,0.2870712084629792,6448.0,0.6041237441805776,2338.0,0.21905107225406178,13337.0,1.2495655049839272,20604.388671875,1783262.75,1.1554320120170178,1367.171,78.77137781967124
OASIS2,OAS2_0046_MR2_mpr-1.nifti_0269,1.0,1017.950439453125,1605051.0,9809.0,0.6111332287883687,4959.0,0.3089621451280987,14296.0,0.8906882086612824,1941.0,0.1209307367803266,28608.0,1.7823732703820625,1456331.0,8062.0,0.5535829423393446,4301.0,0.2953312124784819,12373.0,0.849600811903338,285.0,0.019569726937076804,24344.0,1.671598008969115,1143404.0,4486.0,0.3923372666179233,3178.0,0.2779420047507268,6545.0,0.5724136000923559,61.0,0.005334947227751521,13962.0,1.221090708096176,56826.2890625,1773219.625,3.2046954737769724,1456.331,83.90844995359005
OASIS2,OAS2_0048_MR5_mpr-1.nifti_0271,1.0,1018.5333251953125,1574924.0,9857.0,0.6258714706233444,5008.0,0.3179835979386942,11714.0,0.7437819221752923,6574.0,0.4174169674219201,26135.0,1.6594451541788684,1411089.0,7883.0,0.5586465488711201,4634.0,0.3283988465646036,10392.0,0.7364524845704276,971.0,0.06881210185891888,22488.0,1.5936627668417795,1154349.0,5317.0,0.4606059346003678,3815.0,0.33048930609373767,7781.0,0.6740595781691672,60.0,0.005197734827162323,16583.0,1.43656727731388,51465.8984375,1738557.625,2.9602641694145744,1411.089,81.30177187504862
OASIS2,OAS2_0050_MR2_mpr-1.nifti_0273,1.0,1017.2574462890625,1577479.0,10471.0,0.6637806271905996,4262.0,0.2701779231292461,10088.0,0.6395013816348744,5742.0,0.36399850647774074,24483.0,1.5520333392710775,1431950.0,9090.0,0.6347987010719648,3594.0,0.25098641712350295,8151.0,0.5692237857467091,1186.0,0.08282412095394392,20593.0,1.4381088725164985,1173747.0,6366.0,0.5423656034903603,2805.0,0.23897824658976763,4936.0,0.42053355620930233,180.0,0.015335502454958351,13949.0,1.1884162430234113,42315.54296875,1755587.125,2.4103356857752076,1431.95,82.50370617053628
OASIS2,OAS2_0071_MR2_mpr-1.nifti_0292,1.0,1020.2017822265625,1595687.0,10615.0,0.6652307125394893,4744.0,0.2973014131217463,11808.0,0.7399947483435034,5296.0,0.3318946635524385,26808.0,1.6800287274384011,1447681.0,9498.0,0.656083764309955,4161.0,0.28742519933604155,10041.0,0.693592027525401,666.0,0.046004610131651934,23404.0,1.6166544977795523,1166743.0,6010.0,0.5151091542867624,2982.0,0.2555832775512688,5805.0,0.4975388753135866,71.0,0.006085316132173066,14626.0,1.2535751232276517,45942.359375,1764084.0,2.604318126291038,1447.681,83.41006868442902
OASIS2,OAS2_0079_MR3_mpr-1.nifti_0298,1.0,1023.2659912109375,1596439.0,10127.0,0.6343493237135901,4700.0,0.2944052356525993,12107.0,0.7583753591587276,3922.0,0.245671773240318,26536.0,1.6621994326122076,1449818.0,8533.0,0.5885566326256123,4183.0,0.28851897272623184,9851.0,0.6794645948663901,778.0,0.053661907908440915,22254.0,1.5349512835404169,1145025.0,4379.0,0.3824370646929106,3199.0,0.27938254623261505,5191.0,0.4533525468876225,111.0,0.009694111482282046,12602.0,1.100587323420886,36103.59765625,1771815.875,2.0376608069532054,1449.818,83.53319478526106
OASIS2,OAS2_0088_MR2_mpr-1.nifti_0303,1.0,1024.26611328125,1591086.0,8694.0,0.5464192381807143,4043.0,0.25410317229866897,11528.0,0.7245365743900707,2596.0,0.16315899957638996,23935.0,1.504318434075845,1439648.0,6037.0,0.4193386161061593,3148.0,0.21866456244859855,9341.0,0.6488391606837227,290.0,0.020143812932050056,18284.0,1.2700326746538042,1152420.0,2921.0,0.25346661807327187,2165.0,0.1878655351347599,4954.0,0.42987799586956144,7.0,0.0006074174346158518,9917.0,0.8605369570122003,59816.7265625,1745646.5,3.426623120001673,1439.648,82.94723669192375
OASIS2,OAS2_0089_MR3_mpr-1.nifti_0304,1.0,1022.8076171875,1601658.0,9310.0,0.5812726562100023,4727.0,0.2951316698071623,12153.0,0.7587762181439484,4436.0,0.2769629970942611,25783.0,1.6097693764836187,1430166.0,6145.0,0.42967040189740213,3838.0,0.268360456058947,9640.0,0.6740476280375844,673.0,0.047057474447022234,19306.0,1.349913226856183,1151694.0,3006.0,0.2610068299392026,2773.0,0.24077576161723513,5394.0,0.46835357308451725,82.0,0.007119946791422028,10998.0,0.9549411562446274,43907.34375,1761814.25,2.4921664556862337,1430.166,82.40091863479255
OASIS2,OAS2_0104_MR2_mpr-1.nifti_0318,1.0,1022.9935302734375,1585145.0,8496.0,0.5359762040696593,4692.0,0.29599815789722705,12106.0,0.763715622230143,5812.0,0.3666541546672386,24904.0,1.571086556750329,1430132.0,5321.0,0.3720635577694926,3913.0,0.2736111072264658,10452.0,0.730841628604912,885.0,0.0618823996666042,19353.0,1.353231729658521,1160297.0,2449.0,0.21106664931478752,3100.0,0.2671729738161867,6205.0,0.5347768717836898,120.0,0.010342179631594325,11534.0,0.9940558322567412,55848.39453125,1777938.125,3.1411888718708925,1430.132,82.39895967951492
OASIS2,OAS2_0106_MR2_mpr-1.nifti_0320,1.0,1014.4663696289062,1599139.0,9066.0,0.5669300792488958,4747.0,0.29684724092152087,11904.0,0.7444005805624152,3003.0,0.18778855371546813,25319.0,1.583289507666313,1448521.0,6502.0,0.4488716421784703,4031.0,0.2782838495265171,10102.0,0.6974010041966944,706.0,0.048739369329129506,20302.0,1.401567529914996,1163940.0,3410.0,0.2929704280289362,3034.0,0.26066635737237315,6431.0,0.552519889341375,57.0,0.004897159647404505,12624.0,1.084591989277798,35330.51171875,1747855.125,2.0213638540980337,1448.521,83.45846640305274
OASIS2,OAS2_0114_MR2_mpr-1.nifti_0326,1.0,1021.3558349609375,1575861.0,9509.0,0.6034161642429122,3519.0,0.22330649721009654,11228.0,0.7124993892227804,13883.0,0.8809787157623674,23945.0,1.5194868075293444,1418389.0,7618.0,0.5370882035887193,2384.0,0.1680780096292343,8960.0,0.6317025865259812,12112.0,0.8539265321431568,18731.0,1.320582717435062,1150402.0,5536.0,0.4812230854953312,1816.0,0.1578578618604627,6143.0,0.5339872496744617,11146.0,0.9688787050092055,13306.0,1.156639157442355,16992.119140625,1767303.125,0.9614716853185555,1418.389,81.72237109642151
OASIS2,OAS2_0146_MR2_mpr-1.nifti_0351,1.0,1016.6080322265625,1578606.0,6380.0,0.40415404477114625,4194.0,0.2656774394624118,8815.0,0.5584040602911683,1961.0,0.1242235237925106,19027.0,1.2053039200408462,1434613.0,3552.0,0.2475929048461153,3210.0,0.22375372312951297,7078.0,0.4933734742400912,218.0,0.015195735714091534,13541.0,0.9438782445161168,1136552.0,1547.0,0.13611343783654423,2354.0,0.20711766817532326,4052.0,0.3565169037580331,6.0,0.000527912493225123,7768.0,0.6834707078954593,60566.26953125,1738943.5,3.482934870008715,1434.613,82.65713846183984
OASIS2,OAS2_0150_MR2_mpr-1.nifti_0354,1.0,1015.1323852539062,1640058.0,9500.0,0.5792478070897493,4891.0,0.29822116047115405,13486.0,0.8222879922539326,1531.0,0.09335035712151644,27464.0,1.674574923569776,1502414.0,7326.0,0.48761526450099635,4246.0,0.282611849996073,11268.0,0.7499930112472327,280.0,0.018636674045902128,22485.0,1.4965914854361047,1179923.0,3964.0,0.3359541258200747,2808.0,0.23798163100473504,5977.0,0.5065584788159905,67.0,0.005678336637221242,12518.0,1.0609166869363509,66658.6171875,1726232.5,3.86150864309993,1502.414,86.5635833670869
OASIS2,OAS2_0157_MR2_mpr-1.nifti_0358,1.0,1019.8777465820312,1626478.0,9471.0,0.5823011439441541,4952.0,0.30446154205590237,12861.0,0.7907269572659452,4079.0,0.25078728393498095,26824.0,1.6492076744966733,1479413.0,7168.0,0.4845164940418936,4300.0,0.290655820923569,10247.0,0.6926395806985609,629.0,0.04251686310719184,21336.0,1.442193626796574,1186641.0,4109.0,0.3462715345247636,3377.0,0.2845848070309386,5734.0,0.48321269870162925,45.0,0.0037922168541285866,12952.0,1.0914842821038546,47572.7265625,1730492.75,2.7490855747589813,1479.413,85.23835012177213
OASIS2,OAS2_0160_MR2_mpr-1.nifti_0361,1.0,1016.3259887695312,1590477.0,9330.0,0.5866164678898217,4738.0,0.29789805196805735,12444.0,0.7824067873977429,3583.0,0.2252783284511502,26066.0,1.6388794053607818,1434609.0,7013.0,0.4888439986086801,4086.0,0.2848162809518133,10468.0,0.729676169604401,773.0,0.05388227733131467,21175.0,1.4760119307769575,1159961.0,3882.0,0.33466642412977676,3010.0,0.25949148290330454,6237.0,0.5376904913182425,116.0,0.010000336218200439,12851.0,1.1078820753456367,50353.0859375,1731439.25,2.908163594968752,1434.609,82.65690799651307
OASIS2,OAS2_0165_MR2_mpr-1.nifti_0364,1.0,1017.9627685546875,1587127.0,10335.0,0.6511766229167546,4936.0,0.31100220713276255,12742.0,0.8028343037450689,4638.0,0.29222614195335345,27554.0,1.7360929528638855,1432166.0,8535.0,0.5959504694288232,4368.0,0.3049925776760515,11154.0,0.7788203322799172,906.0,0.06326082311687332,23645.0,1.6509957644574722,1154007.0,5076.0,0.43985868369949227,3241.0,0.2808475165228634,6979.0,0.6047623627932932,94.0,0.008145531179620228,15015.0,1.3011186240638055,42264.7421875,1738635.25,2.4309148332003505,1432.166,82.51615129818238
OASIS2,OAS2_0181_MR3_mpr-1.nifti_0374,1.0,1021.2576904296875,1610304.0,10636.0,0.6604964031636262,4674.0,0.2902557529509956,12856.0,0.7983585708040222,4140.0,0.25709431262668414,27761.0,1.7239601963355988,1476619.0,9277.0,0.6282595578141688,4146.0,0.28077655779859256,11073.0,0.7498887661610747,1142.0,0.07733883960588345,24133.0,1.6343416954542778,1186923.0,4782.0,0.4028904992151976,3041.0,0.2562087009856579,5895.0,0.4966623782671664,92.0,0.007751134656586822,13461.0,1.1341089523077739,26423.736328125,1767168.25,1.495258661880384,1476.619,85.07737009101652
OASIS2,OAS2_0184_MR2_mpr-1.nifti_0377,1.0,1016.5428466796875,1609565.0,10110.0,0.6281200200054052,4656.0,0.2892707035751896,12646.0,0.7856781180008263,3368.0,0.2092490828267265,27007.0,1.6779067636286824,1467226.0,8421.0,0.573940210983175,4078.0,0.2779394585428557,10406.0,0.709229525649082,892.0,0.06079499681712293,22572.0,1.538413305107734,1154176.0,4101.0,0.3553184263058667,2861.0,0.24788247199733834,5761.0,0.4991439780414772,144.0,0.012476433403571033,12510.0,1.0838901519352335,32526.337890625,1755629.875,1.852687650956327,1467.226,84.53617988740616
